Wall time,Step,Value
1629837703.1369166,0,3.383141040802002
1629837746.0342336,1,3.079535961151123
1629837788.875007,2,2.7608189582824707
1629837831.7598507,3,2.414541006088257
1629837874.5726545,4,2.1191067695617676
1629837917.400799,5,1.906641960144043
1629837960.3258493,6,1.7683604955673218
1629838003.189299,7,1.6811197996139526
1629838046.0766456,8,1.6183775663375854
