Wall time,Step,Value
1629837284.7656987,0,3.393385887145996
1629837326.740933,1,3.278787851333618
1629837368.7235765,2,3.2242608070373535
1629837410.7046552,3,3.110565423965454
1629837452.6724806,4,3.144770622253418
1629837494.659004,5,3.2195003032684326
1629837536.649738,6,3.1333506107330322
1629837578.6549098,7,3.3622477054595947
1629837620.708008,8,3.2762088775634766
1629837662.6791286,9,3.3117570877075195
