Wall time,Step,Value
1629837705.4637022,0,3.2912213802337646
1629837748.389496,1,3.184438943862915
1629837791.2044482,2,3.1661148071289062
1629837834.0914795,3,3.170375347137451
1629837876.9006264,4,3.1866917610168457
1629837919.723,5,3.2519216537475586
1629837962.6531174,6,3.4051167964935303
1629838005.5362544,7,3.5656087398529053
1629838048.4052618,8,3.572938919067383
