Wall time,Step,Value
1629839615.2583473,0,3.3687920570373535
1629839657.4912608,1,3.220202684402466
1629839699.7160954,2,3.144355535507202
1629839741.910891,3,3.105266571044922
1629839784.1576338,4,3.1889100074768066
1629839826.55101,5,3.2076804637908936
1629839869.102089,6,3.239535331726074
1629839911.5782123,7,3.1411385536193848
1629839954.140244,8,3.259828805923462
1629839996.6038516,9,3.591761827468872
