,mean_fit_time,std_fit_time,mean_score_time,std_score_time,param_C,params,split0_test_score,split1_test_score,split2_test_score,split3_test_score,split4_test_score,mean_test_score,std_test_score,rank_test_score
0,5.59033694267273,0.05007767328514338,0.3358876705169678,0.0016971495063378204,1,{'C': 1},0.4190924657534247,0.4115631691648822,0.4132762312633833,0.4115631691648822,0.4132762312633833,0.41375425332199117,0.0027768767242069034,2
1,20.015411806106567,0.30463154933586145,0.33668150901794436,0.0012770663916539025,10,{'C': 10},0.4190924657534247,0.41113490364025695,0.41284796573875804,0.4115631691648822,0.41413276231263385,0.41375425332199117,0.0028678556707535377,2
2,124.33676981925964,1.2391967040813627,0.3374965190887451,0.0022545449012016236,100,{'C': 100},0.4195205479452055,0.4115631691648822,0.41284796573875804,0.4115631691648822,0.41413276231263385,0.4139255228652724,0.0029553278398857597,1
3,976.4938814640045,10.629664144385266,0.33536133766174314,0.0009388447473868814,1000,{'C': 1000},0.4190924657534247,0.4115631691648822,0.4115631691648822,0.41113490364025695,0.41241970021413277,0.4131546815875158,0.0029980928924623193,4
