,mean_fit_time,std_fit_time,mean_score_time,std_score_time,param_C,params,split0_test_score,split1_test_score,split2_test_score,split3_test_score,split4_test_score,mean_test_score,std_test_score,rank_test_score
0,1.0226157188415528,0.016646598426498866,0.17477025985717773,0.00332726387113691,1,{'C': 1},0.8154965753424658,0.7974304068522484,0.8214132762312634,0.7910064239828694,0.7965738758029979,0.8043841116423689,0.011847325583198046,4
1,2.279526376724243,0.042524970395063574,0.17335925102233887,0.0024103131476857355,10,{'C': 10},0.8159246575342466,0.7978586723768737,0.8226980728051392,0.7918629550321199,0.7974304068522484,0.8051549529201255,0.011944279989607738,2
2,10.074150657653808,0.09862140262116646,0.17281579971313477,0.002008439412256962,100,{'C': 100},0.8159246575342466,0.798286937901499,0.8226980728051392,0.7914346895074946,0.7974304068522484,0.8051549529201255,0.01199025823857181,2
3,72.78153424263,0.6405090245416059,0.1742408275604248,0.0037195753572805824,1000,{'C': 1000},0.8163527397260274,0.7978586723768737,0.8231263383297645,0.7918629550321199,0.7970021413276231,0.8052405693584819,0.012204144595202495,1
