{
    "wml": {
        "accu": [
            0.5248579545454546
        ],
        "precision": [
            0.7867494824016563,
            0.41227380015735643,
            0.12446351931330472
        ],
        "recall": [
            0.8260869565217391,
            0.7594202898550725,
            0.01980874316939891
        ],
        "f1": [
            0.8059384941675504,
            0.5344212136664968,
            0.03417796110783736
        ]
    },
    "vpl": {
        "accu": [
            0.2743844696969697
        ],
        "precision": [
            0.5454545454545454,
            0.17173051519154559,
            0.17033678756476683
        ],
        "recall": [
            0.4344262295081967,
            0.18840579710144928,
            0.19057971014492753
        ],
        "f1": [
            0.48365019011406846,
            0.1796821008984105,
            0.179890560875513
        ]
    }
}