{
    "wml": {
        "accu": [
            0.5643939393939394
        ],
        "precision": [
            0.5509677419354839,
            0.7684887459807074,
            0.5463393990689801
        ],
        "recall": [
            0.618840579710145,
            0.16736694677871147,
            0.911723163841808
        ],
        "f1": [
            0.5829351535836177,
            0.2748706152961472,
            0.6832495369145276
        ]
    },
    "vpl": {
        "accu": [
            0.4609375
        ],
        "precision": [
            0.45803266236232437,
            0.5597539543057997,
            0.22958057395143489
        ],
        "recall": [
            0.8516949152542372,
            0.46159420289855074,
            0.07282913165266107
        ],
        "f1": [
            0.5957026426278094,
            0.5059571088165211,
            0.11057947900053162
        ]
    }
}