{
    "wml": {
        "accu": [
            0.45348011363636365
        ],
        "precision": [
            0.48464163822525597,
            0.25,
            0.43623070674248576
        ],
        "recall": [
            0.7717391304347826,
            0.03260869565217391,
            0.5502049180327869
        ],
        "f1": [
            0.5953878406708595,
            0.057692307692307696,
            0.4866334390575442
        ]
    },
    "vpl": {
        "accu": [
            0.3504971590909091
        ],
        "precision": [
            0.48413631022326675,
            0.3644148430066603,
            0.2100656455142232
        ],
        "recall": [
            0.42213114754098363,
            0.41630434782608694,
            0.20869565217391303
        ],
        "f1": [
            0.45101258894362345,
            0.38863521055301875,
            0.2093784078516903
        ]
    }
}