{
    "wml": {
        "accu": [
            0.5243844696969697
        ],
        "precision": [
            0.5441112559756628,
            0.18994413407821228,
            0.6212121212121212
        ],
        "recall": [
            0.9072463768115943,
            0.07391304347826087,
            0.5881147540983607
        ],
        "f1": [
            0.6802499320836729,
            0.10641627543035995,
            0.6042105263157895
        ]
    },
    "vpl": {
        "accu": [
            0.3366477272727273
        ],
        "precision": [
            0.30469644902634596,
            0.385629989586949,
            0.09574468085106383
        ],
        "recall": [
            0.18169398907103826,
            0.8050724637681159,
            0.03260869565217391
        ],
        "f1": [
            0.22764227642276424,
            0.5214738324337009,
            0.048648648648648644
        ]
    }
}