{
    "wml": {
        "accu": [
            0.3703835227272727
        ],
        "precision": [
            0.4167233174711081,
            0.38392857142857145,
            0.0
        ],
        "recall": [
            0.6903153153153153,
            0.45168067226890757,
            0.0
        ],
        "f1": [
            0.519711742263671,
            0.41505791505791506,
            NaN
        ]
    },
    "vpl": {
        "accu": [
            0.4247159090909091
        ],
        "precision": [
            0.3654618473895582,
            0.7239648682559598,
            0.21188630490956073
        ],
        "recall": [
            0.4661885245901639,
            0.6497747747747747,
            0.1722689075630252
        ],
        "f1": [
            0.40972534894191803,
            0.6848664688427301,
            0.19003476245654694
        ]
    }
}