{
    "wml": {
        "accu": [
            0.5124289772727273
        ],
        "precision": [
            0.12698412698412698,
            0.40222841225626743,
            0.744258872651357
        ],
        "recall": [
            0.008695652173913044,
            0.7847826086956522,
            0.7305327868852459
        ],
        "f1": [
            0.01627670396744659,
            0.5318600368324126,
            0.7373319544984489
        ]
    },
    "vpl": {
        "accu": [
            0.37464488636363635
        ],
        "precision": [
            0.30656934306569344,
            0.09044368600682594,
            0.512621359223301
        ],
        "recall": [
            0.2151639344262295,
            0.057608695652173914,
            0.8608695652173913
        ],
        "f1": [
            0.25285972305839854,
            0.07038512616201859,
            0.6425963488843813
        ]
    }
}