{
    "wml": {
        "accu": [
            0.4090909090909091
        ],
        "precision": [
            0.3996138996138996,
            0.4322860238353196,
            0.39556592765460913
        ],
        "recall": [
            0.45,
            0.41911764705882354,
            0.3591101694915254
        ],
        "f1": [
            0.4233128834355829,
            0.4256,
            0.37645752359800105
        ]
    },
    "vpl": {
        "accu": [
            0.44105113636363635
        ],
        "precision": [
            0.4381306425916091,
            0.8005390835579514,
            0.21352313167259787
        ],
        "recall": [
            0.8739406779661016,
            0.32282608695652176,
            0.12605042016806722
        ],
        "f1": [
            0.5836575875486381,
            0.4601084430673897,
            0.1585204755614267
        ]
    }
}