{
    "wml": {
        "accu": [
            0.37855113636363635
        ],
        "precision": [
            0.9963369963369964,
            0.211340206185567,
            0.24954792043399637
        ],
        "recall": [
            0.6126126126126126,
            0.25840336134453784,
            0.2827868852459016
        ],
        "f1": [
            0.7587168758716876,
            0.23251417769376184,
            0.26512968299711814
        ]
    },
    "vpl": {
        "accu": [
            0.21271306818181818
        ],
        "precision": [
            0.4292682926829268,
            0.23523717328170377,
            0.045871559633027525
        ],
        "recall": [
            0.09016393442622951,
            0.5472972972972973,
            0.026260504201680673
        ],
        "f1": [
            0.14902624894157493,
            0.3290453622207177,
            0.033400133600534405
        ]
    }
}