{
    "wml": {
        "accu": [
            0.2663352272727273
        ],
        "precision": [
            0.15764925373134328,
            1.0,
            0.2816553428042001
        ],
        "recall": [
            0.19031531531531531,
            0.13130252100840337,
            0.4672131147540984
        ],
        "f1": [
            0.17244897959183672,
            0.23212627669452182,
            0.35144508670520236
        ]
    },
    "vpl": {
        "accu": [
            0.4094460227272727
        ],
        "precision": [
            0.4335863377609108,
            0.17045454545454544,
            0.4697428139183056
        ],
        "recall": [
            0.4682377049180328,
            0.08445945945945946,
            0.6523109243697479
        ],
        "f1": [
            0.4502463054187192,
            0.11295180722891565,
            0.546174142480211
        ]
    }
}