{
    "wml": {
        "accu": [
            0.2940340909090909
        ],
        "precision": [
            0.0087527352297593,
            0.4779220779220779,
            0.3242147922998987
        ],
        "recall": [
            0.004347826086956522,
            0.2,
            0.6557377049180327
        ],
        "f1": [
            0.005809731299927378,
            0.281992337164751,
            0.43389830508474575
        ]
    },
    "vpl": {
        "accu": [
            0.4616477272727273
        ],
        "precision": [
            0.4882943143812709,
            0.40249609984399376,
            0.4356955380577428
        ],
        "recall": [
            0.8975409836065574,
            0.28043478260869564,
            0.18043478260869567
        ],
        "f1": [
            0.6324909747292419,
            0.33055733504164,
            0.25518831667947733
        ]
    }
}