{
    "wml": {
        "accu": [
            0.4953835227272727
        ],
        "precision": [
            0.5446880269814502,
            0.9103448275862069,
            0.4523580365736285
        ],
        "recall": [
            0.36373873873873874,
            0.13865546218487396,
            0.9631147540983607
        ],
        "f1": [
            0.43619176232275486,
            0.2406563354603464,
            0.6155861165684349
        ]
    },
    "vpl": {
        "accu": [
            0.24644886363636365
        ],
        "precision": [
            0.04199772985244041,
            0.25605095541401274,
            0.39652173913043476
        ],
        "recall": [
            0.03790983606557377,
            0.22635135135135134,
            0.4789915966386555
        ],
        "f1": [
            0.03984921917070544,
            0.24028690974297665,
            0.4338725023786869
        ]
    }
}