{
    "wml": {
        "accu": [
            0.3236268939393939
        ],
        "precision": [
            0.5864864864864865,
            0.251530612244898,
            0.3468848996832101
        ],
        "recall": [
            0.1572463768115942,
            0.3572463768115942,
            0.4487704918032787
        ],
        "f1": [
            0.24800000000000003,
            0.2952095808383234,
            0.39130434782608703
        ]
    },
    "vpl": {
        "accu": [
            0.30634469696969696
        ],
        "precision": [
            0.27863577863577865,
            0.2115677321156773,
            0.4299410029498525
        ],
        "recall": [
            0.2957650273224044,
            0.20144927536231885,
            0.42246376811594205
        ],
        "f1": [
            0.2869449966865474,
            0.20638455827765403,
            0.42616959064327486
        ]
    }
}