{
    "wml": {
        "accu": [
            0.43785511363636365
        ],
        "precision": [
            0.3923611111111111,
            0.23768115942028986,
            0.63347022587269
        ],
        "recall": [
            0.509009009009009,
            0.1722689075630252,
            0.632172131147541
        ],
        "f1": [
            0.4431372549019608,
            0.1997563946406821,
            0.6328205128205129
        ]
    },
    "vpl": {
        "accu": [
            0.21661931818181818
        ],
        "precision": [
            0.07248764415156507,
            0.27526132404181186,
            0.065
        ],
        "recall": [
            0.045081967213114756,
            0.6227477477477478,
            0.01365546218487395
        ],
        "f1": [
            0.05559065066329753,
            0.38177424922333447,
            0.022569444444444444
        ]
    }
}