{
    "wml": {
        "accu": [
            0.44886363636363635
        ],
        "precision": [
            0.46522131887985546,
            0.7803921568627451,
            0.3782668500687758
        ],
        "recall": [
            0.579954954954955,
            0.20903361344537816,
            0.5635245901639344
        ],
        "f1": [
            0.5162907268170426,
            0.32974316487158245,
            0.45267489711934156
        ]
    },
    "vpl": {
        "accu": [
            0.4002130681818182
        ],
        "precision": [
            0.4803921568627451,
            0.5321576763485477,
            0.21428571428571427
        ],
        "recall": [
            0.4016393442622951,
            0.5777027027027027,
            0.23319327731092437
        ],
        "f1": [
            0.43750000000000006,
            0.5539956803455723,
            0.2233400402414487
        ]
    }
}