{
    "wml": {
        "accu": [
            0.44105113636363635
        ],
        "precision": [
            0.5,
            0.6335174953959485,
            0.38371526084836666
        ],
        "recall": [
            0.12065217391304348,
            0.3739130434782609,
            0.8063524590163934
        ],
        "f1": [
            0.19439579684763572,
            0.47026657552973344,
            0.5199867855963
        ]
    },
    "vpl": {
        "accu": [
            0.37855113636363635
        ],
        "precision": [
            0.5018115942028986,
            0.25462962962962965,
            0.32612781954887216
        ],
        "recall": [
            0.5676229508196722,
            0.1793478260869565,
            0.37717391304347825
        ],
        "f1": [
            0.5326923076923077,
            0.21045918367346939,
            0.3497983870967742
        ]
    }
}