{
    "wml": {
        "accu": [
            0.39701704545454547
        ],
        "precision": [
            0.6951456310679611,
            0.23106423777564716,
            0.404351087771943
        ],
        "recall": [
            0.2594202898550725,
            0.1746376811594203,
            0.7363387978142076
        ],
        "f1": [
            0.3778364116094987,
            0.19892695006190672,
            0.5220338983050847
        ]
    },
    "vpl": {
        "accu": [
            0.4588068181818182
        ],
        "precision": [
            0.3680456490727532,
            0.5155367231638418,
            0.492176386913229
        ],
        "recall": [
            0.3524590163934426,
            0.5289855072463768,
            0.5014492753623189
        ],
        "f1": [
            0.3600837404047453,
            0.5221745350500716,
            0.49676956209619527
        ]
    }
}