{
    "wml": {
        "accu": [
            0.3821022727272727
        ],
        "precision": [
            0.4163135593220339,
            0.6311787072243346,
            0.3213175885643257
        ],
        "recall": [
            0.42717391304347824,
            0.17436974789915966,
            0.5476694915254238
        ],
        "f1": [
            0.4216738197424893,
            0.27325102880658436,
            0.40501370936153547
        ]
    },
    "vpl": {
        "accu": [
            0.3469460227272727
        ],
        "precision": [
            0.40237691001697795,
            0.5933503836317136,
            0.2766884531590414
        ],
        "recall": [
            0.2510593220338983,
            0.25217391304347825,
            0.5336134453781513
        ],
        "f1": [
            0.3091976516634051,
            0.3539282990083905,
            0.36441893830703015
        ]
    }
}