{
    "wml": {
        "accu": [
            0.4602272727272727
        ],
        "precision": [
            0.5738161559888579,
            0.3904761904761905,
            0.49078341013824883
        ],
        "recall": [
            0.22391304347826088,
            0.4902173913043478,
            0.6547131147540983
        ],
        "f1": [
            0.3221266614542611,
            0.4346987951807229,
            0.5610184372256365
        ]
    },
    "vpl": {
        "accu": [
            0.37109375
        ],
        "precision": [
            0.29194630872483224,
            0.48639218422889047,
            0.0
        ],
        "recall": [
            0.35655737704918034,
            0.7576086956521739,
            0.0
        ],
        "f1": [
            0.32103321033210336,
            0.592435189120272,
            NaN
        ]
    }
}