{
    "wml": {
        "accu": [
            0.3039772727272727
        ],
        "precision": [
            0.06944444444444445,
            0.308259587020649,
            0.4230769230769231
        ],
        "recall": [
            0.02252252252252252,
            0.6586134453781513,
            0.21413934426229508
        ],
        "f1": [
            0.034013605442176874,
            0.419959812458138,
            0.28435374149659864
        ]
    },
    "vpl": {
        "accu": [
            0.40198863636363635
        ],
        "precision": [
            0.4086614173228346,
            0.16666666666666666,
            0.4491255961844197
        ],
        "recall": [
            0.5317622950819673,
            0.05405405405405406,
            0.5934873949579832
        ],
        "f1": [
            0.46215494211932323,
            0.0816326530612245,
            0.5113122171945702
        ]
    }
}