{
    "wml": {
        "accu": [
            0.4034090909090909
        ],
        "precision": [
            0.10204081632653061,
            0.3415492957746479,
            0.6490455212922174
        ],
        "recall": [
            0.016304347826086956,
            0.7380434782608696,
            0.45286885245901637
        ],
        "f1": [
            0.028116213683223992,
            0.46698762035763414,
            0.5334942667471333
        ]
    },
    "vpl": {
        "accu": [
            0.40092329545454547
        ],
        "precision": [
            0.5063739376770539,
            0.5248344370860927,
            0.12125
        ],
        "recall": [
            0.7325819672131147,
            0.34456521739130436,
            0.10543478260869565
        ],
        "f1": [
            0.5988274706867672,
            0.41601049868766404,
            0.11279069767441861
        ]
    }
}