{
    "wml": {
        "accu": [
            0.4172585227272727
        ],
        "precision": [
            0.7565055762081785,
            0.3489640130861505,
            0.32916972814107276
        ],
        "recall": [
            0.4423913043478261,
            0.34782608695652173,
            0.45901639344262296
        ],
        "f1": [
            0.5582990397805213,
            0.3483941208492107,
            0.38339751818570816
        ]
    },
    "vpl": {
        "accu": [
            0.45667613636363635
        ],
        "precision": [
            0.627730294396961,
            0.36666666666666664,
            0.27467811158798283
        ],
        "recall": [
            0.6772540983606558,
            0.6097826086956522,
            0.06956521739130435
        ],
        "f1": [
            0.6515524889107935,
            0.45795918367346933,
            0.11101474414570685
        ]
    }
}