{
    "wml": {
        "accu": [
            0.21875
        ],
        "precision": [
            0.09550561797752809,
            0.2799611838913149,
            0.012531328320802004
        ],
        "recall": [
            0.03695652173913044,
            0.6060924369747899,
            0.005296610169491525
        ],
        "f1": [
            0.05329153605015675,
            0.383006969797544,
            0.007446016381236038
        ]
    },
    "vpl": {
        "accu": [
            0.5010653409090909
        ],
        "precision": [
            0.5251736111111112,
            0.11458333333333333,
            0.5070153061224489
        ],
        "recall": [
            0.6408898305084746,
            0.011956521739130435,
            0.8350840336134454
        ],
        "f1": [
            0.5772900763358779,
            0.021653543307086614,
            0.630952380952381
        ]
    }
}