{
    "wml": {
        "accu": [
            0.3096590909090909
        ],
        "precision": [
            0.2596899224806202,
            0.28533451484271155,
            0.5348837209302325
        ],
        "recall": [
            0.07545045045045046,
            0.6764705882352942,
            0.16495901639344263
        ],
        "f1": [
            0.11692844677137872,
            0.40137114365846055,
            0.25215348472983556
        ]
    },
    "vpl": {
        "accu": [
            0.5177556818181818
        ],
        "precision": [
            0.7123287671232876,
            0.807909604519774,
            0.4273461150353179
        ],
        "recall": [
            0.47950819672131145,
            0.16103603603603603,
            0.8897058823529411
        ],
        "f1": [
            0.573178199632578,
            0.26854460093896715,
            0.5773687798227676
        ]
    }
}