{
    "wml": {
        "accu": [
            0.30433238636363635
        ],
        "precision": [
            0.10223048327137546,
            0.5541666666666667,
            0.29810901001112344
        ],
        "recall": [
            0.061936936936936936,
            0.27941176470588236,
            0.5491803278688525
        ],
        "f1": [
            0.07713884992987377,
            0.3715083798882681,
            0.3864455659697188
        ]
    },
    "vpl": {
        "accu": [
            0.4385653409090909
        ],
        "precision": [
            0.46713780918727915,
            0.5651629072681704,
            0.20398009950248755
        ],
        "recall": [
            0.6772540983606558,
            0.5078828828828829,
            0.12920168067226892
        ],
        "f1": [
            0.5529067335842743,
            0.534994068801898,
            0.1581993569131833
        ]
    }
}