{
    "wml": {
        "accu": [
            0.5330255681818182
        ],
        "precision": [
            0.6708615682478218,
            0.4105504587155963,
            0.5705263157894737
        ],
        "recall": [
            0.7532608695652174,
            0.5640756302521008,
            0.2870762711864407
        ],
        "f1": [
            0.7096774193548387,
            0.47522123893805307,
            0.3819591261451727
        ]
    },
    "vpl": {
        "accu": [
            0.5099431818181818
        ],
        "precision": [
            0.39369158878504673,
            0.6039783001808319,
            0.5437100213219617
        ],
        "recall": [
            0.3569915254237288,
            0.3630434782608696,
            0.8035714285714286
        ],
        "f1": [
            0.37444444444444447,
            0.4534962661235574,
            0.6485799067401442
        ]
    }
}