{
    "wml": {
        "accu": [
            0.09907670454545454
        ],
        "precision": [
            0.015984015984015984,
            0.4131147540983607,
            0.09072847682119205
        ],
        "recall": [
            0.018018018018018018,
            0.1323529411764706,
            0.1403688524590164
        ],
        "f1": [
            0.01694017998941239,
            0.20047732696897372,
            0.11021721641190668
        ]
    },
    "vpl": {
        "accu": [
            0.5301846590909091
        ],
        "precision": [
            0.5371428571428571,
            0.516042780748663,
            0.6631578947368421
        ],
        "recall": [
            0.6741803278688525,
            0.8693693693693694,
            0.0661764705882353
        ],
        "f1": [
            0.5979100408905044,
            0.6476510067114094,
            0.12034383954154727
        ]
    }
}