{
    "wml": {
        "accu": [
            0.5305397727272727
        ],
        "precision": [
            0.6575809199318569,
            0.47137546468401487,
            0.4016100178890877
        ],
        "recall": [
            0.8391304347826087,
            0.45942028985507244,
            0.30669398907103823
        ],
        "f1": [
            0.7373447946513848,
            0.4653211009174312,
            0.34779240898528274
        ]
    },
    "vpl": {
        "accu": [
            0.30894886363636365
        ],
        "precision": [
            0.045064377682403435,
            0.3030432918988427,
            0.4049122807017544
        ],
        "recall": [
            0.014344262295081968,
            0.5123188405797101,
            0.4181159420289855
        ],
        "f1": [
            0.021761658031088083,
            0.3808241314301104,
            0.4114081996434937
        ]
    }
}