{
    "wml": {
        "accu": [
            0.4602272727272727
        ],
        "precision": [
            0.3382165605095541,
            0.125,
            0.617124394184168
        ],
        "recall": [
            0.597972972972973,
            0.0010504201680672268,
            0.7827868852459017
        ],
        "f1": [
            0.43205858421480875,
            0.0020833333333333333,
            0.6901535682023487
        ]
    },
    "vpl": {
        "accu": [
            0.45348011363636365
        ],
        "precision": [
            0.8743961352657005,
            0.4254115226337449,
            0.19213973799126638
        ],
        "recall": [
            0.3709016393442623,
            0.9313063063063063,
            0.09243697478991597
        ],
        "f1": [
            0.520863309352518,
            0.5840395480225988,
            0.124822695035461
        ]
    }
}