{
    "wml": {
        "accu": [
            0.4765625
        ],
        "precision": [
            0.8004201680672269,
            0.31047992164544563,
            0.31198102016607354
        ],
        "recall": [
            0.8581081081081081,
            0.3329831932773109,
            0.2694672131147541
        ],
        "f1": [
            0.8282608695652174,
            0.32133806386213887,
            0.2891698735568994
        ]
    },
    "vpl": {
        "accu": [
            0.6431107954545454
        ],
        "precision": [
            0.5579710144927537,
            0.7661764705882353,
            0.6677852348993288
        ],
        "recall": [
            0.7100409836065574,
            0.5867117117117117,
            0.6271008403361344
        ],
        "f1": [
            0.6248872858431019,
            0.6645408163265306,
            0.6468039003250271
        ]
    }
}