{
    "wml": {
        "accu": [
            0.29048295454545453
        ],
        "precision": [
            0.12440191387559808,
            0.37449741527857555,
            0.16166281755196305
        ],
        "recall": [
            0.02927927927927928,
            0.6848739495798319,
            0.14344262295081966
        ],
        "f1": [
            0.04740200546946217,
            0.4842183438544374,
            0.1520086862106406
        ]
    },
    "vpl": {
        "accu": [
            0.6793323863636364
        ],
        "precision": [
            0.7941176470588235,
            0.6012354152367879,
            0.6984126984126984
        ],
        "recall": [
            0.7469262295081968,
            0.9864864864864865,
            0.3235294117647059
        ],
        "f1": [
            0.7697993664202745,
            0.7471215351812367,
            0.44221105527638194
        ]
    }
}