{
    "wml": {
        "accu": [
            0.4822443181818182
        ],
        "precision": [
            0.40540540540540543,
            0.3748191027496382,
            0.5862919132149902
        ],
        "recall": [
            0.2391304347826087,
            0.3627450980392157,
            0.8396892655367232
        ],
        "f1": [
            0.300820419325433,
            0.3686832740213523,
            0.6904761904761906
        ]
    },
    "vpl": {
        "accu": [
            0.4786931818181818
        ],
        "precision": [
            0.5408415841584159,
            0.47944664031620554,
            0.4198645598194131
        ],
        "recall": [
            0.3086158192090395,
            0.8789855072463768,
            0.2605042016806723
        ],
        "f1": [
            0.39298561151079137,
            0.620460358056266,
            0.32152117545375974
        ]
    }
}