{
    "wml": {
        "accu": [
            0.23188920454545456
        ],
        "precision": [
            0.2185430463576159,
            0.11482889733840304,
            0.3474074074074074
        ],
        "recall": [
            0.035869565217391305,
            0.15861344537815125,
            0.4968220338983051
        ],
        "f1": [
            0.061624649859943974,
            0.13321570357300394,
            0.4088927637314734
        ]
    },
    "vpl": {
        "accu": [
            0.5426136363636364
        ],
        "precision": [
            0.40224719101123596,
            0.5720164609053497,
            0.6680731364275668
        ],
        "recall": [
            0.3792372881355932,
            0.7554347826086957,
            0.4989495798319328
        ],
        "f1": [
            0.39040348964013083,
            0.6510538641686183,
            0.571256764882742
        ]
    }
}