{
    "wml": {
        "accu": [
            0.4666193181818182
        ],
        "precision": [
            0.4693171996542783,
            0.6544622425629291,
            0.2535031847133758
        ],
        "recall": [
            0.6114864864864865,
            0.6008403361344538,
            0.2038934426229508
        ],
        "f1": [
            0.5310513447432763,
            0.6265060240963856,
            0.22600795002839297
        ]
    },
    "vpl": {
        "accu": [
            0.41761363636363635
        ],
        "precision": [
            0.4389312977099237,
            0.5896739130434783,
            0.10236220472440945
        ],
        "recall": [
            0.7069672131147541,
            0.48873873873873874,
            0.0546218487394958
        ],
        "f1": [
            0.5416012558869702,
            0.5344827586206897,
            0.07123287671232875
        ]
    }
}