{
    "wml": {
        "accu": [
            0.29154829545454547
        ],
        "precision": [
            0.1743119266055046,
            0.28666035950804164,
            0.36561085972850677
        ],
        "recall": [
            0.12391304347826088,
            0.3182773109243697,
            0.4279661016949153
        ],
        "f1": [
            0.144853875476493,
            0.3016426082628173,
            0.3943387018057589
        ]
    },
    "vpl": {
        "accu": [
            0.4765625
        ],
        "precision": [
            0.4184834123222749,
            0.6082644628099173,
            0.900990099009901
        ],
        "recall": [
            0.9353813559322034,
            0.4,
            0.09558823529411764
        ],
        "f1": [
            0.5782580222658807,
            0.48262295081967216,
            0.1728395061728395
        ]
    }
}