{
    "wml": {
        "accu": [
            0.3448153409090909
        ],
        "precision": [
            0.542713567839196,
            0.1683673469387755,
            0.2774122807017544
        ],
        "recall": [
            0.4864864864864865,
            0.03466386554621849,
            0.5184426229508197
        ],
        "f1": [
            0.5130641330166271,
            0.057491289198606264,
            0.36142857142857143
        ]
    },
    "vpl": {
        "accu": [
            0.234375
        ],
        "precision": [
            0.8,
            0.15252416756176154,
            0.2734042553191489
        ],
        "recall": [
            0.004098360655737705,
            0.15990990990990991,
            0.5399159663865546
        ],
        "f1": [
            0.00815494393476045,
            0.15612974161627266,
            0.3629943502824859
        ]
    }
}