{
    "wml": {
        "accu": [
            0.42826704545454547
        ],
        "precision": [
            0.35873015873015873,
            0.967741935483871,
            0.47475409836065574
        ],
        "recall": [
            0.509009009009009,
            0.031512605042016806,
            0.7418032786885246
        ],
        "f1": [
            0.42085661080074493,
            0.061037639877924724,
            0.5789684126349461
        ]
    },
    "vpl": {
        "accu": [
            0.5181107954545454
        ],
        "precision": [
            0.5820285908781484,
            0.7760252365930599,
            0.34757281553398056
        ],
        "recall": [
            0.8760245901639344,
            0.27702702702702703,
            0.3760504201680672
        ],
        "f1": [
            0.6993865030674847,
            0.408298755186722,
            0.3612512613521695
        ]
    }
}