{
    "wml": {
        "accu": [
            0.33451704545454547
        ],
        "precision": [
            0.23701492537313432,
            0.5590682196339434,
            0.387037037037037
        ],
        "recall": [
            0.44707207207207206,
            0.35294117647058826,
            0.21413934426229508
        ],
        "f1": [
            0.3097932110807647,
            0.4327108821635544,
            0.27572559366754623
        ]
    },
    "vpl": {
        "accu": [
            0.5433238636363636
        ],
        "precision": [
            0.5664335664335665,
            0.5402439024390244,
            0.5450145208131656
        ],
        "recall": [
            0.08299180327868852,
            0.9977477477477478,
            0.5913865546218487
        ],
        "f1": [
            0.1447721179624665,
            0.7009493670886077,
            0.5672544080604534
        ]
    }
}