{
    "wml": {
        "accu": [
            0.45170454545454547
        ],
        "precision": [
            0.4489311163895487,
            0.602803738317757,
            0.4215686274509804
        ],
        "recall": [
            0.8513513513513513,
            0.13550420168067226,
            0.39651639344262296
        ],
        "f1": [
            0.5878693623639192,
            0.22126929674099485,
            0.40865892291446676
        ]
    },
    "vpl": {
        "accu": [
            0.5593039772727273
        ],
        "precision": [
            0.49758745476477684,
            0.981042654028436,
            0.24571428571428572
        ],
        "recall": [
            0.8452868852459017,
            0.6993243243243243,
            0.13550420168067226
        ],
        "f1": [
            0.6264236902050114,
            0.8165680473372782,
            0.1746784021665538
        ]
    }
}