{
    "wml": {
        "accu": [
            0.21306818181818182
        ],
        "precision": [
            0.29448818897637796,
            0.0471976401179941,
            0.25349301397205587
        ],
        "recall": [
            0.21058558558558557,
            0.03361344537815126,
            0.39036885245901637
        ],
        "f1": [
            0.24556795797767564,
            0.0392638036809816,
            0.30738200887454614
        ]
    },
    "vpl": {
        "accu": [
            0.5706676136363636
        ],
        "precision": [
            0.584958217270195,
            0.6636568848758465,
            0.45603751465416176
        ],
        "recall": [
            0.6454918032786885,
            0.6621621621621622,
            0.40861344537815125
        ],
        "f1": [
            0.6137359961032635,
            0.6629086809470124,
            0.4310249307479224
        ]
    }
}