{
    "wml": {
        "accu": [
            0.35973011363636365
        ],
        "precision": [
            0.008823529411764706,
            0.4350935093509351,
            0.33282674772036475
        ],
        "recall": [
            0.0033783783783783786,
            0.8308823529411765,
            0.22438524590163936
        ],
        "f1": [
            0.004885993485342019,
            0.5711191335740072,
            0.26805385556915545
        ]
    },
    "vpl": {
        "accu": [
            0.24822443181818182
        ],
        "precision": [
            0.28121606948968514,
            0.2724358974358974,
            0.19290928050052136
        ],
        "recall": [
            0.26536885245901637,
            0.28716216216216217,
            0.19432773109243698
        ],
        "f1": [
            0.27306273062730624,
            0.2796052631578947,
            0.1936159079016222
        ]
    }
}