{
    "wml": {
        "accu": [
            0.6285511363636364
        ],
        "precision": [
            1.0,
            0.4747311827956989,
            0.8304668304668305
        ],
        "recall": [
            0.6182432432432432,
            0.9275210084033614,
            0.3463114754098361
        ],
        "f1": [
            0.7640918580375783,
            0.628022759601707,
            0.48879248011569054
        ]
    },
    "vpl": {
        "accu": [
            0.2265625
        ],
        "precision": [
            0.4631578947368421,
            0.22340425531914893,
            0.007272727272727273
        ],
        "recall": [
            0.13524590163934427,
            0.5675675675675675,
            0.0021008403361344537
        ],
        "f1": [
            0.20935765265662176,
            0.32061068702290074,
            0.0032599837000814994
        ]
    }
}