{
    "wml": {
        "accu": [
            0.5085227272727273
        ],
        "precision": [
            1.0,
            0.40858369098712444,
            0.9801324503311258
        ],
        "recall": [
            0.2072072072072072,
            1.0,
            0.30327868852459017
        ],
        "f1": [
            0.3432835820895522,
            0.5801340645947592,
            0.46322378716744916
        ]
    },
    "vpl": {
        "accu": [
            0.4169034090909091
        ],
        "precision": [
            0.6175468483816013,
            0.28837508028259473,
            0.0
        ],
        "recall": [
            0.742827868852459,
            0.5056306306306306,
            0.0
        ],
        "f1": [
            0.6744186046511628,
            0.36728016359918203,
            NaN
        ]
    }
}