{
    "wml": {
        "accu": [
            0.3348721590909091
        ],
        "precision": [
            0.02702702702702703,
            0.345679012345679,
            0.32335329341317365
        ],
        "recall": [
            0.0011261261261261261,
            0.7058823529411765,
            0.2766393442622951
        ],
        "f1": [
            0.002162162162162162,
            0.4640883977900553,
            0.2981778023191607
        ]
    },
    "vpl": {
        "accu": [
            0.5880681818181818
        ],
        "precision": [
            0.6295731707317073,
            0.5016366612111293,
            0.6716417910447762
        ],
        "recall": [
            0.42315573770491804,
            0.6903153153153153,
            0.6617647058823529
        ],
        "f1": [
            0.5061274509803921,
            0.581042654028436,
            0.6666666666666667
        ]
    }
}