{
    "wml": {
        "accu": [
            0.5071022727272727
        ],
        "precision": [
            0.553921568627451,
            0.4897196261682243,
            0.0
        ],
        "recall": [
            0.9826086956521739,
            0.5504201680672269,
            0.0
        ],
        "f1": [
            0.7084639498432602,
            0.5182987141444115,
            NaN
        ]
    },
    "vpl": {
        "accu": [
            0.4705255681818182
        ],
        "precision": [
            0.43086816720257237,
            0.5924713584288053,
            0.8928571428571429
        ],
        "recall": [
            0.9936440677966102,
            0.3934782608695652,
            0.026260504201680673
        ],
        "f1": [
            0.6010893944248639,
            0.472893533638145,
            0.05102040816326531
        ]
    }
}