{
    "wml": {
        "accu": [
            0.3810369318181818
        ],
        "precision": [
            0.0,
            0.49071358748778104,
            0.3766490765171504
        ],
        "recall": [
            0.0,
            0.5273109243697479,
            0.6048728813559322
        ],
        "f1": [
            NaN,
            0.5083544303797469,
            0.46422764227642277
        ]
    },
    "vpl": {
        "accu": [
            0.4786931818181818
        ],
        "precision": [
            0.29345372460496616,
            1.0,
            0.4473684210526316
        ],
        "recall": [
            0.13771186440677965,
            0.3076086956521739,
            0.9821428571428571
        ],
        "f1": [
            0.18745493871665464,
            0.4704904405652535,
            0.6147271531886916
        ]
    }
}