{
    "wml": {
        "accu": [
            0.33641098484848486
        ],
        "precision": [
            0.3971518987341772,
            0.32912032355915066,
            0.04857142857142857
        ],
        "recall": [
            0.5456521739130434,
            0.45588235294117646,
            0.012005649717514125
        ],
        "f1": [
            0.4597069597069597,
            0.3822665883734586,
            0.01925254813137033
        ]
    },
    "vpl": {
        "accu": [
            0.25923295454545453
        ],
        "precision": [
            0.17353787152444872,
            0.3265232974910394,
            0.0076726342710997444
        ],
        "recall": [
            0.12782485875706215,
            0.6601449275362319,
            0.0021008403361344537
        ],
        "f1": [
            0.14721431476209842,
            0.43693045563549154,
            0.0032985156679494225
        ]
    }
}