{
    "wml": {
        "accu": [
            0.4831912878787879
        ],
        "precision": [
            0.6279518072289156,
            0.34156976744186046,
            0.34670116429495473
        ],
        "recall": [
            0.9442028985507246,
            0.34057971014492755,
            0.1830601092896175
        ],
        "f1": [
            0.7542691751085383,
            0.34107402031930334,
            0.2396066160035762
        ]
    },
    "vpl": {
        "accu": [
            0.4159564393939394
        ],
        "precision": [
            0.43636363636363634,
            0.43649685973482205,
            0.20108695652173914
        ],
        "recall": [
            0.29508196721311475,
            0.9065217391304348,
            0.0536231884057971
        ],
        "f1": [
            0.3520782396088019,
            0.5892604804521903,
            0.08466819221967962
        ]
    }
}