{
    "wml": {
        "accu": [
            0.22585227272727273
        ],
        "precision": [
            0.236731843575419,
            0.22905027932960895,
            0.20543093270365997
        ],
        "recall": [
            0.38175675675675674,
            0.12920168067226892,
            0.17827868852459017
        ],
        "f1": [
            0.2922413793103449,
            0.16521155137676294,
            0.19089413055403182
        ]
    },
    "vpl": {
        "accu": [
            0.42329545454545453
        ],
        "precision": [
            0.35443037974683544,
            0.6201641266119577,
            0.3194444444444444
        ],
        "recall": [
            0.3729508196721312,
            0.5957207207207207,
            0.31407563025210083
        ],
        "f1": [
            0.36345481777334004,
            0.607696726019529,
            0.3167372881355932
        ]
    }
}