{
    "wml": {
        "accu": [
            0.5181107954545454
        ],
        "precision": [
            0.9473684210526315,
            0.3870056497175141,
            0.7192429022082019
        ],
        "recall": [
            0.10135135135135136,
            0.7195378151260504,
            0.7008196721311475
        ],
        "f1": [
            0.18311291963377416,
            0.5033063923585599,
            0.7099117799688635
        ]
    },
    "vpl": {
        "accu": [
            0.6328125
        ],
        "precision": [
            0.6742160278745645,
            1.0,
            0.4668820678513732
        ],
        "recall": [
            0.7930327868852459,
            0.48423423423423423,
            0.6071428571428571
        ],
        "f1": [
            0.728813559322034,
            0.6525037936267071,
            0.5278538812785388
        ]
    }
}