{
    "wml": {
        "accu": [
            0.36328125
        ],
        "precision": [
            0.04,
            0.35672131147540986,
            0.4065180102915952
        ],
        "recall": [
            0.005434782608695652,
            0.5714285714285714,
            0.5021186440677966
        ],
        "f1": [
            0.009569377990430622,
            0.43924101735970933,
            0.4492890995260663
        ]
    },
    "vpl": {
        "accu": [
            0.4431818181818182
        ],
        "precision": [
            0.07931034482758621,
            0.7030185004868549,
            0.33555703802535025
        ],
        "recall": [
            0.024364406779661018,
            0.7847826086956522,
            0.5283613445378151
        ],
        "f1": [
            0.03727714748784441,
            0.7416538263995891,
            0.41044471644226854
        ]
    }
}