{
    "wml": {
        "accu": [
            0.3703835227272727
        ],
        "precision": [
            0.3490524460114588,
            0.0,
            0.5565410199556541
        ],
        "recall": [
            0.8918918918918919,
            0.0,
            0.257172131147541
        ],
        "f1": [
            0.5017421602787456,
            NaN,
            0.3517869656622285
        ]
    },
    "vpl": {
        "accu": [
            0.43892045454545453
        ],
        "precision": [
            0.3448275862068966,
            0.384375,
            0.514743049705139
        ],
        "recall": [
            0.010245901639344262,
            0.6925675675675675,
            0.6418067226890757
        ],
        "f1": [
            0.01990049751243781,
            0.4943729903536978,
            0.5712949976624591
        ]
    }
}