{
    "wml": {
        "accu": [
            0.29154829545454547
        ],
        "precision": [
            0.13821138211382114,
            0.29949874686716793,
            0.34312573443008226
        ],
        "recall": [
            0.05543478260869565,
            0.5021008403361344,
            0.3093220338983051
        ],
        "f1": [
            0.07913110938712181,
            0.3751962323390895,
            0.3253481894150418
        ]
    },
    "vpl": {
        "accu": [
            0.5656960227272727
        ],
        "precision": [
            0.680921052631579,
            0.5069582504970179,
            0.592274678111588
        ],
        "recall": [
            0.4385593220338983,
            0.8315217391304348,
            0.43487394957983194
        ],
        "f1": [
            0.5335051546391752,
            0.6298888431453272,
            0.5015142337976984
        ]
    }
}