{
    "wml": {
        "accu": [
            0.35771780303030304
        ],
        "precision": [
            0.6658195679796697,
            0.279268767016725,
            0.31062355658198615
        ],
        "recall": [
            0.37971014492753624,
            0.5028011204481793,
            0.1899717514124294
        ],
        "f1": [
            0.48361790493770196,
            0.3590897724431108,
            0.2357581069237511
        ]
    },
    "vpl": {
        "accu": [
            0.3925189393939394
        ],
        "precision": [
            0.48468271334792123,
            0.4289719626168224,
            0.25384615384615383
        ],
        "recall": [
            0.3128531073446328,
            0.6652173913043479,
            0.20798319327731093
        ],
        "f1": [
            0.3802575107296137,
            0.5215909090909091,
            0.22863741339491916
        ]
    }
}