{
    "wml": {
        "accu": [
            0.3924005681818182
        ],
        "precision": [
            0.38753056234718825,
            0.4820261437908497,
            0.3556998556998557
        ],
        "recall": [
            0.34456521739130436,
            0.30987394957983194,
            0.5222457627118644
        ],
        "f1": [
            0.36478711162255467,
            0.3772378516624041,
            0.423175965665236
        ]
    },
    "vpl": {
        "accu": [
            0.4005681818181818
        ],
        "precision": [
            0.13157894736842105,
            0.8049792531120332,
            0.3851725607158074
        ],
        "recall": [
            0.03177966101694915,
            0.2108695652173913,
            0.9495798319327731
        ],
        "f1": [
            0.05119453924914675,
            0.33419465977605517,
            0.5480448620794179
        ]
    }
}