{
    "wml": {
        "accu": [
            0.6182528409090909
        ],
        "precision": [
            0.7758164165931156,
            0.4476744186046512,
            0.5795868772782503
        ],
        "recall": [
            0.9898648648648649,
            0.40441176470588236,
            0.4887295081967213
        ],
        "f1": [
            0.8698664027709054,
            0.4249448123620309,
            0.5302946081156199
        ]
    },
    "vpl": {
        "accu": [
            0.5582386363636364
        ],
        "precision": [
            0.5833333333333334,
            0.7397708674304418,
            0.4371152154793316
        ],
        "recall": [
            0.6383196721311475,
            0.509009009009009,
            0.5220588235294118
        ],
        "f1": [
            0.6095890410958904,
            0.6030687124749834,
            0.4758257539492581
        ]
    }
}