{
    "wml": {
        "accu": [
            0.34375
        ],
        "precision": [
            1.0,
            0.35630383711824587,
            0.15
        ],
        "recall": [
            0.024774774774774775,
            0.9558823529411765,
            0.036885245901639344
        ],
        "f1": [
            0.048351648351648346,
            0.5191100969766115,
            0.05921052631578947
        ]
    },
    "vpl": {
        "accu": [
            0.4744318181818182
        ],
        "precision": [
            0.3371104815864023,
            0.8630434782608696,
            0.42484848484848486
        ],
        "recall": [
            0.24385245901639344,
            0.44707207207207206,
            0.7363445378151261
        ],
        "f1": [
            0.2829964328180737,
            0.5890207715133532,
            0.5388162951575712
        ]
    }
}