{
    "wml": {
        "accu": [
            0.3078835227272727
        ],
        "precision": [
            0.08270676691729323,
            NaN,
            0.3450558543649152
        ],
        "recall": [
            0.035869565217391305,
            0.0,
            0.8545081967213115
        ],
        "f1": [
            0.05003790750568613,
            NaN,
            0.49160035366931926
        ]
    },
    "vpl": {
        "accu": [
            0.29048295454545453
        ],
        "precision": [
            0.3526448362720403,
            0.26048565121412803,
            0.0
        ],
        "recall": [
            0.7172131147540983,
            0.1282608695652174,
            0.0
        ],
        "f1": [
            0.4728132387706856,
            0.17188638018936636,
            NaN
        ]
    }
}