{
    "wml": {
        "accu": [
            0.4598721590909091
        ],
        "precision": [
            0.8131868131868132,
            0.3261608154020385,
            0.506514657980456
        ],
        "recall": [
            0.08043478260869565,
            0.3025210084033613,
            0.9883474576271186
        ],
        "f1": [
            0.14638971315529178,
            0.3138964577656676,
            0.6697774587221823
        ]
    },
    "vpl": {
        "accu": [
            0.4854403409090909
        ],
        "precision": [
            0.6570458404074703,
            0.45501730103806226,
            0.4239028944911298
        ],
        "recall": [
            0.4099576271186441,
            0.5717391304347826,
            0.47689075630252103
        ],
        "f1": [
            0.5048923679060665,
            0.5067437379576109,
            0.448838358872961
        ]
    }
}