{
    "wml": {
        "accu": [
            0.40660511363636365
        ],
        "precision": [
            0.7315789473684211,
            0.33980582524271846,
            0.37556973564266183
        ],
        "recall": [
            0.3130630630630631,
            0.47794117647058826,
            0.42213114754098363
        ],
        "f1": [
            0.43848580441640383,
            0.3972064600611087,
            0.3974915581283165
        ]
    },
    "vpl": {
        "accu": [
            0.29936079545454547
        ],
        "precision": [
            0.4199288256227758,
            0.2742899850523169,
            0.29908103592314117
        ],
        "recall": [
            0.12090163934426229,
            0.4132882882882883,
            0.3760504201680672
        ],
        "f1": [
            0.18774860779634045,
            0.3297394429469901,
            0.3331782224290368
        ]
    }
}