{
    "wml": {
        "accu": [
            0.30894886363636365
        ],
        "precision": [
            0.18071428571428572,
            0.28156748911465895,
            0.5818431911966988
        ],
        "recall": [
            0.2849099099099099,
            0.20378151260504201,
            0.4334016393442623
        ],
        "f1": [
            0.22115384615384617,
            0.2364411943936624,
            0.49677040516735177
        ]
    },
    "vpl": {
        "accu": [
            0.4676846590909091
        ],
        "precision": [
            0.4854111405835544,
            0.4138785625774473,
            0.49430523917995445
        ],
        "recall": [
            0.5625,
            0.3761261261261261,
            0.45588235294117646
        ],
        "f1": [
            0.5211200759373518,
            0.39410029498525073,
            0.4743169398907104
        ]
    }
}