{
    "wml": {
        "accu": [
            0.4348958333333333
        ],
        "precision": [
            0.46629213483146065,
            0.38340336134453784,
            0.48040313549832026
        ],
        "recall": [
            0.18043478260869567,
            0.511204481792717,
            0.6059322033898306
        ],
        "f1": [
            0.2601880877742947,
            0.43817527010804325,
            0.5359150530918175
        ]
    },
    "vpl": {
        "accu": [
            0.41950757575757575
        ],
        "precision": [
            0.729064039408867,
            0.36348684210526316,
            0.37531699070160607
        ],
        "recall": [
            0.3135593220338983,
            0.6405797101449275,
            0.31092436974789917
        ],
        "f1": [
            0.43851851851851853,
            0.46379853095487933,
            0.34009957870547686
        ]
    }
}