{
    "wml": {
        "accu": [
            0.657907196969697
        ],
        "precision": [
            0.5601895734597157,
            0.7800963081861958,
            0.7451374916163649
        ],
        "recall": [
            0.8565217391304348,
            0.3403361344537815,
            0.7846045197740112
        ],
        "f1": [
            0.6773638968481376,
            0.4739151633349586,
            0.7643618851049191
        ]
    },
    "vpl": {
        "accu": [
            0.3953598484848485
        ],
        "precision": [
            0.43804143126177025,
            0.02564102564102564,
            0.3559801840056617
        ],
        "recall": [
            0.8213276836158192,
            0.002898550724637681,
            0.35224089635854344
        ],
        "f1": [
            0.571358388602309,
            0.005208333333333333,
            0.3541006687785991
        ]
    }
}