{
    "wml": {
        "accu": [
            0.37748579545454547
        ],
        "precision": [
            0.47878787878787876,
            0.3857236411263916,
            0.0
        ],
        "recall": [
            0.5152173913043478,
            0.6186974789915967,
            0.0
        ],
        "f1": [
            0.49633507853403136,
            0.47519160951996775,
            NaN
        ]
    },
    "vpl": {
        "accu": [
            0.4758522727272727
        ],
        "precision": [
            0.4076484947111473,
            0.5964285714285714,
            0.36616702355460384
        ],
        "recall": [
            0.5307203389830508,
            0.7260869565217392,
            0.1796218487394958
        ],
        "f1": [
            0.461113667740451,
            0.6549019607843137,
            0.24101479915433402
        ]
    }
}