{
    "wml": {
        "accu": [
            0.20632102272727273
        ],
        "precision": [
            0.1836844948676391,
            0.3150684931506849,
            0.14960629921259844
        ],
        "recall": [
            0.38288288288288286,
            0.19327731092436976,
            0.0584016393442623
        ],
        "f1": [
            0.2482657904344651,
            0.23958333333333334,
            0.08400884303610907
        ]
    },
    "vpl": {
        "accu": [
            0.4563210227272727
        ],
        "precision": [
            0.21235521235521235,
            0.37638807714786676,
            0.6926713947990544
        ],
        "recall": [
            0.05635245901639344,
            0.7252252252252253,
            0.615546218487395
        ],
        "f1": [
            0.08906882591093118,
            0.4955752212389381,
            0.6518353726362626
        ]
    }
}