{
    "wml": {
        "accu": [
            0.4303977272727273
        ],
        "precision": [
            0.7753846153846153,
            0.5095465393794749,
            0.32244404113732605
        ],
        "recall": [
            0.27391304347826084,
            0.4485294117647059,
            0.5646186440677966
        ],
        "f1": [
            0.4048192771084337,
            0.4770949720670391,
            0.4104736234116288
        ]
    },
    "vpl": {
        "accu": [
            0.32386363636363635
        ],
        "precision": [
            0.3408929836995039,
            0.4,
            0.2809090909090909
        ],
        "recall": [
            0.5095338983050848,
            0.13260869565217392,
            0.3245798319327731
        ],
        "f1": [
            0.40849256900212316,
            0.19918367346938778,
            0.30116959064327486
        ]
    }
}