{
    "wml": {
        "accu": [
            0.42578125
        ],
        "precision": [
            0.78839590443686,
            0.34370771312584575,
            0.40022421524663676
        ],
        "recall": [
            0.26013513513513514,
            0.2668067226890756,
            0.7315573770491803
        ],
        "f1": [
            0.3911939034716342,
            0.3004139562389119,
            0.5173913043478261
        ]
    },
    "vpl": {
        "accu": [
            0.2745028409090909
        ],
        "precision": [
            0.29237947122861585,
            0.036020583190394515,
            0.39704329461457233
        ],
        "recall": [
            0.38524590163934425,
            0.02364864864864865,
            0.3949579831932773
        ],
        "f1": [
            0.33244916003536695,
            0.02855200543847723,
            0.3959978936282254
        ]
    }
}