{
    "wml": {
        "accu": [
            0.7354403409090909
        ],
        "precision": [
            0.9833333333333333,
            0.929368029739777,
            0.5683060109289617
        ],
        "recall": [
            0.9619565217391305,
            0.26260504201680673,
            0.9915254237288136
        ],
        "f1": [
            0.9725274725274725,
            0.4095004095004095,
            0.7225009648784254
        ]
    },
    "vpl": {
        "accu": [
            0.5259232954545454
        ],
        "precision": [
            0.9690402476780186,
            0.5006631299734748,
            0.41928934010152286
        ],
        "recall": [
            0.3315677966101695,
            0.8206521739130435,
            0.4338235294117647
        ],
        "f1": [
            0.49408050513022894,
            0.6219110378912684,
            0.42643262777490964
        ]
    }
}