{
    "wml": {
        "accu": [
            0.37109375
        ],
        "precision": [
            0.38244955419990617,
            0.1655328798185941,
            0.6434426229508197
        ],
        "recall": [
            0.8858695652173914,
            0.07934782608695652,
            0.16086065573770492
        ],
        "f1": [
            0.5342510652245166,
            0.10727406318883174,
            0.25737704918032783
        ]
    },
    "vpl": {
        "accu": [
            0.2393465909090909
        ],
        "precision": [
            0.1861743912018853,
            0.29236499068901306,
            0.2783300198807157
        ],
        "recall": [
            0.24282786885245902,
            0.17065217391304346,
            0.30434782608695654
        ],
        "f1": [
            0.21076033792796797,
            0.21551132463967054,
            0.29075804776739356
        ]
    }
}