{
    "wml": {
        "accu": [
            0.6072443181818182
        ],
        "precision": [
            0.5633147113594041,
            0.5540540540540541,
            0.6936127744510978
        ],
        "recall": [
            0.6813063063063063,
            0.43067226890756305,
            0.7120901639344263
        ],
        "f1": [
            0.616717635066259,
            0.48463356973995275,
            0.7027300303336703
        ]
    },
    "vpl": {
        "accu": [
            0.26171875
        ],
        "precision": [
            0.3229604709840202,
            0.2942884801548887,
            0.08249158249158249
        ],
        "recall": [
            0.39344262295081966,
            0.34234234234234234,
            0.051470588235294115
        ],
        "f1": [
            0.35473441108545034,
            0.31650182196772514,
            0.06338939197930142
        ]
    }
}