{
    "wml": {
        "accu": [
            0.3533380681818182
        ],
        "precision": [
            0.2835820895522388,
            0.3738038277511962,
            0.3399258343634116
        ],
        "recall": [
            0.10698198198198199,
            0.6565126050420168,
            0.2817622950819672
        ],
        "f1": [
            0.1553556827473426,
            0.4763719512195122,
            0.30812324929971985
        ]
    },
    "vpl": {
        "accu": [
            0.5774147727272727
        ],
        "precision": [
            0.8144104803493449,
            0.4528593508500773,
            0.6268796992481203
        ],
        "recall": [
            0.382172131147541,
            0.6599099099099099,
            0.7006302521008403
        ],
        "f1": [
            0.5202231520223153,
            0.537121906507791,
            0.6617063492063492
        ]
    }
}