{
    "wml": {
        "accu": [
            0.3370028409090909
        ],
        "precision": [
            0.3772870662460568,
            0.0033222591362126247,
            0.3763440860215054
        ],
        "recall": [
            0.65,
            0.0010504201680672268,
            0.3707627118644068
        ],
        "f1": [
            0.4774451097804391,
            0.0015961691939345571,
            0.3735325506937033
        ]
    },
    "vpl": {
        "accu": [
            0.5095880681818182
        ],
        "precision": [
            0.3353658536585366,
            0.49881046788263284,
            0.6518353726362626
        ],
        "recall": [
            0.2330508474576271,
            0.683695652173913,
            0.615546218487395
        ],
        "f1": [
            0.27499999999999997,
            0.5767996331957818,
            0.6331712587790385
        ]
    }
}