{
    "wml": {
        "accu": [
            0.5696022727272727
        ],
        "precision": [
            0.6333333333333333,
            0.5182186234817814,
            0.5706106870229007
        ],
        "recall": [
            0.5563063063063063,
            0.5378151260504201,
            0.6127049180327869
        ],
        "f1": [
            0.592326139088729,
            0.5278350515463918,
            0.5909090909090909
        ]
    },
    "vpl": {
        "accu": [
            0.4953835227272727
        ],
        "precision": [
            0.5871080139372822,
            0.37274368231046934,
            0.55
        ],
        "recall": [
            0.6905737704918032,
            0.4650900900900901,
            0.3235294117647059
        ],
        "f1": [
            0.6346516007532956,
            0.41382765531062127,
            0.4074074074074075
        ]
    }
}