{
    "wml": {
        "accu": [
            0.3196022727272727
        ],
        "precision": [
            0.5546218487394958,
            0.22701949860724233,
            0.4028548770816812
        ],
        "recall": [
            0.07432432432432433,
            0.34243697478991597,
            0.5204918032786885
        ],
        "f1": [
            0.13108242303872888,
            0.27303182579564483,
            0.45417970496200266
        ]
    },
    "vpl": {
        "accu": [
            0.3671875
        ],
        "precision": [
            0.1607324516785351,
            0.6844444444444444,
            0.4490049751243781
        ],
        "recall": [
            0.16188524590163936,
            0.17342342342342343,
            0.7584033613445378
        ],
        "f1": [
            0.1613067891781521,
            0.27672955974842767,
            0.5640625
        ]
    }
}