{
    "wml": {
        "accu": [
            0.30113636363636365
        ],
        "precision": [
            0.28439092172301994,
            0.0,
            0.52
        ],
        "recall": [
            0.6914414414414415,
            0.0,
            0.23975409836065573
        ],
        "f1": [
            0.403019363308172,
            NaN,
            0.3281907433380084
        ]
    },
    "vpl": {
        "accu": [
            0.35582386363636365
        ],
        "precision": [
            0.37960339943342775,
            1.0,
            0.2603550295857988
        ],
        "recall": [
            0.8237704918032787,
            0.024774774774774775,
            0.18487394957983194
        ],
        "f1": [
            0.5197155785391079,
            0.048351648351648346,
            0.21621621621621623
        ]
    }
}