{
    "wml": {
        "accu": [
            0.4713541666666667
        ],
        "precision": [
            0.4852558542931483,
            0.5658536585365853,
            0.4244031830238727
        ],
        "recall": [
            0.8108695652173913,
            0.1681159420289855,
            0.4371584699453552
        ],
        "f1": [
            0.6071622354856213,
            0.25921787709497207,
            0.4306864064602961
        ]
    },
    "vpl": {
        "accu": [
            0.4405776515151515
        ],
        "precision": [
            0.40419657647708446,
            1.0,
            0.3003412969283277
        ],
        "recall": [
            1.0,
            0.22391304347826088,
            0.06376811594202898
        ],
        "f1": [
            0.5756979944946913,
            0.36589698046181174,
            0.10520023909145247
        ]
    }
}