{
    "wml": {
        "accu": [
            0.3153409090909091
        ],
        "precision": [
            0.489873417721519,
            0.32666190135811296,
            0.07017543859649122
        ],
        "recall": [
            0.4206521739130435,
            0.4800420168067227,
            0.046610169491525424
        ],
        "f1": [
            0.4526315789473684,
            0.3887707358570821,
            0.05601527689369828
        ]
    },
    "vpl": {
        "accu": [
            0.5401278409090909
        ],
        "precision": [
            0.4558270676691729,
            0.5306930693069307,
            0.9789029535864979
        ],
        "recall": [
            0.513771186440678,
            0.8739130434782608,
            0.24369747899159663
        ],
        "f1": [
            0.48306772908366535,
            0.6603696098562627,
            0.3902439024390244
        ]
    }
}