{
    "wml": {
        "accu": [
            0.4073153409090909
        ],
        "precision": [
            0.464573268921095,
            0.8409090909090909,
            0.3483660130718954
        ],
        "recall": [
            0.6497747747747747,
            0.038865546218487396,
            0.5461065573770492
        ],
        "f1": [
            0.5417840375586854,
            0.07429718875502009,
            0.42537909018355946
        ]
    },
    "vpl": {
        "accu": [
            0.23117897727272727
        ],
        "precision": [
            0.23430702299564948,
            0.12529832935560858,
            0.45799457994579945
        ],
        "recall": [
            0.3862704918032787,
            0.11824324324324324,
            0.17752100840336135
        ],
        "f1": [
            0.29168278529980657,
            0.1216685979142526,
            0.2558667676003028
        ]
    }
}