{
    "wml": {
        "accu": [
            0.21697443181818182
        ],
        "precision": [
            0.23796932839767318,
            0.21120689655172414,
            0.13665943600867678
        ],
        "recall": [
            0.4891304347826087,
            0.10294117647058823,
            0.06673728813559322
        ],
        "f1": [
            0.32017075773745995,
            0.1384180790960452,
            0.08967971530249111
        ]
    },
    "vpl": {
        "accu": [
            0.5046164772727273
        ],
        "precision": [
            0.6992574257425742,
            0.45830639948287005,
            0.3188720173535792
        ],
        "recall": [
            0.5985169491525424,
            0.7706521739130435,
            0.15441176470588236
        ],
        "f1": [
            0.6449771689497716,
            0.574787190920146,
            0.208067940552017
        ]
    }
}