{
    "wml": {
        "accu": [
            0.3107244318181818
        ],
        "precision": [
            0.12124248496993988,
            0.7616822429906542,
            0.3079136690647482
        ],
        "recall": [
            0.13626126126126126,
            0.34243697478991597,
            0.4385245901639344
        ],
        "f1": [
            0.1283138918345705,
            0.47246376811594204,
            0.3617920540997464
        ]
    },
    "vpl": {
        "accu": [
            0.5085227272727273
        ],
        "precision": [
            0.5026178010471204,
            0.4888521882741536,
            0.5751633986928104
        ],
        "recall": [
            0.5901639344262295,
            0.6666666666666666,
            0.2773109243697479
        ],
        "f1": [
            0.5428840716305373,
            0.5640781324440209,
            0.37420269312544296
        ]
    }
}