{
    "wml": {
        "accu": [
            0.546875
        ],
        "precision": [
            0.5293132328308208,
            0.4746666666666667,
            0.5854049719326383
        ],
        "recall": [
            0.7117117117117117,
            0.1869747899159664,
            0.7479508196721312
        ],
        "f1": [
            0.6071085494716618,
            0.26827430293896004,
            0.6567701304543411
        ]
    },
    "vpl": {
        "accu": [
            0.4286221590909091
        ],
        "precision": [
            0.37075848303393216,
            0.3064516129032258,
            0.6501597444089456
        ],
        "recall": [
            0.7612704918032787,
            0.06418918918918919,
            0.4275210084033613
        ],
        "f1": [
            0.4986577181208054,
            0.10614525139664804,
            0.5158428390367554
        ]
    }
}