{
    "wml": {
        "accu": [
            0.24289772727272727
        ],
        "precision": [
            0.35364936042136946,
            0.1689795918367347,
            0.026717557251908396
        ],
        "recall": [
            0.5292792792792793,
            0.21743697478991597,
            0.007172131147540984
        ],
        "f1": [
            0.4239963915200722,
            0.19016995865870462,
            0.011308562197092085
        ]
    },
    "vpl": {
        "accu": [
            0.5170454545454546
        ],
        "precision": [
            0.960431654676259,
            0.47088186356073214,
            0.4663173652694611
        ],
        "recall": [
            0.2735655737704918,
            0.6373873873873874,
            0.6544117647058824
        ],
        "f1": [
            0.4258373205741626,
            0.5416267942583732,
            0.5445804195804196
        ]
    }
}