{
    "wml": {
        "accu": [
            0.1328125
        ],
        "precision": [
            0.14461791290057519,
            0.40705882352941175,
            0.02129471890971039
        ],
        "recall": [
            0.1981981981981982,
            0.18172268907563024,
            0.025614754098360656
        ],
        "f1": [
            0.16722090261282657,
            0.25127087872185916,
            0.023255813953488372
        ]
    },
    "vpl": {
        "accu": [
            0.2961647727272727
        ],
        "precision": [
            0.28817946505608283,
            0.14114832535885166,
            0.3559322033898305
        ],
        "recall": [
            0.3422131147540984,
            0.06644144144144144,
            0.4632352941176471
        ],
        "f1": [
            0.31288056206088993,
            0.0903522205206738,
            0.40255591054313095
        ]
    }
}