{
    "wml": {
        "accu": [
            0.33948863636363635
        ],
        "precision": [
            0.6460176991150443,
            0.02564102564102564,
            0.33841642228739005
        ],
        "recall": [
            0.41103603603603606,
            0.014705882352941176,
            0.5911885245901639
        ],
        "f1": [
            0.5024088093599449,
            0.018691588785046728,
            0.43043640432674374
        ]
    },
    "vpl": {
        "accu": [
            0.5259232954545454
        ],
        "precision": [
            0.55,
            0.638676844783715,
            0.42149532710280374
        ],
        "recall": [
            0.5409836065573771,
            0.5653153153153153,
            0.4737394957983193
        ],
        "f1": [
            0.5454545454545455,
            0.5997610513739545,
            0.44609297725024727
        ]
    }
}