{
    "wml": {
        "accu": [
            0.4171401515151515
        ],
        "precision": [
            0.36782608695652175,
            0.6617100371747212,
            0.40404040404040403
        ],
        "recall": [
            0.6130434782608696,
            0.24929971988795518,
            0.3954802259887006
        ],
        "f1": [
            0.4597826086956522,
            0.3621566632756867,
            0.3997144896502498
        ]
    },
    "vpl": {
        "accu": [
            0.29640151515151514
        ],
        "precision": [
            0.3129445234708393,
            0.3900709219858156,
            0.18607954545454544
        ],
        "recall": [
            0.3107344632768362,
            0.39855072463768115,
            0.18347338935574228
        ],
        "f1": [
            0.3118355776045358,
            0.3942652329749104,
            0.18476727785613536
        ]
    }
}