{
    "wml": {
        "accu": [
            0.5014204545454546
        ],
        "precision": [
            0.9136490250696379,
            0.3806262230919765,
            0.34107806691449816
        ],
        "recall": [
            0.7130434782608696,
            0.42282608695652174,
            0.3760245901639344
        ],
        "f1": [
            0.800976800976801,
            0.40061791967044286,
            0.3576998050682261
        ]
    },
    "vpl": {
        "accu": [
            0.4776278409090909
        ],
        "precision": [
            0.4366290643662906,
            0.5909090909090909,
            0.4479338842975207
        ],
        "recall": [
            0.6741803278688525,
            0.45217391304347826,
            0.29456521739130437
        ],
        "f1": [
            0.5300040273862263,
            0.5123152709359606,
            0.3554098360655738
        ]
    }
}