{
    "wml": {
        "accu": [
            0.3426846590909091
        ],
        "precision": [
            0.3720817120622568,
            0.16591928251121077,
            0.30353817504655495
        ],
        "recall": [
            0.8614864864864865,
            0.038865546218487396,
            0.16700819672131148
        ],
        "f1": [
            0.5197010869565218,
            0.06297872340425532,
            0.21546596166556511
        ]
    },
    "vpl": {
        "accu": [
            0.3522727272727273
        ],
        "precision": [
            0.3465991316931983,
            0.14285714285714285,
            1.0
        ],
        "recall": [
            0.9815573770491803,
            0.0033783783783783786,
            0.032563025210084036
        ],
        "f1": [
            0.5122994652406417,
            0.006600660066006602,
            0.06307222787385554
        ]
    }
}