{
    "wml": {
        "accu": [
            0.36292613636363635
        ],
        "precision": [
            0.20022371364653244,
            0.5908045977011495,
            0.3127376425855513
        ],
        "recall": [
            0.20157657657657657,
            0.5399159663865546,
            0.33709016393442626
        ],
        "f1": [
            0.2008978675645342,
            0.5642151481888036,
            0.3244575936883629
        ]
    },
    "vpl": {
        "accu": [
            0.29048295454545453
        ],
        "precision": [
            0.08253968253968254,
            0.6595744680851063,
            0.27309598918431727
        ],
        "recall": [
            0.02663934426229508,
            0.20945945945945946,
            0.6365546218487395
        ],
        "f1": [
            0.04027885360185902,
            0.317948717948718,
            0.38221381267738885
        ]
    }
}