{
    "wml": {
        "accu": [
            0.5174005681818182
        ],
        "precision": [
            0.825,
            0.37385512073272276,
            0.6020618556701031
        ],
        "recall": [
            0.14864864864864866,
            0.47163865546218486,
            0.8975409836065574
        ],
        "f1": [
            0.25190839694656486,
            0.41709242916860195,
            0.72069107363225
        ]
    },
    "vpl": {
        "accu": [
            0.40980113636363635
        ],
        "precision": [
            0.4827586206896552,
            0.6444121915820029,
            0.3317445185891325
        ],
        "recall": [
            0.014344262295081968,
            0.5,
            0.7310924369747899
        ],
        "f1": [
            0.027860696517412936,
            0.5630944831959417,
            0.45639344262295084
        ]
    }
}