{
    "wml": {
        "accu": [
            0.4911221590909091
        ],
        "precision": [
            0.42857142857142855,
            0.36610608020698576,
            0.5983358547655068
        ],
        "recall": [
            0.34797297297297297,
            0.2972689075630252,
            0.8104508196721312
        ],
        "f1": [
            0.38408949658172775,
            0.3281159420289855,
            0.6884247171453438
        ]
    },
    "vpl": {
        "accu": [
            0.5131392045454546
        ],
        "precision": [
            0.5208845208845209,
            0.6169201520912547,
            0.4303610906411201
        ],
        "recall": [
            0.21721311475409835,
            0.7308558558558559,
            0.6134453781512605
        ],
        "f1": [
            0.3065798987707881,
            0.6690721649484536,
            0.5058466868774362
        ]
    }
}