{
    "wml": {
        "accu": [
            0.4659090909090909
        ],
        "precision": [
            1.0,
            0.25485436893203883,
            0.5128626163108921
        ],
        "recall": [
            0.1858108108108108,
            0.22058823529411764,
            0.9600409836065574
        ],
        "f1": [
            0.31339031339031337,
            0.23648648648648646,
            0.6685693899393507
        ]
    },
    "vpl": {
        "accu": [
            0.3348721590909091
        ],
        "precision": [
            0.0,
            0.29257314328582146,
            0.45627062706270627
        ],
        "recall": [
            0.0,
            0.4391891891891892,
            0.5808823529411765
        ],
        "f1": [
            NaN,
            0.3511931562359298,
            0.511090573012939
        ]
    }
}