{
    "wml": {
        "accu": [
            0.4734848484848485
        ],
        "precision": [
            0.4756277695716396,
            0.38970076548364646,
            0.626984126984127
        ],
        "recall": [
            0.7,
            0.39215686274509803,
            0.3347457627118644
        ],
        "f1": [
            0.5664028144239226,
            0.39092495636998253,
            0.43646408839779005
        ]
    },
    "vpl": {
        "accu": [
            0.4978693181818182
        ],
        "precision": [
            0.5286666666666666,
            0.5300884955752212,
            0.44604767879548307
        ],
        "recall": [
            0.5600282485875706,
            0.4340579710144927,
            0.49789915966386555
        ],
        "f1": [
            0.5438957475994513,
            0.47729083665338645,
            0.47054930509596293
        ]
    }
}