{
    "wml": {
        "accu": [
            0.5146780303030303
        ],
        "precision": [
            0.5270142180094787,
            0.008333333333333333,
            0.5320962888665998
        ],
        "recall": [
            0.8057971014492754,
            0.0007002801120448179,
            0.7492937853107344
        ],
        "f1": [
            0.6372492836676218,
            0.0012919896640826874,
            0.6222873900293255
        ]
    },
    "vpl": {
        "accu": [
            0.5272253787878788
        ],
        "precision": [
            0.823021582733813,
            0.48853615520282184,
            0.4337827121332276
        ],
        "recall": [
            0.403954802259887,
            0.8028985507246377,
            0.38305322128851543
        ],
        "f1": [
            0.5419232591189009,
            0.6074561403508771,
            0.40684269245072524
        ]
    }
}