{
    "wml": {
        "accu": [
            0.3497869318181818
        ],
        "precision": [
            0.1942257217847769,
            0.48315529991783074,
            0.2974910394265233
        ],
        "recall": [
            0.16666666666666666,
            0.6176470588235294,
            0.2551229508196721
        ],
        "f1": [
            0.17939393939393938,
            0.5421853388658368,
            0.2746828461114175
        ]
    },
    "vpl": {
        "accu": [
            0.36328125
        ],
        "precision": [
            0.37467833247555327,
            0.5025817555938038,
            0.010273972602739725
        ],
        "recall": [
            0.7459016393442623,
            0.32882882882882886,
            0.0031512605042016808
        ],
        "f1": [
            0.4988009592326139,
            0.3975493533015657,
            0.004823151125401929
        ]
    }
}