{
    "wml": {
        "accu": [
            0.3555871212121212
        ],
        "precision": [
            0.4048124557678698,
            0.15789473684210525,
            0.38443616029822925
        ],
        "recall": [
            0.4144927536231884,
            0.07352941176470588,
            0.5826271186440678
        ],
        "f1": [
            0.40959541711421404,
            0.10033444816053512,
            0.46322290847838293
        ]
    },
    "vpl": {
        "accu": [
            0.2215909090909091
        ],
        "precision": [
            0.2468811556139199,
            0.21191195511437202,
            0.1796875
        ],
        "recall": [
            0.2655367231638418,
            0.35579710144927534,
            0.04831932773109244
        ],
        "f1": [
            0.25586934331405237,
            0.2656207736002164,
            0.076158940397351
        ]
    }
}