{
    "wml": {
        "accu": [
            0.5340909090909091
        ],
        "precision": [
            0.5339265850945495,
            0.48880822746521474,
            0.8181818181818182
        ],
        "recall": [
            0.5217391304347826,
            0.8487394957983193,
            0.2288135593220339
        ],
        "f1": [
            0.5277625068719076,
            0.6203454894433782,
            0.35761589403973515
        ]
    },
    "vpl": {
        "accu": [
            0.23686079545454544
        ],
        "precision": [
            0.45098039215686275,
            0.2799625468164794,
            0.0
        ],
        "recall": [
            0.07309322033898305,
            0.65,
            0.0
        ],
        "f1": [
            0.12579762989972654,
            0.39136125654450266,
            NaN
        ]
    }
}