{
    "wml": {
        "accu": [
            0.46448863636363635
        ],
        "precision": [
            0.952892561983471,
            0.32635106828655214,
            0.04784688995215311
        ],
        "recall": [
            0.8355072463768116,
            0.5644927536231884,
            0.020491803278688523
        ],
        "f1": [
            0.8903474903474903,
            0.4135917175471197,
            0.028694404591104734
        ]
    },
    "vpl": {
        "accu": [
            0.6148200757575758
        ],
        "precision": [
            0.6467576791808873,
            0.7713894592744696,
            0.44751728472658703
        ],
        "recall": [
            0.51775956284153,
            0.8166666666666667,
            0.5159420289855072
        ],
        "f1": [
            0.575113808801214,
            0.7933826117564239,
            0.4792998990238977
        ]
    }
}