{
    "wml": {
        "accu": [
            0.4133522727272727
        ],
        "precision": [
            NaN,
            1.0,
            0.3713850837138508
        ],
        "recall": [
            0.0,
            0.19747899159663865,
            1.0
        ],
        "f1": [
            NaN,
            0.32982456140350874,
            0.541620421753607
        ]
    },
    "vpl": {
        "accu": [
            0.3352272727272727
        ],
        "precision": [
            0.3669402110199297,
            NaN,
            0.2864864864864865
        ],
        "recall": [
            0.6413934426229508,
            0.0,
            0.33403361344537813
        ],
        "f1": [
            0.4668158090976883,
            NaN,
            0.3084384093113482
        ]
    }
}