{
    "wml": {
        "accu": [
            0.37109375
        ],
        "precision": [
            0.3452,
            0.6581196581196581,
            0.5276381909547738
        ],
        "recall": [
            0.9380434782608695,
            0.08088235294117647,
            0.11122881355932203
        ],
        "f1": [
            0.5046783625730994,
            0.1440598690364827,
            0.1837270341207349
        ]
    },
    "vpl": {
        "accu": [
            0.3828125
        ],
        "precision": [
            0.329137822529893,
            0.7324185248713551,
            0.19875776397515527
        ],
        "recall": [
            0.5540254237288136,
            0.4641304347826087,
            0.13445378151260504
        ],
        "f1": [
            0.4129490722463482,
            0.5681969394544245,
            0.16040100250626563
        ]
    }
}