{
    "wml": {
        "accu": [
            0.5127840909090909
        ],
        "precision": [
            0.7065127782357791,
            0.426990208599404,
            0.4622356495468278
        ],
        "recall": [
            0.6210144927536232,
            0.7268115942028985,
            0.20901639344262296
        ],
        "f1": [
            0.6610104126494407,
            0.5379458299812282,
            0.28786453433678266
        ]
    },
    "vpl": {
        "accu": [
            0.5793087121212122
        ],
        "precision": [
            0.5959079283887468,
            0.5956184390689183,
            0.5535931790499391
        ],
        "recall": [
            0.15915300546448088,
            0.9456521739130435,
            0.658695652173913
        ],
        "f1": [
            0.25121293800539085,
            0.730887706524783,
            0.6015883520847122
        ]
    }
}