{
    "wml": {
        "accu": [
            0.28290719696969696
        ],
        "precision": [
            0.15489467162329615,
            0.47191011235955055,
            0.04839968774395004
        ],
        "recall": [
            0.09057971014492754,
            0.7304347826086957,
            0.04234972677595628
        ],
        "f1": [
            0.11431184270690443,
            0.5733788395904437,
            0.045173041894353366
        ]
    },
    "vpl": {
        "accu": [
            0.41382575757575757
        ],
        "precision": [
            0.37555886736214605,
            0.9279279279279279,
            0.3902255639097744
        ],
        "recall": [
            0.3442622950819672,
            0.1492753623188406,
            0.7521739130434782
        ],
        "f1": [
            0.3592302209550962,
            0.2571785268414482,
            0.5138613861386139
        ]
    }
}