{
    "wml": {
        "accu": [
            0.35120738636363635
        ],
        "precision": [
            0.3188342757720748,
            0.26785714285714285,
            0.5580246913580247
        ],
        "recall": [
            0.7967391304347826,
            0.031512605042016806,
            0.23940677966101695
        ],
        "f1": [
            0.4554209381795588,
            0.05639097744360901,
            0.335063009636768
        ]
    },
    "vpl": {
        "accu": [
            0.41832386363636365
        ],
        "precision": [
            0.2620689655172414,
            0.41321897073662966,
            0.6140350877192983
        ],
        "recall": [
            0.12076271186440678,
            0.8902173913043478,
            0.25735294117647056
        ],
        "f1": [
            0.1653372008701958,
            0.5644383184011027,
            0.36269430051813467
        ]
    }
}