{
    "wml": {
        "accu": [
            0.44140625
        ],
        "precision": [
            0.1652892561983471,
            0.3033052495139339,
            0.7129000969932104
        ],
        "recall": [
            0.043478260869565216,
            0.49159663865546216,
            0.7786016949152542
        ],
        "f1": [
            0.06884681583476764,
            0.3751503006012024,
            0.7443037974683545
        ]
    },
    "vpl": {
        "accu": [
            0.23011363636363635
        ],
        "precision": [
            0.0,
            0.30007390983000737,
            0.25500526870389884
        ],
        "recall": [
            0.0,
            0.44130434782608696,
            0.2542016806722689
        ],
        "f1": [
            NaN,
            0.35723713154421466,
            0.25460284061020516
        ]
    }
}