{
    "wml": {
        "accu": [
            0.4258996212121212
        ],
        "precision": [
            0.37011972930765225,
            0.44871794871794873,
            0.47614264188849825
        ],
        "recall": [
            0.5152173913043478,
            0.10144927536231885,
            0.6475409836065574
        ],
        "f1": [
            0.43077855195395337,
            0.16548463356973997,
            0.5487698986975398
        ]
    },
    "vpl": {
        "accu": [
            0.2589962121212121
        ],
        "precision": [
            0.23348017621145375,
            0.410828025477707,
            0.20850884582982307
        ],
        "recall": [
            0.1448087431693989,
            0.28043478260869564,
            0.358695652173913
        ],
        "f1": [
            0.17875210792580104,
            0.3333333333333333,
            0.26371870005327647
        ]
    }
}