{
    "wml": {
        "accu": [
            0.70703125
        ],
        "precision": [
            0.6836813611755607,
            0.7074074074074074,
            0.7375381485249237
        ],
        "recall": [
            0.9954954954954955,
            0.4012605042016807,
            0.742827868852459
        ],
        "f1": [
            0.8106373223292067,
            0.5120643431635389,
            0.7401735579377234
        ]
    },
    "vpl": {
        "accu": [
            0.37642045454545453
        ],
        "precision": [
            0.49825783972125437,
            0.20420070011668612,
            0.4437799043062201
        ],
        "recall": [
            0.14651639344262296,
            0.19707207207207209,
            0.7794117647058824
        ],
        "f1": [
            0.22644497228820273,
            0.20057306590257878,
            0.5655487804878049
        ]
    }
}