{
    "wml": {
        "accu": [
            0.4850852272727273
        ],
        "precision": [
            0.4816839803171132,
            0.4908722109533469,
            1.0
        ],
        "recall": [
            0.9921171171171171,
            0.5084033613445378,
            0.0010245901639344263
        ],
        "f1": [
            0.6485093853514906,
            0.499484004127967,
            0.0020470829068577278
        ]
    },
    "vpl": {
        "accu": [
            0.3057528409090909
        ],
        "precision": [
            0.25862068965517243,
            0.3087615838247683,
            0.2942708333333333
        ],
        "recall": [
            0.015368852459016393,
            0.8254504504504504,
            0.11869747899159663
        ],
        "f1": [
            0.029013539651837523,
            0.4494175352544451,
            0.1691616766467066
        ]
    }
}