{
    "wml": {
        "accu": [
            0.4051846590909091
        ],
        "precision": [
            0.8444444444444444,
            0.28554070473876064,
            0.5242424242424243
        ],
        "recall": [
            0.17117117117117117,
            0.49369747899159666,
            0.5317622950819673
        ],
        "f1": [
            0.28464419475655434,
            0.3618167821401078,
            0.527975584944049
        ]
    },
    "vpl": {
        "accu": [
            0.34730113636363635
        ],
        "precision": [
            0.4714975845410628,
            0.0,
            0.003236245954692557
        ],
        "recall": [
            1.0,
            0.0,
            0.0021008403361344537
        ],
        "f1": [
            0.6408404464871963,
            NaN,
            0.002547770700636943
        ]
    }
}