{
    "wml": {
        "accu": [
            0.3259943181818182
        ],
        "precision": [
            0.2845927379784102,
            0.2863157894736842,
            0.3721633888048411
        ],
        "recall": [
            0.31521739130434784,
            0.14782608695652175,
            0.5040983606557377
        ],
        "f1": [
            0.29912325941206813,
            0.19498207885304658,
            0.4281984334203655
        ]
    },
    "vpl": {
        "accu": [
            0.4328835227272727
        ],
        "precision": [
            0.4758241758241758,
            0.29276315789473684,
            0.3815028901734104
        ],
        "recall": [
            0.8872950819672131,
            0.0967391304347826,
            0.28695652173913044
        ],
        "f1": [
            0.6194563662374821,
            0.1454248366013072,
            0.3275434243176178
        ]
    }
}