{
    "wml": {
        "accu": [
            0.2950994318181818
        ],
        "precision": [
            NaN,
            0.27314814814814814,
            0.3673780487804878
        ],
        "recall": [
            0.0,
            0.6197478991596639,
            0.24692622950819673
        ],
        "f1": [
            NaN,
            0.3791773778920308,
            0.29534313725490197
        ]
    },
    "vpl": {
        "accu": [
            0.37464488636363635
        ],
        "precision": [
            0.39203860072376356,
            0.9873417721518988,
            0.008
        ],
        "recall": [
            0.9989754098360656,
            0.08783783783783784,
            0.0021008403361344537
        ],
        "f1": [
            0.5630955818654345,
            0.1613236814891417,
            0.0033277870216306157
        ]
    }
}