{
    "wml": {
        "accu": [
            0.37642045454545453
        ],
        "precision": [
            0.4623955431754875,
            0.3097893432465923,
            0.2547993019197208
        ],
        "recall": [
            0.7217391304347827,
            0.2717391304347826,
            0.14959016393442623
        ],
        "f1": [
            0.5636672325976232,
            0.2895193977996526,
            0.18850871530019367
        ]
    },
    "vpl": {
        "accu": [
            0.3078835227272727
        ],
        "precision": [
            0.1992818671454219,
            0.4090638044126416,
            0.12027491408934708
        ],
        "recall": [
            0.11372950819672131,
            0.7456521739130435,
            0.07608695652173914
        ],
        "f1": [
            0.1448140900195695,
            0.5283018867924528,
            0.09320905459387482
        ]
    }
}