{
    "wml": {
        "accu": [
            0.4307528409090909
        ],
        "precision": [
            0.4938875305623472,
            0.3805147058823529,
            0.4140302613480055
        ],
        "recall": [
            0.45495495495495497,
            0.21743697478991597,
            0.6168032786885246
        ],
        "f1": [
            0.4736225087924971,
            0.2767379679144385,
            0.49547325102880657
        ]
    },
    "vpl": {
        "accu": [
            0.3916903409090909
        ],
        "precision": [
            0.6513761467889908,
            0.17448979591836736,
            0.2975871313672922
        ],
        "recall": [
            0.7274590163934426,
            0.19256756756756757,
            0.23319327731092437
        ],
        "f1": [
            0.6873184898354308,
            0.18308351177730192,
            0.2614840989399293
        ]
    }
}