{
    "wml": {
        "accu": [
            0.5365767045454546
        ],
        "precision": [
            0.4617579908675799,
            0.7836734693877551,
            0.3829787234042553
        ],
        "recall": [
            0.911036036036036,
            0.6050420168067226,
            0.1290983606557377
        ],
        "f1": [
            0.6128787878787879,
            0.6828689982216952,
            0.19310344827586207
        ]
    },
    "vpl": {
        "accu": [
            0.45454545454545453
        ],
        "precision": [
            0.4737295434969854,
            0.5075921908893709,
            0.10294117647058823
        ],
        "recall": [
            0.5635245901639344,
            0.7905405405405406,
            0.029411764705882353
        ],
        "f1": [
            0.5147402901263454,
            0.6182298546895639,
            0.0457516339869281
        ]
    }
}