{
    "wml": {
        "accu": [
            0.6416903409090909
        ],
        "precision": [
            0.7616438356164383,
            0.5612134344528711,
            0.5701754385964912
        ],
        "recall": [
            0.9065217391304348,
            0.5630434782608695,
            0.4661885245901639
        ],
        "f1": [
            0.8277915632754341,
            0.5621269669017906,
            0.5129650507328073
        ]
    },
    "vpl": {
        "accu": [
            0.42223011363636365
        ],
        "precision": [
            0.471342383107089,
            0.45353159851301117,
            0.28989751098096633
        ],
        "recall": [
            0.6403688524590164,
            0.3978260869565217,
            0.21521739130434783
        ],
        "f1": [
            0.5430060816681147,
            0.4238563983786914,
            0.24703680598877106
        ]
    }
}