{
    "wml": {
        "accu": [
            0.4083806818181818
        ],
        "precision": [
            0.868766404199475,
            0.27352472089314195,
            0.40304826418289585
        ],
        "recall": [
            0.35978260869565215,
            0.3602941176470588,
            0.5042372881355932
        ],
        "f1": [
            0.5088393543428131,
            0.3109700815956482,
            0.448
        ]
    },
    "vpl": {
        "accu": [
            0.10404829545454546
        ],
        "precision": [
            0.10547945205479452,
            0.050551470588235295,
            0.31343283582089554
        ],
        "recall": [
            0.163135593220339,
            0.059782608695652176,
            0.08823529411764706
        ],
        "f1": [
            0.1281198003327787,
            0.054780876494023904,
            0.1377049180327869
        ]
    }
}