{
    "wml": {
        "accu": [
            0.3359375
        ],
        "precision": [
            0.5555555555555556,
            0.3562367864693446,
            0.26742627345844505
        ],
        "recall": [
            0.23648648648648649,
            0.3539915966386555,
            0.4088114754098361
        ],
        "f1": [
            0.33175355450236965,
            0.35511064278187565,
            0.3233387358184765
        ]
    },
    "vpl": {
        "accu": [
            0.5529119318181818
        ],
        "precision": [
            0.4952259707192871,
            0.5993623804463337,
            0.7072368421052632
        ],
        "recall": [
            0.7971311475409836,
            0.6351351351351351,
            0.22584033613445378
        ],
        "f1": [
            0.6109148017275225,
            0.6167304537998907,
            0.34235668789808915
        ]
    }
}