{
    "wml": {
        "accu": [
            0.49360795454545453
        ],
        "precision": [
            0.5402374670184696,
            0.0963855421686747,
            0.5568181818181818
        ],
        "recall": [
            0.8902173913043478,
            0.034782608695652174,
            0.5522540983606558
        ],
        "f1": [
            0.6724137931034483,
            0.05111821086261981,
            0.5545267489711935
        ]
    },
    "vpl": {
        "accu": [
            0.40660511363636365
        ],
        "precision": [
            0.3945518453427065,
            0.42985487214927437,
            0.3203463203463203
        ],
        "recall": [
            0.4600409836065574,
            0.6760869565217391,
            0.08043478260869565
        ],
        "f1": [
            0.4247871333964049,
            0.525559780312632,
            0.12858384013900956
        ]
    }
}