{
    "wml": {
        "accu": [
            0.39417613636363635
        ],
        "precision": [
            0.10144927536231885,
            0.4138594802694899,
            0.5093877551020408
        ],
        "recall": [
            0.06086956521739131,
            0.4673913043478261,
            0.639344262295082
        ],
        "f1": [
            0.07608695652173914,
            0.4389994895354773,
            0.567014993184916
        ]
    },
    "vpl": {
        "accu": [
            0.39985795454545453
        ],
        "precision": [
            0.6520681265206812,
            0.07430340557275542,
            0.4604889141557703
        ],
        "recall": [
            0.27459016393442626,
            0.05217391304347826,
            0.8804347826086957
        ],
        "f1": [
            0.3864455659697188,
            0.061302681992337155,
            0.6047032474804032
        ]
    }
}