{
    "wml": {
        "accu": [
            0.5142045454545454
        ],
        "precision": [
            0.7810026385224275,
            0.4273589615576635,
            0.0
        ],
        "recall": [
            0.6666666666666666,
            0.8991596638655462,
            0.0
        ],
        "f1": [
            0.7193195625759417,
            0.579357021996616,
            NaN
        ]
    },
    "vpl": {
        "accu": [
            0.3703835227272727
        ],
        "precision": [
            0.3006134969325153,
            0.3871428571428571,
            0.9732142857142857
        ],
        "recall": [
            0.4016393442622951,
            0.6103603603603603,
            0.11449579831932773
        ],
        "f1": [
            0.34385964912280703,
            0.47377622377622375,
            0.20488721804511278
        ]
    }
}