{
    "wml": {
        "accu": [
            0.31214488636363635
        ],
        "precision": [
            0.0,
            0.22715173025732033,
            0.4203778677462888
        ],
        "recall": [
            0.0,
            0.2689075630252101,
            0.659957627118644
        ],
        "f1": [
            NaN,
            0.24627224627224628,
            0.5136026380873866
        ]
    },
    "vpl": {
        "accu": [
            0.6338778409090909
        ],
        "precision": [
            0.6917197452229299,
            0.6268146883005978,
            0.5906976744186047
        ],
        "recall": [
            0.5752118644067796,
            0.7978260869565217,
            0.5336134453781513
        ],
        "f1": [
            0.6281087333718912,
            0.7020564323290291,
            0.5607064017660044
        ]
    }
}