{
    "wml": {
        "accu": [
            0.3465909090909091
        ],
        "precision": [
            NaN,
            0.0,
            0.3784901758014478
        ],
        "recall": [
            0.0,
            0.0,
            1.0
        ],
        "f1": [
            NaN,
            NaN,
            0.5491372843210802
        ]
    },
    "vpl": {
        "accu": [
            0.4088541666666667
        ],
        "precision": [
            0.23402255639097744,
            0.9950248756218906,
            0.34337113805240516
        ],
        "recall": [
            0.17008196721311475,
            0.43478260869565216,
            0.636231884057971
        ],
        "f1": [
            0.19699367088607592,
            0.605143721633888,
            0.4460248920497841
        ]
    }
}