{
    "wml": {
        "accu": [
            0.5490056818181818
        ],
        "precision": [
            0.8566001899335233,
            0.4168708435421771,
            0.7197452229299363
        ],
        "recall": [
            0.6536231884057971,
            0.8630434782608696,
            0.15437158469945356
        ],
        "f1": [
            0.7414714344430745,
            0.5621902289355676,
            0.2542182227221597
        ]
    },
    "vpl": {
        "accu": [
            0.35984848484848486
        ],
        "precision": [
            0.30160354827703856,
            0.518324607329843,
            0.4708333333333333
        ],
        "recall": [
            0.6038251366120219,
            0.21521739130434783,
            0.24565217391304348
        ],
        "f1": [
            0.40227531285551765,
            0.30414746543778803,
            0.32285714285714284
        ]
    }
}