{
    "wml": {
        "accu": [
            0.39488636363636365
        ],
        "precision": [
            0.0,
            0.4117647058823529,
            0.39419934640522875
        ],
        "recall": [
            0.0,
            0.15441176470588236,
            0.9887295081967213
        ],
        "f1": [
            NaN,
            0.22459893048128343,
            0.5636682242990655
        ]
    },
    "vpl": {
        "accu": [
            0.3075284090909091
        ],
        "precision": [
            0.1038961038961039,
            0.39879759519038077,
            0.21014492753623187
        ],
        "recall": [
            0.00819672131147541,
            0.6722972972972973,
            0.27415966386554624
        ],
        "f1": [
            0.01519468186134853,
            0.5006289308176101,
            0.23792160437556972
        ]
    }
}