{
    "wml": {
        "accu": [
            0.2883522727272727
        ],
        "precision": [
            0.0,
            1.0,
            0.3067341377968081
        ],
        "recall": [
            0.0,
            0.025210084033613446,
            0.8073770491803278
        ],
        "f1": [
            NaN,
            0.049180327868852465,
            0.44456981664315937
        ]
    },
    "vpl": {
        "accu": [
            0.24538352272727273
        ],
        "precision": [
            0.016129032258064516,
            0.0,
            0.269909768536681
        ],
        "recall": [
            0.0030737704918032786,
            0.0,
            0.7226890756302521
        ],
        "f1": [
            0.0051635111876075735,
            NaN,
            0.39303056269637243
        ]
    }
}