{
    "wml": {
        "accu": [
            0.35298295454545453
        ],
        "precision": [
            0.3350597609561753,
            NaN,
            0.5
        ],
        "recall": [
            0.9141304347826087,
            0.0,
            0.1620762711864407
        ],
        "f1": [
            0.49037900874635565,
            NaN,
            0.2448
        ]
    },
    "vpl": {
        "accu": [
            0.42578125
        ],
        "precision": [
            0.15331010452961671,
            0.5040485829959515,
            0.4452088452088452
        ],
        "recall": [
            0.046610169491525424,
            0.27065217391304347,
            0.9516806722689075
        ],
        "f1": [
            0.07148659626320064,
            0.35219236209335214,
            0.6066287244727151
        ]
    }
}