{
    "wml": {
        "accu": [
            0.3671875
        ],
        "precision": [
            0.32281553398058255,
            0.3855421686746988,
            NaN
        ],
        "recall": [
            0.29954954954954954,
            0.8067226890756303,
            0.0
        ],
        "f1": [
            0.3107476635514019,
            0.5217391304347826,
            NaN
        ]
    },
    "vpl": {
        "accu": [
            0.3391335227272727
        ],
        "precision": [
            0.028639618138424822,
            NaN,
            0.3934084272006675
        ],
        "recall": [
            0.012295081967213115,
            0.0,
            0.990546218487395
        ],
        "f1": [
            0.017204301075268817,
            NaN,
            0.5631531800537474
        ]
    }
}