{
    "wml": {
        "accu": [
            0.3660037878787879
        ],
        "precision": [
            0.4369369369369369,
            0.2534992223950233,
            0.36914893617021277
        ],
        "recall": [
            0.6326086956521739,
            0.22829131652661064,
            0.24505649717514125
        ],
        "f1": [
            0.5168738898756661,
            0.24023581429624172,
            0.29456706281833617
        ]
    },
    "vpl": {
        "accu": [
            0.4732481060606061
        ],
        "precision": [
            0.47383935151068535,
            0.42389380530973453,
            0.6556836902800659
        ],
        "recall": [
            0.4540960451977401,
            0.6942028985507246,
            0.27871148459383754
        ],
        "f1": [
            0.46375766318067074,
            0.5263736263736264,
            0.3911547911547911
        ]
    }
}