{
    "wml": {
        "accu": [
            0.32670454545454547
        ],
        "precision": [
            0.2255892255892256,
            0.537180910099889,
            0.2294921875
        ],
        "recall": [
            0.22635135135135134,
            0.5084033613445378,
            0.24077868852459017
        ],
        "f1": [
            0.2259696458684654,
            0.5223961144090664,
            0.235
        ]
    },
    "vpl": {
        "accu": [
            0.5014204545454546
        ],
        "precision": [
            0.1927710843373494,
            0.646,
            0.4448484848484848
        ],
        "recall": [
            0.03278688524590164,
            0.7274774774774775,
            0.7710084033613446
        ],
        "f1": [
            0.05604203152364273,
            0.6843220338983051,
            0.5641813989239047
        ]
    }
}