{
    "wml": {
        "accu": [
            0.24538352272727273
        ],
        "precision": [
            0.33766233766233766,
            0.0,
            0.15092674315975288
        ],
        "recall": [
            0.5855855855855856,
            0.0,
            0.17520491803278687
        ],
        "f1": [
            0.42833607907743,
            NaN,
            0.16216216216216214
        ]
    },
    "vpl": {
        "accu": [
            0.2940340909090909
        ],
        "precision": [
            0.3279569892473118,
            0.3147689768976898,
            0.019417475728155338
        ],
        "recall": [
            0.0625,
            0.8592342342342343,
            0.004201680672268907
        ],
        "f1": [
            0.10499139414802065,
            0.46074879227053145,
            0.0069084628670120895
        ]
    }
}