{
    "wml": {
        "accu": [
            0.36754261363636365
        ],
        "precision": [
            0.3754993342210386,
            0.22356091030789826,
            0.5361552028218695
        ],
        "recall": [
            0.6351351351351351,
            0.17542016806722688,
            0.3114754098360656
        ],
        "f1": [
            0.47196652719665266,
            0.19658622719246616,
            0.3940375891121193
        ]
    },
    "vpl": {
        "accu": [
            0.31676136363636365
        ],
        "precision": [
            0.7656675749318801,
            0.21621621621621623,
            0.3253012048192771
        ],
        "recall": [
            0.28790983606557374,
            0.4144144144144144,
            0.2552521008403361
        ],
        "f1": [
            0.41846612062546534,
            0.28416988416988415,
            0.2860506180105944
        ]
    }
}