{
    "wml": {
        "accu": [
            0.4069602272727273
        ],
        "precision": [
            0.2861072902338377,
            0.5421166306695464,
            0.4225092250922509
        ],
        "recall": [
            0.23423423423423423,
            0.26365546218487396,
            0.7038934426229508
        ],
        "f1": [
            0.2575851393188855,
            0.35477031802120146,
            0.5280553420445812
        ]
    },
    "vpl": {
        "accu": [
            0.5472301136363636
        ],
        "precision": [
            0.5122887864823349,
            0.6082910321489001,
            0.46686746987951805
        ],
        "recall": [
            0.6834016393442623,
            0.8096846846846847,
            0.16281512605042017
        ],
        "f1": [
            0.5856014047410009,
            0.6946859903381642,
            0.24143302180685358
        ]
    }
}