{
    "wml": {
        "accu": [
            0.20454545454545456
        ],
        "precision": [
            0.19054441260744986,
            0.0327455919395466,
            0.2903225806451613
        ],
        "recall": [
            0.2891304347826087,
            0.014130434782608696,
            0.3043032786885246
        ],
        "f1": [
            0.229706390328152,
            0.019741837509491267,
            0.29714857428714353
        ]
    },
    "vpl": {
        "accu": [
            0.5234375
        ],
        "precision": [
            0.5138662316476346,
            0.5372460496613995,
            0.49808429118773945
        ],
        "recall": [
            0.6454918032786885,
            0.7760869565217391,
            0.14130434782608695
        ],
        "f1": [
            0.5722070844686648,
            0.634948866162739,
            0.22015241320914478
        ]
    }
}