{
    "wml": {
        "accu": [
            0.37452651515151514
        ],
        "precision": [
            0.41056218057921634,
            0.42842842842842843,
            0.29591214154972545
        ],
        "recall": [
            0.1746376811594203,
            0.6202898550724638,
            0.3312841530054645
        ],
        "f1": [
            0.24504321301474327,
            0.5068087625814092,
            0.31260070899129877
        ]
    },
    "vpl": {
        "accu": [
            0.3790246212121212
        ],
        "precision": [
            0.35856196783349104,
            0.37684210526315787,
            0.41810344827586204
        ],
        "recall": [
            0.51775956284153,
            0.2594202898550725,
            0.35144927536231885
        ],
        "f1": [
            0.4237003912800447,
            0.3072961373390558,
            0.3818897637795275
        ]
    }
}