{
    "wml": {
        "accu": [
            0.5188210227272727
        ],
        "precision": [
            1.0,
            0.0,
            0.420115709835336
        ],
        "recall": [
            0.5619565217391305,
            0.0,
            1.0
        ],
        "f1": [
            0.7195546276965902,
            NaN,
            0.5916640551551238
        ]
    },
    "vpl": {
        "accu": [
            0.30894886363636365
        ],
        "precision": [
            0.0,
            0.23974982626824184,
            0.6935270805812418
        ],
        "recall": [
            0.0,
            0.375,
            0.5514705882352942
        ],
        "f1": [
            NaN,
            0.2924968206867317,
            0.6143943826799297
        ]
    }
}