{
    "wml": {
        "accu": [
            0.35688920454545453
        ],
        "precision": [
            0.32776451869530626,
            0.2765273311897106,
            0.5351437699680511
        ],
        "recall": [
            0.46396396396396394,
            0.2710084033613445,
            0.3432377049180328
        ],
        "f1": [
            0.38414918414918414,
            0.27374005305039784,
            0.41822721598002505
        ]
    },
    "vpl": {
        "accu": [
            0.44673295454545453
        ],
        "precision": [
            0.5256975036710719,
            0.5364806866952789,
            0.20352781546811397
        ],
        "recall": [
            0.3668032786885246,
            0.8445945945945946,
            0.15756302521008403
        ],
        "f1": [
            0.432106216053108,
            0.6561679790026246,
            0.17761989342806395
        ]
    }
}