{
    "wml": {
        "accu": [
            0.4602272727272727
        ],
        "precision": [
            0.5007012622720898,
            0.28054298642533937,
            0.5447042640990372
        ],
        "recall": [
            0.7760869565217391,
            0.20217391304347826,
            0.4057377049180328
        ],
        "f1": [
            0.608695652173913,
            0.23499684144030322,
            0.46506165590135057
        ]
    },
    "vpl": {
        "accu": [
            0.49751420454545453
        ],
        "precision": [
            0.7772972972972974,
            0.37579214195183774,
            0.28434504792332266
        ],
        "recall": [
            0.7366803278688525,
            0.6445652173913043,
            0.0967391304347826
        ],
        "f1": [
            0.7564439768542872,
            0.47477982385908724,
            0.14436334144363341
        ]
    }
}