{
    "wml": {
        "accu": [
            0.5131392045454546
        ],
        "precision": [
            0.4262295081967213,
            0.8125,
            0.7548209366391184
        ],
        "recall": [
            0.9954954954954955,
            0.01365546218487395,
            0.5614754098360656
        ],
        "f1": [
            0.5968939905469277,
            0.02685950413223141,
            0.6439482961222092
        ]
    },
    "vpl": {
        "accu": [
            0.4833096590909091
        ],
        "precision": [
            0.6318131256952169,
            0.5859247135842881,
            0.3330781010719755
        ],
        "recall": [
            0.5819672131147541,
            0.40315315315315314,
            0.4569327731092437
        ],
        "f1": [
            0.6058666666666666,
            0.47765176784523017,
            0.3852967227635075
        ]
    }
}