{
    "wml": {
        "accu": [
            0.3016098484848485
        ],
        "precision": [
            0.19161105815061963,
            0.3075457317073171,
            0.4827586206896552
        ],
        "recall": [
            0.14565217391304347,
            0.5847826086956521,
            0.18169398907103826
        ],
        "f1": [
            0.16550020584602718,
            0.4030969030969031,
            0.2640198511166253
        ]
    },
    "vpl": {
        "accu": [
            0.24242424242424243
        ],
        "precision": [
            0.38098641887062185,
            0.24679760888129804,
            0.12212817412333736
        ],
        "recall": [
            0.3640710382513661,
            0.20942028985507247,
            0.1463768115942029
        ],
        "f1": [
            0.3723367097450227,
            0.22657781262250096,
            0.13315754779169411
        ]
    }
}