{
    "wml": {
        "accu": [
            0.3146306818181818
        ],
        "precision": [
            0.3015695067264574,
            NaN,
            0.3241803278688525
        ],
        "recall": [
            0.3898550724637681,
            0.0,
            0.5586158192090396
        ],
        "f1": [
            0.34007585335018964,
            NaN,
            0.4102697095435685
        ]
    },
    "vpl": {
        "accu": [
            0.4810606060606061
        ],
        "precision": [
            0.49316696375519903,
            0.5132965378825891,
            0.3266423357664234
        ],
        "recall": [
            0.5861581920903954,
            0.741304347826087,
            0.1253501400560224
        ],
        "f1": [
            0.5356566634398192,
            0.606581678031426,
            0.1811740890688259
        ]
    }
}