{
    "wml": {
        "accu": [
            0.34375
        ],
        "precision": [
            0.029914529914529916,
            0.007575757575757576,
            0.46592015579357354
        ],
        "recall": [
            0.007882882882882882,
            0.004201680672268907,
            0.9805327868852459
        ],
        "f1": [
            0.012477718360071301,
            0.005405405405405406,
            0.6316831683168317
        ]
    },
    "vpl": {
        "accu": [
            0.42329545454545453
        ],
        "precision": [
            0.6479750778816199,
            0.2890792291220557,
            0.37551259519625074
        ],
        "recall": [
            0.4262295081967213,
            0.15202702702702703,
            0.6733193277310925
        ],
        "f1": [
            0.5142150803461063,
            0.1992619926199262,
            0.48213614140654376
        ]
    }
}