{
    "wml": {
        "accu": [
            0.5110085227272727
        ],
        "precision": [
            0.7890792291220556,
            0.3773035887487876,
            0.36780258519388953
        ],
        "recall": [
            0.829954954954955,
            0.40861344537815125,
            0.3206967213114754
        ],
        "f1": [
            0.8090010976948409,
            0.3923348461926375,
            0.3426382047071702
        ]
    },
    "vpl": {
        "accu": [
            0.2634943181818182
        ],
        "precision": [
            0.5703001579778831,
            0.18891916439600362,
            0.1598890942698706
        ],
        "recall": [
            0.3698770491803279,
            0.23423423423423423,
            0.18172268907563024
        ],
        "f1": [
            0.44872591671845863,
            0.20915032679738563,
            0.17010816125860373
        ]
    }
}