{
    "wml": {
        "accu": [
            0.2507102272727273
        ],
        "precision": [
            0.1875,
            0.07000946073793755,
            0.5134843581445523
        ],
        "recall": [
            0.16956521739130434,
            0.07773109243697479,
            0.5042372881355932
        ],
        "f1": [
            0.17808219178082188,
            0.07366849178695867,
            0.5088188134687333
        ]
    },
    "vpl": {
        "accu": [
            0.4620028409090909
        ],
        "precision": [
            0.19621749408983452,
            0.5084844938560562,
            0.5102339181286549
        ],
        "recall": [
            0.08792372881355932,
            0.9445652173913044,
            0.36659663865546216
        ],
        "f1": [
            0.1214337966349671,
            0.6610878661087867,
            0.42665036674816625
        ]
    }
}