{
    "wml": {
        "accu": [
            0.4083806818181818
        ],
        "precision": [
            0.5095367847411444,
            0.6646525679758308,
            0.31753283837806967
        ],
        "recall": [
            0.40652173913043477,
            0.23109243697478993,
            0.5889830508474576
        ],
        "f1": [
            0.45223700120918986,
            0.34294621979734996,
            0.4126159554730983
        ]
    },
    "vpl": {
        "accu": [
            0.3153409090909091
        ],
        "precision": [
            0.0847457627118644,
            0.35777894185437403,
            0.24714828897338403
        ],
        "recall": [
            0.01059322033898305,
            0.7423913043478261,
            0.20483193277310924
        ],
        "f1": [
            0.018832391713747645,
            0.4828561329091552,
            0.22400919012062032
        ]
    }
}