{
    "wml": {
        "accu": [
            0.4119318181818182
        ],
        "precision": [
            0.47063758389261745,
            0.16666666666666666,
            0.4102373887240356
        ],
        "recall": [
            0.6097826086956522,
            0.05,
            0.5665983606557377
        ],
        "f1": [
            0.53125,
            0.07692307692307691,
            0.4759036144578313
        ]
    },
    "vpl": {
        "accu": [
            0.42720170454545453
        ],
        "precision": [
            0.4191852825229961,
            0.7193585337915235,
            0.21658206429780033
        ],
        "recall": [
            0.32684426229508196,
            0.6826086956521739,
            0.2782608695652174
        ],
        "f1": [
            0.3672999424294761,
            0.7005019520356943,
            0.24357754519505234
        ]
    }
}