{
    "wml": {
        "accu": [
            0.34907670454545453
        ],
        "precision": [
            0.5927007299270073,
            0.1497005988023952,
            0.3079754601226994
        ],
        "recall": [
            0.4572072072072072,
            0.07878151260504201,
            0.514344262295082
        ],
        "f1": [
            0.5162110616656072,
            0.10323468685478321,
            0.38526477359938605
        ]
    },
    "vpl": {
        "accu": [
            0.4069602272727273
        ],
        "precision": [
            0.9311740890688259,
            0.3142402545743834,
            0.39710365853658536
        ],
        "recall": [
            0.23565573770491804,
            0.44481981981981983,
            0.5472689075630253
        ],
        "f1": [
            0.3761242845461979,
            0.36829836829836826,
            0.46024734982332155
        ]
    }
}