{
    "wml": {
        "accu": [
            0.44673295454545453
        ],
        "precision": [
            0.6743330266789328,
            0.3435374149659864,
            0.21880650994575046
        ],
        "recall": [
            0.8254504504504504,
            0.42436974789915966,
            0.12397540983606557
        ],
        "f1": [
            0.7422784810126581,
            0.37969924812030076,
            0.15827338129496402
        ]
    },
    "vpl": {
        "accu": [
            0.3654119318181818
        ],
        "precision": [
            0.2692793931731985,
            0.705547652916074,
            0.24205748865355523
        ],
        "recall": [
            0.2182377049180328,
            0.5585585585585585,
            0.33613445378151263
        ],
        "f1": [
            0.24108658743633277,
            0.623507228158391,
            0.2814423922603342
        ]
    }
}