{
    "wml": {
        "accu": [
            0.28267045454545453
        ],
        "precision": [
            0.13310185185185186,
            0.3172690763052209,
            0.359697386519945
        ],
        "recall": [
            0.125,
            0.16596638655462184,
            0.5540254237288136
        ],
        "f1": [
            0.1289237668161435,
            0.21793103448275858,
            0.4361968306922436
        ]
    },
    "vpl": {
        "accu": [
            0.3380681818181818
        ],
        "precision": [
            0.07977736549165121,
            0.38634146341463416,
            0.4097444089456869
        ],
        "recall": [
            0.045550847457627115,
            0.43043478260869567,
            0.5388655462184874
        ],
        "f1": [
            0.05799055967633176,
            0.40719794344473004,
            0.4655172413793104
        ]
    }
}