{
    "wml": {
        "accu": [
            0.5553977272727273
        ],
        "precision": [
            0.5162311955661124,
            0.48494623655913977,
            0.7399678972712681
        ],
        "recall": [
            0.7342342342342343,
            0.4737394957983193,
            0.4723360655737705
        ],
        "f1": [
            0.6062296606229661,
            0.4792773645058448,
            0.5766103814884302
        ]
    },
    "vpl": {
        "accu": [
            0.37251420454545453
        ],
        "precision": [
            0.2807017543859649,
            0.29723991507430997,
            0.5373592630501536
        ],
        "recall": [
            0.39344262295081966,
            0.15765765765765766,
            0.5514705882352942
        ],
        "f1": [
            0.32764505119453924,
            0.20603384841795438,
            0.5443234836702955
        ]
    }
}