{
    "wml": {
        "accu": [
            0.4296875
        ],
        "precision": [
            0.40625,
            0.6640866873065016,
            0.35776277724204436
        ],
        "recall": [
            0.04391891891891892,
            0.45063025210084034,
            0.7602459016393442
        ],
        "f1": [
            0.07926829268292683,
            0.5369211514392991,
            0.48655737704918034
        ]
    },
    "vpl": {
        "accu": [
            0.3693181818181818
        ],
        "precision": [
            0.36489151873767256,
            0.0,
            0.48154093097913325
        ],
        "recall": [
            0.7581967213114754,
            0.0,
            0.31512605042016806
        ],
        "f1": [
            0.4926764314247669,
            NaN,
            0.38095238095238093
        ]
    }
}