{
    "wml": {
        "accu": [
            0.4353693181818182
        ],
        "precision": [
            0.43552311435523117,
            0.12779552715654952,
            0.5017301038062284
        ],
        "recall": [
            0.7782608695652173,
            0.028011204481792718,
            0.5120056497175142
        ],
        "f1": [
            0.5585023400936037,
            0.0459506031016657,
            0.5068157986717932
        ]
    },
    "vpl": {
        "accu": [
            0.390625
        ],
        "precision": [
            0.5390676296782666,
            0.2835570469798658,
            0.31353919239904987
        ],
        "recall": [
            0.5798022598870056,
            0.12246376811594203,
            0.46218487394957986
        ],
        "f1": [
            0.558693433140524,
            0.17105263157894737,
            0.373620152844608
        ]
    }
}