{
    "wml": {
        "accu": [
            0.5054450757575758
        ],
        "precision": [
            0.4927782497875956,
            0.42289156626506025,
            0.6149963950973324
        ],
        "recall": [
            0.42028985507246375,
            0.49159663865546216,
            0.6024011299435028
        ],
        "f1": [
            0.45365662886194763,
            0.45466321243523317,
            0.6086336068498037
        ]
    },
    "vpl": {
        "accu": [
            0.3683712121212121
        ],
        "precision": [
            0.31833150384193193,
            0.5628891656288917,
            0.2120679554774458
        ],
        "recall": [
            0.20480225988700565,
            0.6550724637681159,
            0.2535014005602241
        ],
        "f1": [
            0.24924795874516542,
            0.6054922973878097,
            0.23094098883572567
        ]
    }
}