{
    "wml": {
        "accu": [
            0.4499289772727273
        ],
        "precision": [
            0.5225744476464937,
            0.23711340206185566,
            0.44070080862533695
        ],
        "recall": [
            0.6126126126126126,
            0.07247899159663866,
            0.6700819672131147
        ],
        "f1": [
            0.5640228097459824,
            0.11102172164119067,
            0.5317073170731708
        ]
    },
    "vpl": {
        "accu": [
            0.38032670454545453
        ],
        "precision": [
            0.3525691699604743,
            0.0,
            0.7682403433476395
        ],
        "recall": [
            0.9139344262295082,
            0.0,
            0.1880252100840336
        ],
        "f1": [
            0.5088419851682829,
            NaN,
            0.3021097046413502
        ]
    }
}