{
    "wml": {
        "accu": [
            0.60546875
        ],
        "precision": [
            0.5144880875724405,
            0.7014028056112225,
            0.7277486910994765
        ],
        "recall": [
            0.8997747747747747,
            0.36764705882352944,
            0.569672131147541
        ],
        "f1": [
            0.6546497337156902,
            0.4824259131633356,
            0.6390804597701151
        ]
    },
    "vpl": {
        "accu": [
            0.47514204545454547
        ],
        "precision": [
            0.40376175548589344,
            0.7968197879858657,
            0.3709923664122137
        ],
        "recall": [
            0.6598360655737705,
            0.5078828828828829,
            0.2552521008403361
        ],
        "f1": [
            0.50097238428627,
            0.6203576341127923,
            0.30242688238954574
        ]
    }
}