{
    "wml": {
        "accu": [
            0.15163352272727273
        ],
        "precision": [
            0.175,
            0.10669610007358352,
            0.23980815347721823
        ],
        "recall": [
            0.19782608695652174,
            0.15231092436974789,
            0.1059322033898305
        ],
        "f1": [
            0.18571428571428572,
            0.12548680225010816,
            0.14695077149155034
        ]
    },
    "vpl": {
        "accu": [
            0.3643465909090909
        ],
        "precision": [
            0.30165289256198347,
            0.3530360021493821,
            0.6550218340611353
        ],
        "recall": [
            0.2319915254237288,
            0.7141304347826087,
            0.15756302521008403
        ],
        "f1": [
            0.2622754491017964,
            0.47249190938511326,
            0.2540220152413209
        ]
    }
}