{
    "wml": {
        "accu": [
            0.2578125
        ],
        "precision": [
            0.27088305489260145,
            0.27607361963190186,
            0.0
        ],
        "recall": [
            0.7402173913043478,
            0.04726890756302521,
            0.0
        ],
        "f1": [
            0.3966220151426908,
            0.08071748878923767,
            NaN
        ]
    },
    "vpl": {
        "accu": [
            0.31995738636363635
        ],
        "precision": [
            0.09388335704125178,
            0.4989106753812636,
            0.36638452237001207
        ],
        "recall": [
            0.06991525423728813,
            0.24891304347826088,
            0.6365546218487395
        ],
        "f1": [
            0.0801457194899818,
            0.3321247280638144,
            0.4650805832693783
        ]
    }
}