{
    "wml": {
        "accu": [
            0.4588068181818182
        ],
        "precision": [
            1.0,
            0.8857142857142857,
            0.3948220064724919
        ],
        "recall": [
            0.11148648648648649,
            0.22794117647058823,
            1.0
        ],
        "f1": [
            0.2006079027355623,
            0.3625730994152046,
            0.5661252900232018
        ]
    },
    "vpl": {
        "accu": [
            0.28515625
        ],
        "precision": [
            0.0028763183125599234,
            0.649325626204239,
            0.36921850079744817
        ],
        "recall": [
            0.0030737704918032786,
            0.3795045045045045,
            0.48634453781512604
        ],
        "f1": [
            0.0029717682020802376,
            0.47903340440653874,
            0.4197642792384407
        ]
    }
}