{
    "wml": {
        "accu": [
            0.3224431818181818
        ],
        "precision": [
            0.3028685790527018,
            0.36865148861646235,
            0.18857142857142858
        ],
        "recall": [
            0.5112612612612613,
            0.4422268907563025,
            0.03381147540983607
        ],
        "f1": [
            0.38039379974863846,
            0.40210124164278893,
            0.05734144222415291
        ]
    },
    "vpl": {
        "accu": [
            0.47017045454545453
        ],
        "precision": [
            0.5164705882352941,
            0.5558086560364465,
            0.2983751846381093
        ],
        "recall": [
            0.8995901639344263,
            0.2747747747747748,
            0.21218487394957983
        ],
        "f1": [
            0.6562032884902841,
            0.36774679728711385,
            0.24800491098833635
        ]
    }
}