{
    "wml": {
        "accu": [
            0.4069602272727273
        ],
        "precision": [
            0.6547169811320754,
            0.405440414507772,
            0.32100396301188905
        ],
        "recall": [
            0.37717391304347825,
            0.3402173913043478,
            0.4979508196721312
        ],
        "f1": [
            0.47862068965517235,
            0.36997635933806144,
            0.3903614457831326
        ]
    },
    "vpl": {
        "accu": [
            0.28657670454545453
        ],
        "precision": [
            0.18170103092783504,
            0.4857142857142857,
            0.3236907730673317
        ],
        "recall": [
            0.1444672131147541,
            0.01847826086956522,
            0.7054347826086956
        ],
        "f1": [
            0.16095890410958905,
            0.0356020942408377,
            0.4437606837606838
        ]
    }
}