{
    "wml": {
        "accu": [
            0.4303977272727273
        ],
        "precision": [
            0.4779270633397313,
            0.39706862091938705,
            0.43223443223443225
        ],
        "recall": [
            0.5413043478260869,
            0.6260504201680672,
            0.125
        ],
        "f1": [
            0.5076452599388379,
            0.48593558907460255,
            0.19391947411668037
        ]
    },
    "vpl": {
        "accu": [
            0.3625710227272727
        ],
        "precision": [
            0.3641207815275311,
            0.36732929991356955,
            0.35675182481751827
        ],
        "recall": [
            0.21716101694915255,
            0.46195652173913043,
            0.4107142857142857
        ],
        "f1": [
            0.27206370272063707,
            0.4092441020702937,
            0.3818359375
        ]
    }
}