{
    "wml": {
        "accu": [
            0.3224431818181818
        ],
        "precision": [
            0.32651039947177285,
            0.7317073170731707,
            0.2972270363951473
        ],
        "recall": [
            0.7166666666666667,
            0.021739130434782608,
            0.2342896174863388
        ],
        "f1": [
            0.4486278067589022,
            0.0422237860661506,
            0.2620320855614973
        ]
    },
    "vpl": {
        "accu": [
            0.595407196969697
        ],
        "precision": [
            0.5890778871978514,
            0.6918412348401323,
            0.46558391337973704
        ],
        "recall": [
            0.4494535519125683,
            0.9094202898550725,
            0.43623188405797103
        ],
        "f1": [
            0.5098798915149166,
            0.785848465873513,
            0.45043022820800593
        ]
    }
}