{
    "wml": {
        "accu": [
            0.38896780303030304
        ],
        "precision": [
            0.4183463595228301,
            0.2787878787878788,
            0.3650034176349966
        ],
        "recall": [
            0.7369565217391304,
            0.06666666666666667,
            0.36475409836065575
        ],
        "f1": [
            0.533718184203621,
            0.10760233918128656,
            0.3648787154082679
        ]
    },
    "vpl": {
        "accu": [
            0.515625
        ],
        "precision": [
            0.5036231884057971,
            0.6949509116409537,
            0.3724911452184179
        ],
        "recall": [
            0.3797814207650273,
            0.7181159420289855,
            0.4572463768115942
        ],
        "f1": [
            0.43302180685358255,
            0.706343549536707,
            0.41054001301236176
        ]
    }
}