{
    "wml": {
        "accu": [
            0.6072443181818182
        ],
        "precision": [
            0.9979423868312757,
            0.558252427184466,
            0.514018691588785
        ],
        "recall": [
            0.5461711711711712,
            0.36239495798319327,
            0.9016393442622951
        ],
        "f1": [
            0.7059679767103348,
            0.4394904458598726,
            0.6547619047619048
        ]
    },
    "vpl": {
        "accu": [
            0.2990056818181818
        ],
        "precision": [
            0.8169014084507042,
            0.3076923076923077,
            0.18219461697722567
        ],
        "recall": [
            0.05942622950819672,
            0.7837837837837838,
            0.09243697478991597
        ],
        "f1": [
            0.110792741165234,
            0.4419047619047619,
            0.1226480836236934
        ]
    }
}