{
    "wml": {
        "accu": [
            0.5344460227272727
        ],
        "precision": [
            0.6670886075949367,
            0.545,
            0.4759036144578313
        ],
        "recall": [
            0.5934684684684685,
            0.11449579831932773,
            0.8903688524590164
        ],
        "f1": [
            0.6281287246722288,
            0.1892361111111111,
            0.6202712348322627
        ]
    },
    "vpl": {
        "accu": [
            0.3806818181818182
        ],
        "precision": [
            0.7948717948717948,
            0.25549658832448824,
            0.22264150943396227
        ],
        "recall": [
            0.5717213114754098,
            0.3795045045045045,
            0.18592436974789917
        ],
        "f1": [
            0.6650774731823599,
            0.3053919347530584,
            0.20263308528906696
        ]
    }
}