{
    "wml": {
        "accu": [
            0.6022727272727273
        ],
        "precision": [
            0.7283298097251586,
            0.5712209302325582,
            0.5194585448392555
        ],
        "recall": [
            0.7759009009009009,
            0.41281512605042014,
            0.6290983606557377
        ],
        "f1": [
            0.7513631406761178,
            0.4792682926829268,
            0.5690454124189064
        ]
    },
    "vpl": {
        "accu": [
            0.39098011363636365
        ],
        "precision": [
            0.40074135090609553,
            0.3992932862190813,
            0.14285714285714285
        ],
        "recall": [
            0.9969262295081968,
            0.12725225225225226,
            0.015756302521008403
        ],
        "f1": [
            0.5716803760282021,
            0.192997438087105,
            0.028382213812677387
        ]
    }
}