{
    "wml": {
        "accu": [
            0.5593039772727273
        ],
        "precision": [
            0.5535714285714286,
            0.7442748091603053,
            0.5290275761973875
        ],
        "recall": [
            0.7331081081081081,
            0.20483193277310924,
            0.7469262295081968
        ],
        "f1": [
            0.6308139534883721,
            0.3212520593080725,
            0.6193712829226847
        ]
    },
    "vpl": {
        "accu": [
            0.4598721590909091
        ],
        "precision": [
            0.466893039049236,
            0.2507462686567164,
            0.5072908672294705
        ],
        "recall": [
            0.5635245901639344,
            0.0945945945945946,
            0.694327731092437
        ],
        "f1": [
            0.510677808727948,
            0.13736713000817663,
            0.5862527716186252
        ]
    }
}