{
    "wml": {
        "accu": [
            0.29048295454545453
        ],
        "precision": [
            0.27232142857142855,
            0.02666666666666667,
            0.4788732394366197
        ],
        "recall": [
            0.6869369369369369,
            0.004201680672268907,
            0.20901639344262296
        ],
        "f1": [
            0.3900255754475703,
            0.007259528130671506,
            0.29101283880171186
        ]
    },
    "vpl": {
        "accu": [
            0.4034090909090909
        ],
        "precision": [
            0.4167862266857963,
            0.41482194417709334,
            0.3237597911227154
        ],
        "recall": [
            0.5952868852459017,
            0.48536036036036034,
            0.13025210084033614
        ],
        "f1": [
            0.49029535864978907,
            0.4473274519979242,
            0.1857677902621723
        ]
    }
}