{
    "wml": {
        "accu": [
            0.4002130681818182
        ],
        "precision": [
            0.4603340292275574,
            0.0,
            0.37568455640744797
        ],
        "recall": [
            0.4966216216216216,
            0.0,
            0.7028688524590164
        ],
        "f1": [
            0.47778981581798485,
            NaN,
            0.4896502498215561
        ]
    },
    "vpl": {
        "accu": [
            0.40625
        ],
        "precision": [
            0.0,
            0.7416107382550335,
            0.3674363057324841
        ],
        "recall": [
            0.0,
            0.24887387387387389,
            0.9695378151260504
        ],
        "f1": [
            NaN,
            0.372681281618887,
            0.5329099307159354
        ]
    }
}