{
    "wml": {
        "accu": [
            0.44673295454545453
        ],
        "precision": [
            0.39574468085106385,
            0.5133136094674556,
            0.5252525252525253
        ],
        "recall": [
            0.7076086956521739,
            0.3644957983193277,
            0.2754237288135593
        ],
        "f1": [
            0.5076023391812865,
            0.4262899262899263,
            0.3613620569840167
        ]
    },
    "vpl": {
        "accu": [
            0.3125
        ],
        "precision": [
            0.33943833943833945,
            0.09292035398230089,
            0.18796992481203006
        ],
        "recall": [
            0.8834745762711864,
            0.02282608695652174,
            0.026260504201680673
        ],
        "f1": [
            0.4904439870626286,
            0.03664921465968586,
            0.04608294930875576
        ]
    }
}