{
    "wml": {
        "accu": [
            0.6150568181818182
        ],
        "precision": [
            0.5323741007194245,
            0.8415841584158416,
            0.7249283667621776
        ],
        "recall": [
            1.0,
            0.08928571428571429,
            0.7776639344262295
        ],
        "f1": [
            0.6948356807511737,
            0.16144349477682812,
            0.7503707365299062
        ]
    },
    "vpl": {
        "accu": [
            0.3465909090909091
        ],
        "precision": [
            0.3465909090909091,
            NaN,
            NaN
        ],
        "recall": [
            1.0,
            0.0,
            0.0
        ],
        "f1": [
            0.5147679324894515,
            NaN,
            NaN
        ]
    }
}