{
    "wml": {
        "accu": [
            0.34517045454545453
        ],
        "precision": [
            0.24187153053132435,
            0.39897435897435896,
            0.4793103448275862
        ],
        "recall": [
            0.34346846846846846,
            0.40861344537815125,
            0.2848360655737705
        ],
        "f1": [
            0.2838529548627268,
            0.4037363777893098,
            0.3573264781491003
        ]
    },
    "vpl": {
        "accu": [
            0.4655539772727273
        ],
        "precision": [
            0.59846547314578,
            0.4884488448844885,
            0.3113673805601318
        ],
        "recall": [
            0.23975409836065573,
            1.0,
            0.19852941176470587
        ],
        "f1": [
            0.3423555230431602,
            0.6563192904656319,
            0.24246311738293777
        ]
    }
}