{
    "wml": {
        "accu": [
            0.5071022727272727
        ],
        "precision": [
            0.5166487647690655,
            0.49791955617198336,
            0.5175879396984925
        ],
        "recall": [
            0.6971014492753623,
            0.7542016806722689,
            0.07274011299435028
        ],
        "f1": [
            0.5934608266502159,
            0.5998329156223894,
            0.12755417956656348
        ]
    },
    "vpl": {
        "accu": [
            0.38920454545454547
        ],
        "precision": [
            0.46856810244470315,
            0.32489146164978294,
            0.3469750889679715
        ],
        "recall": [
            0.568502824858757,
            0.3253623188405797,
            0.27310924369747897
        ],
        "f1": [
            0.5137204850031908,
            0.32512671976828383,
            0.3056426332288401
        ]
    }
}