{
    "wml": {
        "accu": [
            0.4708806818181818
        ],
        "precision": [
            0.6573670444638187,
            0.3427201917315758,
            NaN
        ],
        "recall": [
            0.8195652173913044,
            0.6008403361344538,
            0.0
        ],
        "f1": [
            0.729559748427673,
            0.4364746280045784,
            NaN
        ]
    },
    "vpl": {
        "accu": [
            0.36470170454545453
        ],
        "precision": [
            0.0,
            0.9770114942528736,
            0.35954198473282445
        ],
        "recall": [
            0.0,
            0.09239130434782608,
            0.9894957983193278
        ],
        "f1": [
            NaN,
            0.16881827209533265,
            0.5274356103023516
        ]
    }
}