{
    "wml": {
        "accu": [
            0.4933712121212121
        ],
        "precision": [
            0.0,
            0.36977007161703734,
            0.7043422733077905
        ],
        "recall": [
            0.0,
            0.6869747899159664,
            0.778954802259887
        ],
        "f1": [
            NaN,
            0.4807645185003676,
            0.7397719651240778
        ]
    },
    "vpl": {
        "accu": [
            0.24076704545454544
        ],
        "precision": [
            0.035398230088495575,
            0.06658809664113141,
            0.3728251864125932
        ],
        "recall": [
            0.002824858757062147,
            0.08188405797101449,
            0.6302521008403361
        ],
        "f1": [
            0.005232177894048397,
            0.0734481637959051,
            0.46850598646538266
        ]
    }
}