{
    "wml": {
        "accu": [
            0.26420454545454547
        ],
        "precision": [
            0.2851805728518057,
            0.055130168453292494,
            0.3522058823529412
        ],
        "recall": [
            0.24891304347826088,
            0.037815126050420166,
            0.5074152542372882
        ],
        "f1": [
            0.2658154381892049,
            0.044859813084112146,
            0.41579861111111116
        ]
    },
    "vpl": {
        "accu": [
            0.23188920454545456
        ],
        "precision": [
            0.22959522229595222,
            0.7956204379562044,
            0.1689419795221843
        ],
        "recall": [
            0.3665254237288136,
            0.11847826086956521,
            0.20798319327731093
        ],
        "f1": [
            0.28233374133006933,
            0.20624408703878902,
            0.1864406779661017
        ]
    }
}