{
    "wml": {
        "accu": [
            0.48082386363636365
        ],
        "precision": [
            0.5387788778877888,
            0.29714285714285715,
            0.6332637439109255
        ],
        "recall": [
            0.4731884057971015,
            0.3277310924369748,
            0.6426553672316384
        ],
        "f1": [
            0.503858024691358,
            0.31168831168831174,
            0.6379249912372941
        ]
    },
    "vpl": {
        "accu": [
            0.3456439393939394
        ],
        "precision": [
            0.603448275862069,
            0.2935522627152583,
            0.29776915615906885
        ],
        "recall": [
            0.2966101694915254,
            0.5311594202898551,
            0.21498599439775912
        ],
        "f1": [
            0.39772727272727276,
            0.37812741810678363,
            0.2496949979666531
        ]
    }
}