{
    "wml": {
        "accu": [
            0.4747869318181818
        ],
        "precision": [
            0.83984375,
            0.5215208034433285,
            0.33876500857632935
        ],
        "recall": [
            0.24211711711711711,
            0.7636554621848739,
            0.4047131147540984
        ],
        "f1": [
            0.3758741258741259,
            0.6197783461210571,
            0.3688141923436041
        ]
    },
    "vpl": {
        "accu": [
            0.2936789772727273
        ],
        "precision": [
            0.20926243567753003,
            0.6619718309859155,
            0.1582591493570722
        ],
        "recall": [
            0.25,
            0.47635135135135137,
            0.16806722689075632
        ],
        "f1": [
            0.2278244631185808,
            0.5540275049115915,
            0.163015792154865
        ]
    }
}