{
    "wml": {
        "accu": [
            0.3984375
        ],
        "precision": [
            0.31977630910015253,
            0.5745393634840871,
            0.5952380952380952
        ],
        "recall": [
            0.7083333333333334,
            0.3602941176470588,
            0.15368852459016394
        ],
        "f1": [
            0.440630472854641,
            0.4428663653970304,
            0.244299674267101
        ]
    },
    "vpl": {
        "accu": [
            0.6374289772727273
        ],
        "precision": [
            0.5891812865497076,
            0.9225225225225225,
            0.5580215599239061
        ],
        "recall": [
            0.41290983606557374,
            0.5765765765765766,
            0.9243697478991597
        ],
        "f1": [
            0.4855421686746988,
            0.7096327096327097,
            0.6959272439699485
        ]
    }
}