{
    "wml": {
        "accu": [
            0.4119318181818182
        ],
        "precision": [
            0.5024356297842728,
            0.436498150431566,
            0.14788732394366197
        ],
        "recall": [
            0.7847826086956522,
            0.37184873949579833,
            0.08898305084745763
        ],
        "f1": [
            0.6126431904963938,
            0.401588201928531,
            0.1111111111111111
        ]
    },
    "vpl": {
        "accu": [
            0.41938920454545453
        ],
        "precision": [
            0.058823529411764705,
            0.4103896103896104,
            0.6212624584717608
        ],
        "recall": [
            0.018008474576271187,
            0.8586956521739131,
            0.39285714285714285
        ],
        "f1": [
            0.027575020275750206,
            0.5553602811950792,
            0.48133848133848134
        ]
    }
}