{
    "wml": {
        "accu": [
            0.23366477272727273
        ],
        "precision": [
            0.1720524017467249,
            0.2981132075471698,
            0.26555652936021035
        ],
        "recall": [
            0.22184684684684686,
            0.16596638655462184,
            0.3104508196721312
        ],
        "f1": [
            0.19380226266601083,
            0.21322537112010792,
            0.2862541332073689
        ]
    },
    "vpl": {
        "accu": [
            0.4953835227272727
        ],
        "precision": [
            0.5268817204301075,
            0.33037037037037037,
            0.5631709331131296
        ],
        "recall": [
            0.5020491803278688,
            0.2511261261261261,
            0.7163865546218487
        ],
        "f1": [
            0.5141657922350471,
            0.2853486884197057,
            0.6306056403143782
        ]
    }
}