{
    "wml": {
        "accu": [
            0.4641335227272727
        ],
        "precision": [
            0.30670103092783507,
            0.2877569258266309,
            0.6615737203972498
        ],
        "recall": [
            0.134009009009009,
            0.3382352941176471,
            0.8872950819672131
        ],
        "f1": [
            0.1865203761755486,
            0.31096088845968134,
            0.7579868708971553
        ]
    },
    "vpl": {
        "accu": [
            0.37926136363636365
        ],
        "precision": [
            1.0,
            0.35080645161290325,
            0.5843373493975904
        ],
        "recall": [
            0.004098360655737705,
            0.9797297297297297,
            0.20378151260504201
        ],
        "f1": [
            0.00816326530612245,
            0.5166270783847982,
            0.30218068535825543
        ]
    }
}