{
    "wml": {
        "accu": [
            0.609375
        ],
        "precision": [
            0.9984350547730829,
            0.6183908045977011,
            0.4951754385964912
        ],
        "recall": [
            0.4623188405797101,
            0.5847826086956521,
            0.7711748633879781
        ],
        "f1": [
            0.6319960376423972,
            0.6011173184357541,
            0.6030982905982907
        ]
    },
    "vpl": {
        "accu": [
            0.513967803030303
        ],
        "precision": [
            0.7131964809384165,
            0.4329073482428115,
            0.3613312202852615
        ],
        "recall": [
            0.8306010928961749,
            0.1963768115942029,
            0.4956521739130435
        ],
        "f1": [
            0.7674345219312086,
            0.2701894317048853,
            0.4179651695692026
        ]
    }
}