{
    "wml": {
        "accu": [
            0.45951704545454547
        ],
        "precision": [
            0.9478672985781991,
            0.2800687285223368,
            0.4602076124567474
        ],
        "recall": [
            0.22522522522522523,
            0.17121848739495799,
            0.9538934426229508
        ],
        "f1": [
            0.3639672429481347,
            0.21251629726205998,
            0.6208736245415138
        ]
    },
    "vpl": {
        "accu": [
            0.6530539772727273
        ],
        "precision": [
            0.5986111111111111,
            0.7104072398190046,
            0.709349593495935
        ],
        "recall": [
            0.8831967213114754,
            0.7072072072072072,
            0.36659663865546216
        ],
        "f1": [
            0.7135761589403974,
            0.708803611738149,
            0.4833795013850416
        ]
    }
}