{
    "wml": {
        "accu": [
            0.4676846590909091
        ],
        "precision": [
            0.5936842105263158,
            0.38345864661654133,
            0.4496385542168675
        ],
        "recall": [
            0.31756756756756754,
            0.10714285714285714,
            0.9559426229508197
        ],
        "f1": [
            0.41379310344827586,
            0.16748768472906403,
            0.6116027531956736
        ]
    },
    "vpl": {
        "accu": [
            0.34765625
        ],
        "precision": [
            0.29873039581777444,
            0.6361221779548473,
            0.13812154696132597
        ],
        "recall": [
            0.4098360655737705,
            0.5394144144144144,
            0.10504201680672269
        ],
        "f1": [
            0.345572354211663,
            0.5837903717245582,
            0.11933174224343676
        ]
    }
}