{
    "wml": {
        "accu": [
            0.5738636363636364
        ],
        "precision": [
            0.9968944099378882,
            0.6002604166666666,
            0.4831981460023175
        ],
        "recall": [
            0.3614864864864865,
            0.4842436974789916,
            0.8545081967213115
        ],
        "f1": [
            0.5305785123966943,
            0.5360465116279071,
            0.6173205033308661
        ]
    },
    "vpl": {
        "accu": [
            0.6033380681818182
        ],
        "precision": [
            0.7265803503427266,
            0.5239099859353024,
            0.0
        ],
        "recall": [
            0.9774590163934426,
            0.838963963963964,
            0.0
        ],
        "f1": [
            0.8335517693315858,
            0.645021645021645,
            NaN
        ]
    }
}