{
    "wml": {
        "accu": [
            0.6347064393939394
        ],
        "precision": [
            0.6760493827160494,
            0.4339622641509434,
            0.6628278950735764
        ],
        "recall": [
            0.9920289855072464,
            0.19327731092436976,
            0.731638418079096
        ],
        "f1": [
            0.8041116005873715,
            0.2674418604651163,
            0.6955354145686472
        ]
    },
    "vpl": {
        "accu": [
            0.2767518939393939
        ],
        "precision": [
            0.36013071895424836,
            0.0,
            0.3315450643776824
        ],
        "recall": [
            0.3891242937853107,
            0.0,
            0.4327731092436975
        ],
        "f1": [
            0.3740665308893415,
            NaN,
            0.3754556500607533
        ]
    }
}