{
    "wml": {
        "accu": [
            0.5980113636363636
        ],
        "precision": [
            1.0,
            0.4780457637600495,
            0.4158215010141988
        ],
        "recall": [
            0.795045045045045,
            0.8119747899159664,
            0.21004098360655737
        ],
        "f1": [
            0.8858218318695107,
            0.6017905799922149,
            0.27910142954390743
        ]
    },
    "vpl": {
        "accu": [
            0.25639204545454547
        ],
        "precision": [
            0.36041189931350115,
            0.27163198247535597,
            0.15451895043731778
        ],
        "recall": [
            0.32274590163934425,
            0.27927927927927926,
            0.16701680672268907
        ],
        "f1": [
            0.3405405405405405,
            0.27540255413659076,
            0.16052498738011106
        ]
    }
}