{
    "wml": {
        "accu": [
            0.30610795454545453
        ],
        "precision": [
            0.26778711484593837,
            0.3742953776775648,
            0.3611111111111111
        ],
        "recall": [
            0.5195652173913043,
            0.3487394957983193,
            0.05508474576271186
        ],
        "f1": [
            0.3534195933456562,
            0.3610657966286025,
            0.09558823529411764
        ]
    },
    "vpl": {
        "accu": [
            0.24431818181818182
        ],
        "precision": [
            0.22286661143330572,
            0.2519736842105263,
            0.4044943820224719
        ],
        "recall": [
            0.2849576271186441,
            0.41630434782608694,
            0.037815126050420166
        ],
        "f1": [
            0.2501162250116225,
            0.3139344262295081,
            0.06916426512968299
        ]
    }
}