{
    "wml": {
        "accu": [
            0.5330255681818182
        ],
        "precision": [
            0.5493046776232617,
            0.5182724252491694,
            0.26666666666666666
        ],
        "recall": [
            0.9786036036036037,
            0.6554621848739496,
            0.00819672131147541
        ],
        "f1": [
            0.7036437246963563,
            0.5788497217068646,
            0.015904572564612324
        ]
    },
    "vpl": {
        "accu": [
            0.35014204545454547
        ],
        "precision": [
            0.4694178334561533,
            0.34773869346733666,
            0.00646551724137931
        ],
        "recall": [
            0.6526639344262295,
            0.38963963963963966,
            0.0031512605042016808
        ],
        "f1": [
            0.5460780111444493,
            0.3674986723313861,
            0.00423728813559322
        ]
    }
}