{
    "wml": {
        "accu": [
            0.3977272727272727
        ],
        "precision": [
            0.25404732254047324,
            0.5190243902439025,
            0.972972972972973
        ],
        "recall": [
            0.4594594594594595,
            0.5588235294117647,
            0.18442622950819673
        ],
        "f1": [
            0.3271852445870088,
            0.5381891755184623,
            0.310077519379845
        ]
    },
    "vpl": {
        "accu": [
            0.4186789772727273
        ],
        "precision": [
            NaN,
            1.0,
            0.36770954036307457
        ],
        "recall": [
            0.0,
            0.25563063063063063,
            1.0
        ],
        "f1": [
            NaN,
            0.40717488789237666,
            0.5377012143462299
        ]
    }
}