{
    "wml": {
        "accu": [
            0.46519886363636365
        ],
        "precision": [
            0.4635258358662614,
            0.4981389578163772,
            0.36996336996337
        ],
        "recall": [
            0.34346846846846846,
            0.8434873949579832,
            0.2069672131147541
        ],
        "f1": [
            0.3945666235446313,
            0.6263650546021842,
            0.2654402102496715
        ]
    },
    "vpl": {
        "accu": [
            0.41015625
        ],
        "precision": [
            0.5335753176043557,
            0.41221794166208037,
            0.25
        ],
        "recall": [
            0.3012295081967213,
            0.8434684684684685,
            0.11764705882352941
        ],
        "f1": [
            0.38506876227897835,
            0.5537892791127541,
            0.15999999999999998
        ]
    }
}