{
    "wml": {
        "accu": [
            0.35973011363636365
        ],
        "precision": [
            0.45178105994787143,
            0.0944527736131934,
            0.4308617234468938
        ],
        "recall": [
            0.5855855855855856,
            0.0661764705882353,
            0.4405737704918033
        ],
        "f1": [
            0.5100539480137323,
            0.0778258184064237,
            0.4356636271529889
        ]
    },
    "vpl": {
        "accu": [
            0.3469460227272727
        ],
        "precision": [
            0.4810126582278481,
            0.3333333333333333,
            0.3443708609271523
        ],
        "recall": [
            0.0778688524590164,
            0.48761261261261263,
            0.49159663865546216
        ],
        "f1": [
            0.13403880070546736,
            0.39597622313671693,
            0.4050194720900043
        ]
    }
}