{
    "wml": {
        "accu": [
            0.22194602272727273
        ],
        "precision": [
            0.4503464203233256,
            0.013157894736842105,
            0.030782761653474055
        ],
        "recall": [
            0.6587837837837838,
            0.005252100840336135,
            0.035860655737704916
        ],
        "f1": [
            0.5349794238683128,
            0.0075075075075075074,
            0.03312825366777094
        ]
    },
    "vpl": {
        "accu": [
            0.5568181818181818
        ],
        "precision": [
            0.5854126679462572,
            0.5036630036630036,
            0.5561889250814332
        ],
        "recall": [
            0.625,
            0.3096846846846847,
            0.717436974789916
        ],
        "f1": [
            0.6045589692765114,
            0.38354253835425384,
            0.6266055045871559
        ]
    }
}