{
    "wml": {
        "accu": [
            0.6278409090909091
        ],
        "precision": [
            0.66327329678935,
            0.4580152671755725,
            0.6115056818181818
        ],
        "recall": [
            0.9206521739130434,
            0.06302521008403361,
            0.9120762711864406
        ],
        "f1": [
            0.7710514337733273,
            0.11080332409972299,
            0.7321428571428571
        ]
    },
    "vpl": {
        "accu": [
            0.2990056818181818
        ],
        "precision": [
            0.24082934609250398,
            0.3359375,
            0.02127659574468085
        ],
        "recall": [
            0.15995762711864406,
            0.7478260869565218,
            0.0031512605042016808
        ],
        "f1": [
            0.19223424570337364,
            0.46361185983827485,
            0.005489478499542544
        ]
    }
}