{
    "wml": {
        "accu": [
            0.5568181818181818
        ],
        "precision": [
            0.5361411496869665,
            0.6143011917659805,
            0.5459844559585493
        ],
        "recall": [
            0.6826086956521739,
            0.39705882352941174,
            0.5953389830508474
        ],
        "f1": [
            0.6005737966209755,
            0.48234793704806467,
            0.5695945945945946
        ]
    },
    "vpl": {
        "accu": [
            0.4022253787878788
        ],
        "precision": [
            0.6148796498905909,
            0.14285714285714285,
            0.4008797653958944
        ],
        "recall": [
            0.1984463276836158,
            0.03695652173913044,
            0.9572829131652661
        ],
        "f1": [
            0.3000533902829685,
            0.05872193436960277,
            0.5651095494005787
        ]
    }
}