{
    "wml": {
        "accu": [
            0.41441761363636365
        ],
        "precision": [
            0.29517241379310344,
            0.2502502502502503,
            0.6437728937728938
        ],
        "recall": [
            0.240990990990991,
            0.26260504201680673,
            0.7202868852459017
        ],
        "f1": [
            0.2653440793552387,
            0.2562788313685289,
            0.6798839458413927
        ]
    },
    "vpl": {
        "accu": [
            0.17826704545454544
        ],
        "precision": [
            0.023255813953488372,
            0.25112917795844625,
            0.14313597918022122
        ],
        "recall": [
            0.004098360655737705,
            0.3130630630630631,
            0.23109243697478993
        ],
        "f1": [
            0.006968641114982578,
            0.2786967418546366,
            0.17677782241864207
        ]
    }
}