{
    "wml": {
        "accu": [
            0.7397017045454546
        ],
        "precision": [
            0.8406072106261859,
            0.6857142857142857,
            0.6739811912225705
        ],
        "recall": [
            0.9630434782608696,
            0.5798319327731093,
            0.6832627118644068
        ],
        "f1": [
            0.8976697061803444,
            0.6283437677859989,
            0.6785902156759601
        ]
    },
    "vpl": {
        "accu": [
            0.4865056818181818
        ],
        "precision": [
            0.5706254392129304,
            0.4820846905537459,
            0.3775322283609576
        ],
        "recall": [
            0.8601694915254238,
            0.1608695652173913,
            0.43067226890756305
        ],
        "f1": [
            0.68610054921842,
            0.24123879380603097,
            0.4023552502453386
        ]
    }
}