{
    "wml": {
        "accu": [
            0.43986742424242425
        ],
        "precision": [
            0.3487179487179487,
            0.5042930738408701,
            0.4721919302071974
        ],
        "recall": [
            0.39420289855072466,
            0.6384057971014493,
            0.2957650273224044
        ],
        "f1": [
            0.37006802721088433,
            0.5634793732011513,
            0.3637127257454851
        ]
    },
    "vpl": {
        "accu": [
            0.3172348484848485
        ],
        "precision": [
            0.46594594594594596,
            0.2796474358974359,
            0.11456483126110124
        ],
        "recall": [
            0.5887978142076503,
            0.2528985507246377,
            0.09347826086956522
        ],
        "f1": [
            0.5202172601086301,
            0.26560121765601213,
            0.10295291300877894
        ]
    }
}