{
    "wml": {
        "accu": [
            0.6017992424242424
        ],
        "precision": [
            0.6245461147421931,
            0.4299182903834067,
            0.7945859872611465
        ],
        "recall": [
            0.6231884057971014,
            0.4956521739130435,
            0.6816939890710383
        ],
        "f1": [
            0.623866521581429,
            0.4604510265903736,
            0.7338235294117647
        ]
    },
    "vpl": {
        "accu": [
            0.26799242424242425
        ],
        "precision": [
            0.0,
            0.29737609329446063,
            0.21550855991943604
        ],
        "recall": [
            0.0,
            0.6652173913043479,
            0.15507246376811595
        ],
        "f1": [
            NaN,
            0.41101410342511757,
            0.18036241045090604
        ]
    }
}