{
    "wml": {
        "accu": [
            0.30113636363636365
        ],
        "precision": [
            0.34699792960662523,
            0.0,
            0.06134969325153374
        ],
        "recall": [
            0.9108695652173913,
            0.0,
            0.010245901639344262
        ],
        "f1": [
            0.5025487256371813,
            NaN,
            0.017559262510974536
        ]
    },
    "vpl": {
        "accu": [
            0.4666193181818182
        ],
        "precision": [
            0.5382700684505289,
            0.5819397993311036,
            0.3021978021978022
        ],
        "recall": [
            0.8862704918032787,
            0.1891304347826087,
            0.29891304347826086
        ],
        "f1": [
            0.6697638404955477,
            0.2854799015586546,
            0.3005464480874317
        ]
    }
}