{
    "wml": {
        "accu": [
            0.5028409090909091
        ],
        "precision": [
            0.06666666666666667,
            0.4550748752079867,
            0.5785915492957746
        ],
        "recall": [
            0.002173913043478261,
            0.7661064425770309,
            0.7252824858757062
        ],
        "f1": [
            0.004210526315789474,
            0.57098121085595,
            0.6436853650893136
        ]
    },
    "vpl": {
        "accu": [
            0.3288352272727273
        ],
        "precision": [
            0.13915857605177995,
            0.46466602129719264,
            0.22272727272727272
        ],
        "recall": [
            0.06073446327683616,
            0.6956521739130435,
            0.24019607843137256
        ],
        "f1": [
            0.08456243854473944,
            0.5571677307022634,
            0.23113207547169812
        ]
    }
}