{
    "wml": {
        "accu": [
            0.13423295454545456
        ],
        "precision": [
            0.0,
            0.041666666666666664,
            0.2151029748283753
        ],
        "recall": [
            0.0,
            0.0021008403361344537,
            0.3983050847457627
        ],
        "f1": [
            NaN,
            0.004,
            0.27934621099554235
        ]
    },
    "vpl": {
        "accu": [
            0.3799715909090909
        ],
        "precision": [
            0.4086715867158672,
            0.2892086330935252,
            0.4108003857280617
        ],
        "recall": [
            0.4692796610169492,
            0.2184782608695652,
            0.4474789915966387
        ],
        "f1": [
            0.4368836291913215,
            0.2489164086687306,
            0.42835595776772245
        ]
    }
}