{
    "wml": {
        "accu": [
            0.3952414772727273
        ],
        "precision": [
            0.7704918032786885,
            0.0017513134851138354,
            0.4417243214475785
        ],
        "recall": [
            0.31756756756756754,
            0.0010504201680672268,
            0.8504098360655737
        ],
        "f1": [
            0.44976076555023925,
            0.0013131976362442549,
            0.5814360770577933
        ]
    },
    "vpl": {
        "accu": [
            0.24467329545454544
        ],
        "precision": [
            0.175561797752809,
            0.1394658753709199,
            0.3870082342177493
        ],
        "recall": [
            0.12807377049180327,
            0.15878378378378377,
            0.44432773109243695
        ],
        "f1": [
            0.1481042654028436,
            0.1484992101105845,
            0.41369193154034234
        ]
    }
}