{
    "wml": {
        "accu": [
            0.36174242424242425
        ],
        "precision": [
            0.5646408839779006,
            0.38146441372247825,
            0.19912152269399708
        ],
        "recall": [
            0.37028985507246376,
            0.5398550724637681,
            0.18579234972677597
        ],
        "f1": [
            0.4472647702407002,
            0.44704470447044703,
            0.19222614840989402
        ]
    },
    "vpl": {
        "accu": [
            0.42992424242424243
        ],
        "precision": [
            0.7300995024875622,
            0.33276595744680854,
            0.3732739420935412
        ],
        "recall": [
            0.40095628415300544,
            0.2833333333333333,
            0.6072463768115942
        ],
        "f1": [
            0.5176366843033509,
            0.3060665362035225,
            0.4623448275862069
        ]
    }
}