{
    "wml": {
        "accu": [
            0.5092329545454546
        ],
        "precision": [
            0.5702479338842975,
            0.44051204819277107,
            0.5711538461538461
        ],
        "recall": [
            0.6216216216216216,
            0.6144957983193278,
            0.3043032786885246
        ],
        "f1": [
            0.5948275862068965,
            0.513157894736842,
            0.39705882352941174
        ]
    },
    "vpl": {
        "accu": [
            0.41761363636363635
        ],
        "precision": [
            0.7383292383292384,
            0.30365093499554763,
            0.26621160409556316
        ],
        "recall": [
            0.6157786885245902,
            0.38400900900900903,
            0.24579831932773108
        ],
        "f1": [
            0.6715083798882682,
            0.3391347588264545,
            0.255598033861278
        ]
    }
}