{
    "wml": {
        "accu": [
            0.33238636363636365
        ],
        "precision": [
            0.33407738095238093,
            0.1092436974789916,
            0.6027397260273972
        ],
        "recall": [
            0.9760869565217392,
            0.009103641456582634,
            0.031073446327683617
        ],
        "f1": [
            0.4977827050997783,
            0.01680672268907563,
            0.05910006715916723
        ]
    },
    "vpl": {
        "accu": [
            0.45359848484848486
        ],
        "precision": [
            0.5225048923679061,
            0.43339960238568587,
            0.28912071535022354
        ],
        "recall": [
            0.7542372881355932,
            0.47391304347826085,
            0.13585434173669467
        ],
        "f1": [
            0.6173410404624278,
            0.45275181723779856,
            0.18484992853739876
        ]
    }
}