{
    "wml": {
        "accu": [
            0.2922585227272727
        ],
        "precision": [
            0.0,
            0.27312775330396477,
            0.4665492957746479
        ],
        "recall": [
            0.0,
            0.5861344537815126,
            0.2807203389830508
        ],
        "f1": [
            NaN,
            0.37262103505843075,
            0.3505291005291005
        ]
    },
    "vpl": {
        "accu": [
            0.45170454545454547
        ],
        "precision": [
            0.3103448275862069,
            0.4761570827489481,
            0.44991364421416236
        ],
        "recall": [
            0.07627118644067797,
            0.7380434782608696,
            0.5472689075630253
        ],
        "f1": [
            0.12244897959183675,
            0.5788576300085252,
            0.4938388625592417
        ]
    }
}