{
    "wml": {
        "accu": [
            0.4236505681818182
        ],
        "precision": [
            0.5,
            0.38095238095238093,
            0.4187219730941704
        ],
        "recall": [
            0.25,
            0.23529411764705882,
            0.7653688524590164
        ],
        "f1": [
            0.3333333333333333,
            0.29090909090909084,
            0.541304347826087
        ]
    },
    "vpl": {
        "accu": [
            0.34623579545454547
        ],
        "precision": [
            0.36507936507936506,
            0.34615384615384615,
            0.3451492537313433
        ],
        "recall": [
            0.0471311475409836,
            0.21283783783783783,
            0.7773109243697479
        ],
        "f1": [
            0.08348457350272231,
            0.2635983263598326,
            0.47803617571059437
        ]
    }
}