{
    "wml": {
        "accu": [
            0.3146306818181818
        ],
        "precision": [
            0.3875,
            0.33791208791208793,
            0.2380191693290735
        ],
        "recall": [
            0.5054347826086957,
            0.12920168067226892,
            0.3156779661016949
        ],
        "f1": [
            0.4386792452830189,
            0.18693009118541037,
            0.2714025500910747
        ]
    },
    "vpl": {
        "accu": [
            0.3171164772727273
        ],
        "precision": [
            0.21046643913538113,
            0.272,
            0.3719646799116998
        ],
        "recall": [
            0.19597457627118645,
            0.03695652173913044,
            0.707983193277311
        ],
        "f1": [
            0.2029621503017005,
            0.06507177033492823,
            0.4876989869753981
        ]
    }
}