{
    "wml": {
        "accu": [
            0.4403409090909091
        ],
        "precision": [
            0.2511111111111111,
            0.4280913978494624,
            0.5580865603644647
        ],
        "recall": [
            0.12725225225225226,
            0.6691176470588235,
            0.5020491803278688
        ],
        "f1": [
            0.16890881913303435,
            0.5221311475409837,
            0.5285868392664509
        ]
    },
    "vpl": {
        "accu": [
            0.4108664772727273
        ],
        "precision": [
            0.24390243902439024,
            0.1997439180537772,
            0.6210762331838565
        ],
        "recall": [
            0.17418032786885246,
            0.17567567567567569,
            0.8728991596638656
        ],
        "f1": [
            0.20322773460848773,
            0.18693828639904134,
            0.725764192139738
        ]
    }
}