{
    "wml": {
        "accu": [
            0.2265625
        ],
        "precision": [
            0.20154539600772697,
            0.336734693877551,
            0.07349081364829396
        ],
        "recall": [
            0.3402173913043478,
            0.3119747899159664,
            0.029661016949152543
        ],
        "f1": [
            0.25313384553174284,
            0.3238822246455834,
            0.04226415094339623
        ]
    },
    "vpl": {
        "accu": [
            0.3604403409090909
        ],
        "precision": [
            0.3121902874132805,
            0.4151280524121501,
            0.0234375
        ],
        "recall": [
            0.3336864406779661,
            0.7576086956521739,
            0.0031512605042016808
        ],
        "f1": [
            0.3225806451612903,
            0.5363601385148133,
            0.005555555555555557
        ]
    }
}