{
    "wml": {
        "accu": [
            0.5394176136363636
        ],
        "precision": [
            0.5553772070626003,
            0.541029207232267,
            0.5146886016451234
        ],
        "recall": [
            0.7792792792792793,
            0.40861344537815125,
            0.4487704918032787
        ],
        "f1": [
            0.6485473289597001,
            0.4655894673847995,
            0.4794745484400657
        ]
    },
    "vpl": {
        "accu": [
            0.4474431818181818
        ],
        "precision": [
            0.18627450980392157,
            0.4391025641025641,
            0.47271487039563437
        ],
        "recall": [
            0.0194672131147541,
            0.6171171171171171,
            0.7279411764705882
        ],
        "f1": [
            0.03525046382189239,
            0.5131086142322098,
            0.5732009925558312
        ]
    }
}