{
    "wml": {
        "accu": [
            0.26704545454545453
        ],
        "precision": [
            0.07868252516010979,
            NaN,
            0.3865351131746953
        ],
        "recall": [
            0.09684684684684684,
            0.0,
            0.6823770491803278
        ],
        "f1": [
            0.08682483594144372,
            NaN,
            0.4935161170804001
        ]
    },
    "vpl": {
        "accu": [
            0.3849431818181818
        ],
        "precision": [
            0.5771428571428572,
            0.37836465210766884,
            0.3541666666666667
        ],
        "recall": [
            0.10348360655737705,
            0.838963963963964,
            0.25
        ],
        "f1": [
            0.17549956559513466,
            0.5215260763038152,
            0.29310344827586204
        ]
    }
}