{
    "wml": {
        "accu": [
            0.39867424242424243
        ],
        "precision": [
            0.6446280991735537,
            0.3114224137931034,
            0.3158717748240813
        ],
        "recall": [
            0.508695652173913,
            0.40476190476190477,
            0.2853107344632768
        ],
        "f1": [
            0.56865127582017,
            0.35200974421437276,
            0.2998144712430426
        ]
    },
    "vpl": {
        "accu": [
            0.3619791666666667
        ],
        "precision": [
            0.31762917933130697,
            0.36906854130052724,
            0.3903954802259887
        ],
        "recall": [
            0.2951977401129944,
            0.30434782608695654,
            0.4838935574229692
        ],
        "f1": [
            0.30600292825768666,
            0.33359809372517873,
            0.4321450906816761
        ]
    }
}