{
    "wml": {
        "accu": [
            0.45951704545454547
        ],
        "precision": [
            0.4237415477084899,
            0.36070381231671556,
            0.6027397260273972
        ],
        "recall": [
            0.6351351351351351,
            0.25840336134453784,
            0.4959016393442623
        ],
        "f1": [
            0.5083370887787292,
            0.3011015911872705,
            0.5441259134345138
        ]
    },
    "vpl": {
        "accu": [
            0.34019886363636365
        ],
        "precision": [
            0.42654735272184935,
            0.029411764705882353,
            0.26717557251908397
        ],
        "recall": [
            0.5860655737704918,
            0.0011261261261261261,
            0.40441176470588236
        ],
        "f1": [
            0.4937419076391886,
            0.0021691973969631237,
            0.32177183451734226
        ]
    }
}