{
    "wml": {
        "accu": [
            0.49183238636363635
        ],
        "precision": [
            0.6212278876170656,
            0.41496598639455784,
            0.42564402810304447
        ],
        "recall": [
            0.6489130434782608,
            0.06407563025210083,
            0.7701271186440678
        ],
        "f1": [
            0.6347687400318979,
            0.11101000909918107,
            0.5482654600301659
        ]
    },
    "vpl": {
        "accu": [
            0.4733664772727273
        ],
        "precision": [
            0.32,
            0.5719733079122974,
            0.6990950226244343
        ],
        "recall": [
            0.4491525423728814,
            0.6521739130434783,
            0.3245798319327731
        ],
        "f1": [
            0.37373292199206704,
            0.6094464195022854,
            0.4433285509325682
        ]
    }
}