{
    "wml": {
        "accu": [
            0.4044744318181818
        ],
        "precision": [
            0.4380952380952381,
            0.3766999093381686,
            0.6526315789473685
        ],
        "recall": [
            0.2072072072072072,
            0.8728991596638656,
            0.12704918032786885
        ],
        "f1": [
            0.28134556574923547,
            0.5262824572514249,
            0.21269296740994853
        ]
    },
    "vpl": {
        "accu": [
            0.45667613636363635
        ],
        "precision": [
            0.2644320297951583,
            0.8540925266903915,
            0.38672102504368083
        ],
        "recall": [
            0.14549180327868852,
            0.5405405405405406,
            0.6974789915966386
        ],
        "f1": [
            0.18770654329147388,
            0.6620689655172414,
            0.4975646309479206
        ]
    }
}