{
    "wml": {
        "accu": [
            0.5258049242424242
        ],
        "precision": [
            0.5961342828077314,
            NaN,
            0.4645704162976085
        ],
        "recall": [
            0.8492753623188406,
            0.0,
            0.7165300546448088
        ],
        "f1": [
            0.7005379557680813,
            NaN,
            0.5636754433100484
        ]
    },
    "vpl": {
        "accu": [
            0.5137310606060606
        ],
        "precision": [
            0.4267367192060712,
            0.6660756501182034,
            0.38095238095238093
        ],
        "recall": [
            0.4993169398907104,
            0.8166666666666667,
            0.22608695652173913
        ],
        "f1": [
            0.460182562165565,
            0.7337239583333334,
            0.2837653478854024
        ]
    }
}