{
    "wml": {
        "accu": [
            0.3107244318181818
        ],
        "precision": [
            0.3439153439153439,
            0.34047919293820933,
            0.0
        ],
        "recall": [
            0.0731981981981982,
            0.8508403361344538,
            0.0
        ],
        "f1": [
            0.12070566388115134,
            0.4863404383068148,
            NaN
        ]
    },
    "vpl": {
        "accu": [
            0.2560369318181818
        ],
        "precision": [
            0.17537313432835822,
            0.25394736842105264,
            0.2855263157894737
        ],
        "recall": [
            0.09631147540983606,
            0.21734234234234234,
            0.45588235294117646
        ],
        "f1": [
            0.12433862433862433,
            0.2342233009708738,
            0.3511326860841424
        ]
    }
}