{
    "wml": {
        "accu": [
            0.4733664772727273
        ],
        "precision": [
            0.44200626959247646,
            0.38763197586727,
            0.6648745519713262
        ],
        "recall": [
            0.793918918918919,
            0.2699579831932773,
            0.3801229508196721
        ],
        "f1": [
            0.567861457913814,
            0.31826625386996904,
            0.483702737940026
        ]
    },
    "vpl": {
        "accu": [
            0.5110085227272727
        ],
        "precision": [
            0.36435868331441545,
            0.852760736196319,
            0.4847856154910097
        ],
        "recall": [
            0.32889344262295084,
            0.46959459459459457,
            0.7363445378151261
        ],
        "f1": [
            0.345718901453958,
            0.6056644880174291,
            0.5846538782318599
        ]
    }
}