{
    "wml": {
        "accu": [
            0.19957386363636365
        ],
        "precision": [
            0.1671490593342981,
            0.39197530864197533,
            0.1837837837837838
        ],
        "recall": [
            0.2510869565217391,
            0.13804347826086957,
            0.20901639344262296
        ],
        "f1": [
            0.2006950477845352,
            0.20418006430868169,
            0.1955896452540748
        ]
    },
    "vpl": {
        "accu": [
            0.5340909090909091
        ],
        "precision": [
            0.5203716940671909,
            0.5235562310030395,
            0.8613861386138614
        ],
        "recall": [
            0.7459016393442623,
            0.7489130434782608,
            0.09456521739130434
        ],
        "f1": [
            0.6130526315789474,
            0.6162790697674417,
            0.17042115572967678
        ]
    }
}