{
    "wml": {
        "accu": [
            0.5996685606060606
        ],
        "precision": [
            0.719182200841852,
            0.4554883318928263,
            0.5769230769230769
        ],
        "recall": [
            0.8666666666666667,
            0.3818840579710145,
            0.5532786885245902
        ],
        "f1": [
            0.7860663818600065,
            0.415451320457233,
            0.5648535564853556
        ]
    },
    "vpl": {
        "accu": [
            0.17329545454545456
        ],
        "precision": [
            1.0,
            0.16305041480536056,
            0.0
        ],
        "recall": [
            0.15095628415300547,
            0.37028985507246376,
            0.0
        ],
        "f1": [
            0.2623145400593472,
            0.2264067346034559,
            NaN
        ]
    }
}