{
    "wml": {
        "accu": [
            0.5255681818181818
        ],
        "precision": [
            1.0,
            0.9853300733496333,
            0.42324371205550737
        ],
        "recall": [
            0.11373873873873874,
            0.42331932773109243,
            1.0
        ],
        "f1": [
            0.20424671385237614,
            0.5922116091109477,
            0.5947592931139549
        ]
    },
    "vpl": {
        "accu": [
            0.2585227272727273
        ],
        "precision": [
            0.18636363636363637,
            0.31406844106463877,
            0.22829964328180738
        ],
        "recall": [
            0.1260245901639344,
            0.4650900900900901,
            0.20168067226890757
        ],
        "f1": [
            0.15036674816625914,
            0.37494325919201094,
            0.21416620189626326
        ]
    }
}