{
    "wml": {
        "accu": [
            0.31392045454545453
        ],
        "precision": [
            0.375,
            0.14057507987220447,
            0.3353437876960193
        ],
        "recall": [
            0.006756756756756757,
            0.046218487394957986,
            0.8545081967213115
        ],
        "f1": [
            0.013274336283185842,
            0.06956521739130435,
            0.48166329771874106
        ]
    },
    "vpl": {
        "accu": [
            0.5248579545454546
        ],
        "precision": [
            0.37142857142857144,
            0.503052503052503,
            0.6027104136947218
        ],
        "recall": [
            0.22643442622950818,
            0.46396396396396394,
            0.8876050420168067
        ],
        "f1": [
            0.2813494589433482,
            0.48271821909783247,
            0.7179269328802039
        ]
    }
}