{
    "wml": {
        "accu": [
            0.39015151515151514
        ],
        "precision": [
            0.937125748502994,
            0.3441754916792738,
            0.12280701754385964
        ],
        "recall": [
            0.45362318840579713,
            0.6594202898550725,
            0.07650273224043716
        ],
        "f1": [
            0.611328125,
            0.45228628230616297,
            0.09427609427609428
        ]
    },
    "vpl": {
        "accu": [
            0.28480113636363635
        ],
        "precision": [
            0.2312593703148426,
            0.3979591836734694,
            0.36363636363636365
        ],
        "recall": [
            0.421448087431694,
            0.16956521739130434,
            0.25507246376811593
        ],
        "f1": [
            0.29864472410454984,
            0.23780487804878045,
            0.2998296422487223
        ]
    }
}