{
    "wml": {
        "accu": [
            0.39488636363636365
        ],
        "precision": [
            0.3283582089552239,
            0.2896281800391389,
            0.46996466431095407
        ],
        "recall": [
            0.22318840579710145,
            0.2144927536231884,
            0.726775956284153
        ],
        "f1": [
            0.2657463330457291,
            0.2464612822647793,
            0.5708154506437768
        ]
    },
    "vpl": {
        "accu": [
            0.3802083333333333
        ],
        "precision": [
            0.40461215932914046,
            0.39042357274401474,
            0.3696369636963696
        ],
        "recall": [
            0.26366120218579236,
            0.1536231884057971,
            0.7304347826086957
        ],
        "f1": [
            0.31927212572373864,
            0.22048881955278213,
            0.49086924762600437
        ]
    }
}