{
    "wml": {
        "accu": [
            0.3465909090909091
        ],
        "precision": [
            0.8947368421052632,
            0.34063173007896624,
            0.9090909090909091
        ],
        "recall": [
            0.019144144144144143,
            0.9968487394957983,
            0.010245901639344262
        ],
        "f1": [
            0.037486218302094816,
            0.5077581594435526,
            0.020263424518743668
        ]
    },
    "vpl": {
        "accu": [
            0.2784090909090909
        ],
        "precision": [
            0.35696701132447073,
            0.0,
            0.09320695102685624
        ],
        "recall": [
            0.742827868852459,
            0.0,
            0.06197478991596639
        ],
        "f1": [
            0.4822081809112072,
            NaN,
            0.07444794952681388
        ]
    }
}