{
    "wml": {
        "accu": [
            0.5387073863636364
        ],
        "precision": [
            0.8912319644839067,
            0.07692307692307693,
            0.43925831202046034
        ],
        "recall": [
            0.8728260869565218,
            0.028361344537815126,
            0.7277542372881356
        ],
        "f1": [
            0.8819330038440417,
            0.04144282425172679,
            0.5478468899521531
        ]
    },
    "vpl": {
        "accu": [
            0.4073153409090909
        ],
        "precision": [
            0.5115961800818554,
            0.41059957173447537,
            0.023255813953488372
        ],
        "recall": [
            0.3972457627118644,
            0.8336956521739131,
            0.005252100840336135
        ],
        "f1": [
            0.4472271914132379,
            0.5502152080344332,
            0.00856898029134533
        ]
    }
}