{
    "wml": {
        "accu": [
            0.4090909090909091
        ],
        "precision": [
            0.4574468085106383,
            0.27575757575757576,
            0.4145473041709054
        ],
        "recall": [
            0.5297101449275362,
            0.1318840579710145,
            0.5566939890710383
        ],
        "f1": [
            0.4909335124244459,
            0.1784313725490196,
            0.47521865889212833
        ]
    },
    "vpl": {
        "accu": [
            0.25165719696969696
        ],
        "precision": [
            0.3853743470690656,
            0.2571428571428571,
            0.10370835952231301
        ],
        "recall": [
            0.453551912568306,
            0.16956521739130434,
            0.11956521739130435
        ],
        "f1": [
            0.41669281455914653,
            0.2043668122270742,
            0.11107371255469538
        ]
    }
}