{
    "wml": {
        "accu": [
            0.26917613636363635
        ],
        "precision": [
            0.2785095972901769,
            0.29022988505747127,
            0.17973231357552583
        ],
        "recall": [
            0.5362318840579711,
            0.21218487394957983,
            0.06638418079096045
        ],
        "f1": [
            0.3666088679712658,
            0.24514563106796114,
            0.09695719443011862
        ]
    },
    "vpl": {
        "accu": [
            0.4621212121212121
        ],
        "precision": [
            0.6608058608058608,
            0.335873388042204,
            0.4137033824804857
        ],
        "recall": [
            0.6370056497175142,
            0.4152173913043478,
            0.33403361344537813
        ],
        "f1": [
            0.6486875224739302,
            0.37135450421257293,
            0.3696241766757071
        ]
    }
}