{
    "wml": {
        "accu": [
            0.48188920454545453
        ],
        "precision": [
            0.4041047416843595,
            0.5380434782608695,
            0.5746180963572268
        ],
        "recall": [
            0.6430180180180181,
            0.3119747899159664,
            0.5010245901639344
        ],
        "f1": [
            0.49630595393307253,
            0.39494680851063824,
            0.535303776683087
        ]
    },
    "vpl": {
        "accu": [
            0.2624289772727273
        ],
        "precision": [
            0.75,
            0.26299422478898266,
            0.00804289544235925
        ],
        "recall": [
            0.14754098360655737,
            0.6666666666666666,
            0.0031512605042016808
        ],
        "f1": [
            0.24657534246575344,
            0.3771901879579484,
            0.004528301886792452
        ]
    }
}