{
    "wml": {
        "accu": [
            0.5770596590909091
        ],
        "precision": [
            0.6552330694810906,
            0.40092879256965946,
            0.601161665053243
        ],
        "recall": [
            0.8097826086956522,
            0.28152173913043477,
            0.6362704918032787
        ],
        "f1": [
            0.7243558580456977,
            0.330779054916986,
            0.618218018914883
        ]
    },
    "vpl": {
        "accu": [
            0.5369318181818182
        ],
        "precision": [
            0.4942528735632184,
            0.7685534591194969,
            0.43253467843631777
        ],
        "recall": [
            0.22028688524590165,
            0.6641304347826087,
            0.7456521739130435
        ],
        "f1": [
            0.30474840538625086,
            0.7125364431486881,
            0.547486033519553
        ]
    }
}