{
    "wml": {
        "accu": [
            0.5220170454545454
        ],
        "precision": [
            0.6271186440677966,
            0.4881889763779528,
            0.06111111111111111
        ],
        "recall": [
            0.875,
            0.7163865546218487,
            0.011270491803278689
        ],
        "f1": [
            0.7306064880112835,
            0.580672626649638,
            0.01903114186851211
        ]
    },
    "vpl": {
        "accu": [
            0.29545454545454547
        ],
        "precision": [
            0.06666666666666667,
            0.34190371991247265,
            0.244640605296343
        ],
        "recall": [
            0.01331967213114754,
            0.7038288288288288,
            0.20378151260504201
        ],
        "f1": [
            0.02220324508966695,
            0.4602356406480118,
            0.22234957020057308
        ]
    }
}