{
    "wml": {
        "accu": [
            0.1416903409090909
        ],
        "precision": [
            0.04666666666666667,
            0.17996786288162828,
            0.42857142857142855
        ],
        "recall": [
            0.04565217391304348,
            0.35294117647058826,
            0.022245762711864406
        ],
        "f1": [
            0.04615384615384615,
            0.2383824051081944,
            0.042296072507552865
        ]
    },
    "vpl": {
        "accu": [
            0.5280539772727273
        ],
        "precision": [
            0.375,
            0.6439606741573034,
            0.4096820809248555
        ],
        "recall": [
            0.0031779661016949155,
            0.9967391304347826,
            0.5955882352941176
        ],
        "f1": [
            0.0063025210084033615,
            0.7824232081911263,
            0.4854452054794521
        ]
    }
}