{
    "wml": {
        "accu": [
            0.3465909090909091
        ],
        "precision": [
            0.26666666666666666,
            0.34595775673707213,
            1.0
        ],
        "recall": [
            0.017391304347826087,
            0.9978991596638656,
            0.01059322033898305
        ],
        "f1": [
            0.03265306122448979,
            0.5137912385073012,
            0.020964360587002094
        ]
    },
    "vpl": {
        "accu": [
            0.59765625
        ],
        "precision": [
            0.5712694877505567,
            0.5966892400300978,
            0.6400679117147708
        ],
        "recall": [
            0.5434322033898306,
            0.8619565217391304,
            0.3960084033613445
        ],
        "f1": [
            0.5570032573289903,
            0.7052023121387283,
            0.4892926670992861
        ]
    }
}