{
    "wml": {
        "accu": [
            0.5759943181818182
        ],
        "precision": [
            0.6537890044576523,
            0.4479638009049774,
            0.597972972972973
        ],
        "recall": [
            0.4954954954954955,
            0.3119747899159664,
            0.9067622950819673
        ],
        "f1": [
            0.5637411915438821,
            0.36780185758513934,
            0.720684039087948
        ]
    },
    "vpl": {
        "accu": [
            0.2254971590909091
        ],
        "precision": [
            0.9743589743589743,
            0.2919148936170213,
            0.1585518102372035
        ],
        "recall": [
            0.0389344262295082,
            0.38626126126126126,
            0.2668067226890756
        ],
        "f1": [
            0.07487684729064038,
            0.3325254483761512,
            0.1989036805011746
        ]
    }
}