{
    "wml": {
        "accu": [
            0.28160511363636365
        ],
        "precision": [
            0.23204994797086367,
            0.32090199479618386,
            0.2849002849002849
        ],
        "recall": [
            0.24239130434782608,
            0.40217391304347827,
            0.20491803278688525
        ],
        "f1": [
            0.23710792131844763,
            0.35697057404727445,
            0.23837902264600716
        ]
    },
    "vpl": {
        "accu": [
            0.3817471590909091
        ],
        "precision": [
            0.32196589769307926,
            0.6735849056603773,
            0.2602739726027397
        ],
        "recall": [
            0.6577868852459017,
            0.38804347826086955,
            0.08260869565217391
        ],
        "f1": [
            0.43232323232323233,
            0.4924137931034483,
            0.1254125412541254
        ]
    }
}