{
    "wml": {
        "accu": [
            0.4777462121212121
        ],
        "precision": [
            0.6968085106382979,
            0.41576673866090713,
            0.41106719367588934
        ],
        "recall": [
            0.4746376811594203,
            0.8369565217391305,
            0.14207650273224043
        ],
        "f1": [
            0.5646551724137931,
            0.5555555555555556,
            0.21116751269035533
        ]
    },
    "vpl": {
        "accu": [
            0.4853219696969697
        ],
        "precision": [
            0.6222222222222222,
            0.4244382887042167,
            0.7871794871794872
        ],
        "recall": [
            0.24863387978142076,
            0.9992753623188406,
            0.22246376811594204
        ],
        "f1": [
            0.35529526598340655,
            0.5958090300280838,
            0.3468926553672316
        ]
    }
}