{
    "wml": {
        "accu": [
            0.5696022727272727
        ],
        "precision": [
            0.9960552268244576,
            0.6696165191740413,
            0.44263959390862945
        ],
        "recall": [
            0.5686936936936937,
            0.23844537815126052,
            0.8934426229508197
        ],
        "f1": [
            0.7240143369175627,
            0.3516653756777692,
            0.5919891378139851
        ]
    },
    "vpl": {
        "accu": [
            0.3671875
        ],
        "precision": [
            0.36892430278884464,
            0.4074074074074074,
            0.14285714285714285
        ],
        "recall": [
            0.9487704918032787,
            0.11148648648648649,
            0.009453781512605041
        ],
        "f1": [
            0.5312679288582903,
            0.17506631299734748,
            0.017733990147783252
        ]
    }
}