{
    "wml": {
        "accu": [
            0.5607244318181818
        ],
        "precision": [
            0.704,
            0.39141414141414144,
            0.5070422535211268
        ],
        "recall": [
            0.7927927927927928,
            0.16281512605042017,
            0.7377049180327869
        ],
        "f1": [
            0.7457627118644067,
            0.22997032640949558,
            0.6010016694490818
        ]
    },
    "vpl": {
        "accu": [
            0.3348721590909091
        ],
        "precision": [
            0.0,
            0.01818181818181818,
            0.34242093784078514
        ],
        "recall": [
            0.0,
            0.0011261261261261261,
            0.9894957983193278
        ],
        "f1": [
            NaN,
            0.0021208907741251323,
            0.5087766675668377
        ]
    }
}