{
    "wml": {
        "accu": [
            0.6537642045454546
        ],
        "precision": [
            0.7560975609756098,
            0.5487603305785124,
            0.6139737991266375
        ],
        "recall": [
            0.8760869565217392,
            0.36086956521739133,
            0.7202868852459017
        ],
        "f1": [
            0.8116817724068479,
            0.43540983606557376,
            0.662894860914663
        ]
    },
    "vpl": {
        "accu": [
            0.5596590909090909
        ],
        "precision": [
            0.5023160061760165,
            0.8032128514056225,
            0.0
        ],
        "recall": [
            1.0,
            0.6521739130434783,
            0.0
        ],
        "f1": [
            0.6687221651250428,
            0.7198560287942413,
            NaN
        ]
    }
}