{
    "wml": {
        "accu": [
            0.5097064393939394
        ],
        "precision": [
            0.5796324655436447,
            0.5987096774193549,
            0.4349043397106859
        ],
        "recall": [
            0.5485507246376812,
            0.32492997198879553,
            0.6581920903954802
        ],
        "f1": [
            0.5636634400595681,
            0.42124375851112117,
            0.5237426243326777
        ]
    },
    "vpl": {
        "accu": [
            0.24952651515151514
        ],
        "precision": [
            0.18181818181818182,
            0.3315297589768815,
            0.16973684210526316
        ],
        "recall": [
            0.08615819209039548,
            0.48840579710144927,
            0.18067226890756302
        ],
        "f1": [
            0.1169142309535218,
            0.3949604453559918,
            0.175033921302578
        ]
    }
}