{
    "wml": {
        "accu": [
            0.32386363636363635
        ],
        "precision": [
            0.21188340807174888,
            0.7963709677419355,
            0.22969187675070027
        ],
        "recall": [
            0.20543478260869566,
            0.41491596638655465,
            0.3474576271186441
        ],
        "f1": [
            0.20860927152317885,
            0.5455801104972375,
            0.2765598650927487
        ]
    },
    "vpl": {
        "accu": [
            0.39701704545454547
        ],
        "precision": [
            0.015189873417721518,
            0.5675105485232067,
            0.3896809232858113
        ],
        "recall": [
            0.006355932203389831,
            0.5847826086956521,
            0.6029411764705882
        ],
        "f1": [
            0.008961911874533234,
            0.5760171306209849,
            0.47340206185567013
        ]
    }
}