{
    "wml": {
        "accu": [
            0.2588778409090909
        ],
        "precision": [
            0.2804067266327728,
            0.041666666666666664,
            0.050359712230215826
        ],
        "recall": [
            0.8074324324324325,
            0.005252100840336135,
            0.007172131147540984
        ],
        "f1": [
            0.416255442670537,
            0.009328358208955225,
            0.012556053811659194
        ]
    },
    "vpl": {
        "accu": [
            0.3366477272727273
        ],
        "precision": [
            0.2155688622754491,
            0.0,
            0.3510392609699769
        ],
        "recall": [
            0.036885245901639344,
            0.0,
            0.957983193277311
        ],
        "f1": [
            0.06299212598425197,
            NaN,
            0.5138028169014084
        ]
    }
}