{
    "wml": {
        "accu": [
            0.22336647727272727
        ],
        "precision": [
            0.321701199563795,
            0.12694877505567928,
            0.21978021978021978
        ],
        "recall": [
            0.3322072072072072,
            0.11974789915966387,
            0.22540983606557377
        ],
        "f1": [
            0.32686980609418287,
            0.12324324324324325,
            0.2225594334850784
        ]
    },
    "vpl": {
        "accu": [
            0.4705255681818182
        ],
        "precision": [
            0.49937421777221525,
            0.40055762081784385,
            0.676056338028169
        ],
        "recall": [
            0.8176229508196722,
            0.48536036036036034,
            0.10084033613445378
        ],
        "f1": [
            0.6200466200466201,
            0.43890020366598775,
            0.17550274223034734
        ]
    }
}