{
    "wml": {
        "accu": [
            0.4122869318181818
        ],
        "precision": [
            0.6682316118935837,
            0.37918441874619596,
            0.20786516853932585
        ],
        "recall": [
            0.48085585585585583,
            0.6544117647058824,
            0.11372950819672131
        ],
        "f1": [
            0.5592665356908971,
            0.4801541425818882,
            0.1470198675496689
        ]
    },
    "vpl": {
        "accu": [
            0.4499289772727273
        ],
        "precision": [
            0.38609112709832133,
            NaN,
            0.9585987261146497
        ],
        "recall": [
            0.9897540983606558,
            0.0,
            0.3161764705882353
        ],
        "f1": [
            0.5554916618746406,
            NaN,
            0.47551342812006314
        ]
    }
}