{
    "wml": {
        "accu": [
            0.2649147727272727
        ],
        "precision": [
            0.5347334410339257,
            0.0,
            0.2133676092544987
        ],
        "recall": [
            0.35978260869565215,
            0.0,
            0.4396186440677966
        ],
        "f1": [
            0.4301494476933073,
            NaN,
            0.28729664243682934
        ]
    },
    "vpl": {
        "accu": [
            0.5426136363636364
        ],
        "precision": [
            1.0,
            0.5574912891986062,
            0.46044021415823916
        ],
        "recall": [
            0.2902542372881356,
            0.5217391304347826,
            0.8130252100840336
        ],
        "f1": [
            0.44991789819376027,
            0.5390230207748457,
            0.5879225218382075
        ]
    }
}