{
    "wml": {
        "accu": [
            0.5415482954545454
        ],
        "precision": [
            0.5289351851851852,
            0.4512820512820513,
            0.8409090909090909
        ],
        "recall": [
            0.9934782608695653,
            0.3826086956521739,
            0.26536885245901637
        ],
        "f1": [
            0.690332326283988,
            0.4141176470588236,
            0.4034267912772585
        ]
    },
    "vpl": {
        "accu": [
            0.2638494318181818
        ],
        "precision": [
            0.36460717009916094,
            0.0075046904315197,
            0.26851851851851855
        ],
        "recall": [
            0.48975409836065575,
            0.004347826086956522,
            0.28369565217391307
        ],
        "f1": [
            0.4180148666375164,
            0.005505849965588438,
            0.2758985200845666
        ]
    }
}