{
    "wml": {
        "accu": [
            0.2528409090909091
        ],
        "precision": [
            0.2876498176133403,
            0.18984280532043532,
            0.04285714285714286
        ],
        "recall": [
            0.6216216216216216,
            0.16491596638655462,
            0.0030737704918032786
        ],
        "f1": [
            0.3933024581403634,
            0.17650365373805507,
            0.005736137667304015
        ]
    },
    "vpl": {
        "accu": [
            0.2606534090909091
        ],
        "precision": [
            0.3748148148148148,
            0.12054794520547946,
            0.24605855855855857
        ],
        "recall": [
            0.25922131147540983,
            0.04954954954954955,
            0.45903361344537813
        ],
        "f1": [
            0.306480920654149,
            0.07023144453312051,
            0.32038123167155425
        ]
    }
}