{
    "wml": {
        "accu": [
            0.6441761363636364
        ],
        "precision": [
            0.6121768140116765,
            0.6271379703534777,
            0.7162162162162162
        ],
        "recall": [
            0.8265765765765766,
            0.5777310924369747,
            0.5430327868852459
        ],
        "f1": [
            0.7034020124580739,
            0.6014215418261345,
            0.6177156177156177
        ]
    },
    "vpl": {
        "accu": [
            0.46732954545454547
        ],
        "precision": [
            0.523109243697479,
            0.47920433996383366,
            0.4351701782820097
        ],
        "recall": [
            0.2551229508196721,
            0.5968468468468469,
            0.5640756302521008
        ],
        "f1": [
            0.34297520661157027,
            0.5315947843530592,
            0.4913083257090577
        ]
    }
}