{
    "wml": {
        "accu": [
            0.26704545454545453
        ],
        "precision": [
            0.2710084033613445,
            0.26623931623931624,
            NaN
        ],
        "recall": [
            0.14527027027027026,
            0.6544117647058824,
            0.0
        ],
        "f1": [
            0.18914956011730205,
            0.3784933171324422,
            NaN
        ]
    },
    "vpl": {
        "accu": [
            0.44779829545454547
        ],
        "precision": [
            0.3175303197353914,
            1.0,
            0.41935483870967744
        ],
        "recall": [
            0.29508196721311475,
            0.3344594594594595,
            0.7100840336134454
        ],
        "f1": [
            0.305894848645778,
            0.5012658227848101,
            0.5273010920436818
        ]
    }
}