{
    "wml": {
        "accu": [
            0.39098011363636365
        ],
        "precision": [
            0.459070796460177,
            0.14285714285714285,
            0.5372670807453416
        ],
        "recall": [
            0.9021739130434783,
            0.10294117647058823,
            0.1832627118644068
        ],
        "f1": [
            0.6085043988269795,
            0.11965811965811965,
            0.27330173775671407
        ]
    },
    "vpl": {
        "accu": [
            0.33203125
        ],
        "precision": [
            0.025,
            0.3333333333333333,
            0.875
        ],
        "recall": [
            0.001059322033898305,
            1.0,
            0.014705882352941176
        ],
        "f1": [
            0.0020325203252032522,
            0.5,
            0.028925619834710745
        ]
    }
}