{
    "wml": {
        "accu": [
            0.5685369318181818
        ],
        "precision": [
            0.9710144927536232,
            0.43019403691433983,
            0.9858044164037855
        ],
        "recall": [
            0.07282608695652174,
            0.9880434782608696,
            0.6403688524590164
        ],
        "f1": [
            0.13549039433771487,
            0.599406528189911,
            0.7763975155279503
        ]
    },
    "vpl": {
        "accu": [
            0.33948863636363635
        ],
        "precision": [
            0.6964560862865947,
            0.13050847457627118,
            0.3546099290780142
        ],
        "recall": [
            0.46311475409836067,
            0.1673913043478261,
            0.3804347826086957
        ],
        "f1": [
            0.5563076923076924,
            0.14666666666666667,
            0.3670686942842161
        ]
    }
}