{
    "wml": {
        "accu": [
            0.33558238636363635
        ],
        "precision": [
            0.3033220991815118,
            0.42625169147496617,
            NaN
        ],
        "recall": [
            0.6847826086956522,
            0.33088235294117646,
            0.0
        ],
        "f1": [
            0.4204204204204204,
            0.37256061502069776,
            NaN
        ]
    },
    "vpl": {
        "accu": [
            0.53515625
        ],
        "precision": [
            0.6827458256029685,
            0.505175983436853,
            0.4915458937198068
        ],
        "recall": [
            0.3898305084745763,
            0.7956521739130434,
            0.4275210084033613
        ],
        "f1": [
            0.49629130141604855,
            0.6179822710004221,
            0.45730337078651684
        ]
    }
}