{
    "wml": {
        "accu": [
            0.43702651515151514
        ],
        "precision": [
            0.4455535390199637,
            0.38923654568210264,
            0.4809711286089239
        ],
        "recall": [
            0.35579710144927534,
            0.43557422969187676,
            0.5176553672316384
        ],
        "f1": [
            0.3956486704270749,
            0.4111037673496365,
            0.4986394557823129
        ]
    },
    "vpl": {
        "accu": [
            0.2878787878787879
        ],
        "precision": [
            0.1416819012797075,
            0.2997711670480549,
            0.3885672937771346
        ],
        "recall": [
            0.1094632768361582,
            0.37971014492753624,
            0.3760504201680672
        ],
        "f1": [
            0.12350597609561755,
            0.3350383631713555,
            0.3822064056939502
        ]
    }
}