{
    "wml": {
        "accu": [
            0.5454545454545454
        ],
        "precision": [
            0.607484076433121,
            0.31917808219178084,
            0.6506024096385542
        ],
        "recall": [
            0.8592342342342343,
            0.24474789915966386,
            0.5532786885245902
        ],
        "f1": [
            0.7117537313432836,
            0.27705112960760997,
            0.5980066445182725
        ]
    },
    "vpl": {
        "accu": [
            0.5671164772727273
        ],
        "precision": [
            0.6461843409316155,
            0.0,
            0.5235457063711911
        ],
        "recall": [
            0.6680327868852459,
            0.0,
            0.9926470588235294
        ],
        "f1": [
            0.656926952141058,
            NaN,
            0.6855277475516866
        ]
    }
}