{
    "wml": {
        "accu": [
            0.4186789772727273
        ],
        "precision": [
            0.3597560975609756,
            0.3385281385281385,
            0.5492537313432836
        ],
        "recall": [
            0.26576576576576577,
            0.4107142857142857,
            0.5655737704918032
        ],
        "f1": [
            0.30569948186528495,
            0.37114380635975314,
            0.5572942958101968
        ]
    },
    "vpl": {
        "accu": [
            0.6026278409090909
        ],
        "precision": [
            0.5237242614145031,
            0.6255835667600373,
            0.7038216560509554
        ],
        "recall": [
            0.5993852459016393,
            0.7545045045045045,
            0.4642857142857143
        ],
        "f1": [
            0.5590062111801243,
            0.6840224604389995,
            0.5594936708860758
        ]
    }
}