{
    "wml": {
        "accu": [
            0.34730113636363635
        ],
        "precision": [
            0.41301460823373176,
            0.3101529902642559,
            0.3536
        ],
        "recall": [
            0.3502252252252252,
            0.4684873949579832,
            0.22643442622950818
        ],
        "f1": [
            0.37903717245581964,
            0.3732217573221757,
            0.27607745159275454
        ]
    },
    "vpl": {
        "accu": [
            0.3103693181818182
        ],
        "precision": [
            0.4772344013490725,
            0.2625570776255708,
            0.2706270627062706
        ],
        "recall": [
            0.2899590163934426,
            0.3885135135135135,
            0.25840336134453784
        ],
        "f1": [
            0.36073932441045253,
            0.3133514986376022,
            0.26437399247716287
        ]
    }
}