{
    "wml": {
        "accu": [
            0.4655539772727273
        ],
        "precision": [
            0.6055327868852459,
            0.4098173515981735,
            0.022727272727272728
        ],
        "recall": [
            0.6423913043478261,
            0.7542016806722689,
            0.00211864406779661
        ],
        "f1": [
            0.6234177215189873,
            0.5310650887573964,
            0.003875968992248062
        ]
    },
    "vpl": {
        "accu": [
            0.328125
        ],
        "precision": [
            0.17301038062283736,
            0.362849533954727,
            0.32097560975609757
        ],
        "recall": [
            0.05296610169491525,
            0.592391304347826,
            0.34558823529411764
        ],
        "f1": [
            0.08110300081103,
            0.45004128819157724,
            0.3328275164390491
        ]
    }
}