{
    "wml": {
        "accu": [
            0.37109375
        ],
        "precision": [
            0.4274193548387097,
            0.21510673234811165,
            0.8547008547008547
        ],
        "recall": [
            0.6565315315315315,
            0.27521008403361347,
            0.20491803278688525
        ],
        "f1": [
            0.5177619893428064,
            0.24147465437788018,
            0.3305785123966942
        ]
    },
    "vpl": {
        "accu": [
            0.4140625
        ],
        "precision": [
            0.5309218203033839,
            0.019230769230769232,
            0.26744186046511625
        ],
        "recall": [
            0.9323770491803278,
            0.0033783783783783786,
            0.2657563025210084
        ],
        "f1": [
            0.6765799256505576,
            0.005747126436781609,
            0.26659641728134875
        ]
    }
}