{
    "wml": {
        "accu": [
            0.3799715909090909
        ],
        "precision": [
            1.0,
            0.2991120976692564,
            0.47442872687704024
        ],
        "recall": [
            0.10698198198198199,
            0.5661764705882353,
            0.44672131147540983
        ],
        "f1": [
            0.19328585961342828,
            0.3914306463326071,
            0.46015831134564644
        ]
    },
    "vpl": {
        "accu": [
            0.45667613636363635
        ],
        "precision": [
            0.4113257243195786,
            1.0,
            0.2947761194029851
        ],
        "recall": [
            0.9600409836065574,
            0.30405405405405406,
            0.08298319327731092
        ],
        "f1": [
            0.5759065765212047,
            0.4663212435233161,
            0.12950819672131147
        ]
    }
}