{
    "wml": {
        "accu": [
            0.3877840909090909
        ],
        "precision": [
            0.24790619765494137,
            0.8194444444444444,
            0.36577900214263853
        ],
        "recall": [
            0.1072463768115942,
            0.20658263305322128,
            0.8439265536723164
        ],
        "f1": [
            0.14972180070814364,
            0.32997762863534674,
            0.5103566090113175
        ]
    },
    "vpl": {
        "accu": [
            0.4422348484848485
        ],
        "precision": [
            0.6884247171453438,
            0.3728333922886452,
            0.09274193548387097
        ],
        "recall": [
            0.5586158192090396,
            0.763768115942029,
            0.01610644257703081
        ],
        "f1": [
            0.6167641325536063,
            0.5010696458283812,
            0.02744630071599045
        ]
    }
}