{
    "wml": {
        "accu": [
            0.5841619318181818
        ],
        "precision": [
            0.8094688221709007,
            0.04,
            0.5018666666666667
        ],
        "recall": [
            0.7619565217391304,
            0.0031512605042016808,
            0.996822033898305
        ],
        "f1": [
            0.7849944008958565,
            0.005842259006815969,
            0.6676126285916992
        ]
    },
    "vpl": {
        "accu": [
            0.3924005681818182
        ],
        "precision": [
            0.4945054945054945,
            0.3878787878787879,
            0.20422535211267606
        ],
        "recall": [
            0.1906779661016949,
            0.9739130434782609,
            0.03046218487394958
        ],
        "f1": [
            0.27522935779816515,
            0.5547987616099072,
            0.0530164533820841
        ]
    }
}