{
    "wml": {
        "accu": [
            0.3465909090909091
        ],
        "precision": [
            0.20817843866171004,
            0.7390300230946882,
            0.0
        ],
        "recall": [
            0.3783783783783784,
            0.6722689075630253,
            0.0
        ],
        "f1": [
            0.26858513189448446,
            0.7040704070407041,
            NaN
        ]
    },
    "vpl": {
        "accu": [
            0.5628551136363636
        ],
        "precision": [
            NaN,
            0.7254004576659039,
            0.4897013388259526
        ],
        "recall": [
            0.0,
            0.713963963963964,
            0.9989495798319328
        ],
        "f1": [
            NaN,
            0.7196367763904654,
            0.6572218382861091
        ]
    }
}