{
    "wml": {
        "accu": [
            0.2354403409090909
        ],
        "precision": [
            0.2242217898832685,
            0.2892561983471074,
            0.24433249370277077
        ],
        "recall": [
            0.5191441441441441,
            0.11029411764705882,
            0.09938524590163934
        ],
        "f1": [
            0.313179347826087,
            0.1596958174904943,
            0.14129643117261473
        ]
    },
    "vpl": {
        "accu": [
            0.5340909090909091
        ],
        "precision": [
            0.6735807860262009,
            0.0,
            0.4844347351174222
        ],
        "recall": [
            0.632172131147541,
            0.0,
            0.9317226890756303
        ],
        "f1": [
            0.6522198731501057,
            NaN,
            0.6374416097736256
        ]
    }
}