{
    "wml": {
        "accu": [
            0.23058712121212122
        ],
        "precision": [
            0.2224727546035325,
            0.8666666666666667,
            0.23837209302325582
        ],
        "recall": [
            0.4289855072463768,
            0.009420289855072464,
            0.2520491803278688
        ],
        "f1": [
            0.2929967829745112,
            0.01863799283154122,
            0.2450199203187251
        ]
    },
    "vpl": {
        "accu": [
            0.4230587121212121
        ],
        "precision": [
            0.4120135363790186,
            0.9759036144578314,
            0.005780346820809248
        ],
        "recall": [
            0.9979508196721312,
            0.23478260869565218,
            0.0014492753623188406
        ],
        "f1": [
            0.5832335329341317,
            0.37850467289719625,
            0.002317497103128621
        ]
    }
}