{
    "wml": {
        "accu": [
            0.3899147727272727
        ],
        "precision": [
            0.5776930409914204,
            0.3365019011406844,
            0.193006993006993
        ],
        "recall": [
            0.6824324324324325,
            0.37184873949579833,
            0.1413934426229508
        ],
        "f1": [
            0.6257098606091894,
            0.3532934131736527,
            0.16321703134240095
        ]
    },
    "vpl": {
        "accu": [
            0.5749289772727273
        ],
        "precision": [
            0.5281090289608177,
            0.6019047619047619,
            0.6114592658907789
        ],
        "recall": [
            0.6352459016393442,
            0.35585585585585583,
            0.717436974789916
        ],
        "f1": [
            0.5767441860465117,
            0.4472753007784855,
            0.6602223296278396
        ]
    }
}