{
    "wml": {
        "accu": [
            0.40625
        ],
        "precision": [
            NaN,
            0.26673640167364016,
            0.47795698924731184
        ],
        "recall": [
            0.0,
            0.27717391304347827,
            0.9108606557377049
        ],
        "f1": [
            NaN,
            0.2718550106609808,
            0.6269393511988717
        ]
    },
    "vpl": {
        "accu": [
            0.5997869318181818
        ],
        "precision": [
            0.5914285714285714,
            0.6359583952451708,
            0.07142857142857142
        ],
        "recall": [
            0.8483606557377049,
            0.9304347826086956,
            0.005434782608695652
        ],
        "f1": [
            0.696969696969697,
            0.7555163283318622,
            0.010101010101010102
        ]
    }
}