{
    "wml": {
        "accu": [
            0.5074573863636364
        ],
        "precision": [
            0.6323377960865088,
            0.43125378558449423,
            0.5309278350515464
        ],
        "recall": [
            0.6673913043478261,
            0.7478991596638656,
            0.10911016949152542
        ],
        "f1": [
            0.6493918561607616,
            0.5470610833653476,
            0.18101933216168717
        ]
    },
    "vpl": {
        "accu": [
            0.5433238636363636
        ],
        "precision": [
            0.5968379446640316,
            0.6129943502824858,
            0.4489051094890511
        ],
        "recall": [
            0.6398305084745762,
            0.4717391304347826,
            0.5168067226890757
        ],
        "f1": [
            0.6175869120654396,
            0.5331695331695332,
            0.48046875
        ]
    }
}