{
    "wml": {
        "accu": [
            0.3927556818181818
        ],
        "precision": [
            1.0,
            0.3968386023294509,
            0.3889578163771712
        ],
        "recall": [
            0.002173913043478261,
            0.5010504201680672,
            0.6641949152542372
        ],
        "f1": [
            0.0043383947939262466,
            0.4428969359331476,
            0.49061032863849763
        ]
    },
    "vpl": {
        "accu": [
            0.40873579545454547
        ],
        "precision": [
            0.2900763358778626,
            0.6308345120226309,
            0.3372093023255814
        ],
        "recall": [
            0.04025423728813559,
            0.48478260869565215,
            0.7006302521008403
        ],
        "f1": [
            0.07069767441860465,
            0.5482483097725876,
            0.4552901023890785
        ]
    }
}