{
    "wml": {
        "accu": [
            0.6431107954545454
        ],
        "precision": [
            0.742603550295858,
            0.49874371859296485,
            0.6785714285714286
        ],
        "recall": [
            0.5456521739130434,
            0.4170168067226891,
            0.9661016949152542
        ],
        "f1": [
            0.6290726817042607,
            0.45423340961098396,
            0.7972027972027973
        ]
    },
    "vpl": {
        "accu": [
            0.46519886363636365
        ],
        "precision": [
            0.34596375617792424,
            0.5984732824427481,
            0.4555984555984556
        ],
        "recall": [
            0.22245762711864406,
            0.4260869565217391,
            0.7436974789915967
        ],
        "f1": [
            0.27079303675048355,
            0.49777777777777776,
            0.5650438946528332
        ]
    }
}