{
    "wml": {
        "accu": [
            0.4279119318181818
        ],
        "precision": [
            0.4674005080440305,
            0.21033210332103322,
            0.5863746958637469
        ],
        "recall": [
            0.6216216216216216,
            0.1796218487394958,
            0.49385245901639346
        ],
        "f1": [
            0.5335911068148864,
            0.1937677053824363,
            0.5361512791991101
        ]
    },
    "vpl": {
        "accu": [
            0.34801136363636365
        ],
        "precision": [
            0.3707802988378528,
            0.7857142857142857,
            0.3005025125628141
        ],
        "recall": [
            0.6864754098360656,
            0.012387387387387387,
            0.31407563025210083
        ],
        "f1": [
            0.4814947897951851,
            0.024390243902439025,
            0.30713918849512073
        ]
    }
}