{
    "wml": {
        "accu": [
            0.4364346590909091
        ],
        "precision": [
            0.5424354243542435,
            0.35072872590503057,
            0.8038277511961722
        ],
        "recall": [
            0.16554054054054054,
            0.7836134453781513,
            0.3442622950819672
        ],
        "f1": [
            0.2536669542709232,
            0.48457291328353364,
            0.4820659971305596
        ]
    },
    "vpl": {
        "accu": [
            0.38032670454545453
        ],
        "precision": [
            0.3639304488475536,
            0.8038277511961722,
            0.022388059701492536
        ],
        "recall": [
            0.9221311475409836,
            0.1891891891891892,
            0.0031512605042016808
        ],
        "f1": [
            0.5218904030153668,
            0.3062898814949863,
            0.0055248618784530384
        ]
    }
}