{
    "wml": {
        "accu": [
            0.5568181818181818
        ],
        "precision": [
            0.5507425742574258,
            0.4305239179954442,
            0.5952836201402167
        ],
        "recall": [
            0.483695652173913,
            0.19852941176470587,
            0.989406779661017
        ],
        "f1": [
            0.5150462962962963,
            0.27174694464414095,
            0.7433346597692002
        ]
    },
    "vpl": {
        "accu": [
            0.34410511363636365
        ],
        "precision": [
            0.32277526395173456,
            0.30337078651685395,
            0.432510885341074
        ],
        "recall": [
            0.4533898305084746,
            0.26413043478260867,
            0.3130252100840336
        ],
        "f1": [
            0.37709251101321584,
            0.2823939570017432,
            0.36319317489335773
        ]
    }
}