{
    "wml": {
        "accu": [
            0.5653409090909091
        ],
        "precision": [
            0.36589698046181174,
            0.4925775978407557,
            0.8508430609597925
        ],
        "recall": [
            0.23198198198198197,
            0.7668067226890757,
            0.6721311475409836
        ],
        "f1": [
            0.28394210889042043,
            0.5998356614626129,
            0.7510017172295363
        ]
    },
    "vpl": {
        "accu": [
            0.15838068181818182
        ],
        "precision": [
            0.14784151389710232,
            0.14035087719298245,
            0.22675736961451248
        ],
        "recall": [
            0.25614754098360654,
            0.10810810810810811,
            0.10504201680672269
        ],
        "f1": [
            0.18747656542932137,
            0.12213740458015267,
            0.14357501794687724
        ]
    }
}