{
    "wml": {
        "accu": [
            0.3458806818181818
        ],
        "precision": [
            0.3888404533565824,
            0.2882205513784461,
            0.9315068493150684
        ],
        "recall": [
            0.5022522522522522,
            0.4831932773109244,
            0.06967213114754098
        ],
        "f1": [
            0.4383292383292383,
            0.36106750392464676,
            0.1296472831267874
        ]
    },
    "vpl": {
        "accu": [
            0.48295454545454547
        ],
        "precision": [
            0.6860356138706654,
            0.29442970822281167,
            0.37682215743440234
        ],
        "recall": [
            0.75,
            0.125,
            0.5430672268907563
        ],
        "f1": [
            0.7165932452276065,
            0.17549407114624505,
            0.4449225473321859
        ]
    }
}