{
    "wml": {
        "accu": [
            0.3778409090909091
        ],
        "precision": [
            0.3355418835778514,
            0.5495978552278821,
            0.45454545454545453
        ],
        "recall": [
            0.7706521739130435,
            0.21533613445378152,
            0.15889830508474576
        ],
        "f1": [
            0.4675239037256841,
            0.30943396226415093,
            0.23547880690737832
        ]
    },
    "vpl": {
        "accu": [
            0.4552556818181818
        ],
        "precision": [
            0.4121110176619008,
            0.46530612244897956,
            0.5044843049327354
        ],
        "recall": [
            0.5190677966101694,
            0.3717391304347826,
            0.4726890756302521
        ],
        "f1": [
            0.4594467885607126,
            0.4132930513595166,
            0.4880694143167028
        ]
    }
}