{
    "wml": {
        "accu": [
            0.32776988636363635
        ],
        "precision": [
            0.37375178316690444,
            0.2991128010139417,
            0.32051282051282054
        ],
        "recall": [
            0.29504504504504503,
            0.24789915966386555,
            0.4354508196721312
        ],
        "f1": [
            0.3297671491504091,
            0.2711085582998277,
            0.36924413553431806
        ]
    },
    "vpl": {
        "accu": [
            0.14026988636363635
        ],
        "precision": [
            0.4,
            0.1678591084204733,
            0.08853118712273642
        ],
        "recall": [
            0.0020491803278688526,
            0.34346846846846846,
            0.09243697478991597
        ],
        "f1": [
            0.004077471967380225,
            0.22550831792975967,
            0.09044193216855087
        ]
    }
}