{
    "wml": {
        "accu": [
            0.47230113636363635
        ],
        "precision": [
            0.884732052578362,
            0.2510504201680672,
            0.24685714285714286
        ],
        "recall": [
            0.9853603603603603,
            0.2510504201680672,
            0.22131147540983606
        ],
        "f1": [
            0.9323388385721896,
            0.2510504201680672,
            0.233387358184765
        ]
    },
    "vpl": {
        "accu": [
            0.29154829545454547
        ],
        "precision": [
            0.5251141552511416,
            0.17108753315649866,
            0.12099276111685625
        ],
        "recall": [
            0.5891393442622951,
            0.14527027027027026,
            0.12289915966386554
        ],
        "f1": [
            0.5552873008208596,
            0.15712545676004874,
            0.1219385096404377
        ]
    }
}