{
    "wml": {
        "accu": [
            0.5677083333333334
        ],
        "precision": [
            0.6284376828554711,
            0.476802284082798,
            0.5888689407540395
        ],
        "recall": [
            0.7782608695652173,
            0.4677871148459384,
            0.4632768361581921
        ],
        "f1": [
            0.6953706701197799,
            0.4722516790385295,
            0.5185770750988142
        ]
    },
    "vpl": {
        "accu": [
            0.15577651515151514
        ],
        "precision": [
            0.047058823529411764,
            0.1931346661637118,
            0.15987460815047022
        ],
        "recall": [
            0.031073446327683617,
            0.3710144927536232,
            0.07142857142857142
        ],
        "f1": [
            0.03743088047639302,
            0.25403125775241875,
            0.09874152952565343
        ]
    }
}