{
    "wml": {
        "accu": [
            0.5042613636363636
        ],
        "precision": [
            0.2890855457227139,
            0.5901005413766435,
            0.5455621301775148
        ],
        "recall": [
            0.22072072072072071,
            0.8014705882352942,
            0.4723360655737705
        ],
        "f1": [
            0.2503192848020434,
            0.6797327394209355,
            0.5063152114222955
        ]
    },
    "vpl": {
        "accu": [
            0.4588068181818182
        ],
        "precision": [
            0.538860103626943,
            0.3089430894308943,
            0.445600756859035
        ],
        "recall": [
            0.319672131147541,
            0.04279279279279279,
            0.9894957983193278
        ],
        "f1": [
            0.40128617363344055,
            0.07517309594460929,
            0.6144814090019569
        ]
    }
}