{
    "wml": {
        "accu": [
            0.41761363636363635
        ],
        "precision": [
            0.04680851063829787,
            0.9038961038961039,
            0.2906091370558376
        ],
        "recall": [
            0.024774774774774775,
            0.7310924369747899,
            0.4692622950819672
        ],
        "f1": [
            0.032400589101620025,
            0.808362369337979,
            0.35893416927899685
        ]
    },
    "vpl": {
        "accu": [
            0.4825994318181818
        ],
        "precision": [
            0.4369212962962963,
            0.6387665198237885,
            0.5331010452961672
        ],
        "recall": [
            0.7735655737704918,
            0.16328828828828829,
            0.48214285714285715
        ],
        "f1": [
            0.5584319526627219,
            0.2600896860986547,
            0.5063430777716492
        ]
    }
}