{
    "wml": {
        "accu": [
            0.3522727272727273
        ],
        "precision": [
            0.5188442211055276,
            0.21227621483375958,
            0.0
        ],
        "recall": [
            0.9301801801801802,
            0.17436974789915966,
            0.0
        ],
        "f1": [
            0.6661290322580645,
            0.19146482122260666,
            NaN
        ]
    },
    "vpl": {
        "accu": [
            0.40269886363636365
        ],
        "precision": [
            0.6254777070063694,
            0.33972240581625907,
            0.24903474903474904
        ],
        "recall": [
            0.5030737704918032,
            0.5788288288288288,
            0.13550420168067226
        ],
        "f1": [
            0.5576377058489494,
            0.42815493544356514,
            0.17551020408163262
        ]
    }
}