{
    "wml": {
        "accu": [
            0.39311079545454547
        ],
        "precision": [
            0.3467784180199057,
            0.1263537906137184,
            0.6507936507936508
        ],
        "recall": [
            0.7195652173913043,
            0.03676470588235294,
            0.4343220338983051
        ],
        "f1": [
            0.4680098974902792,
            0.056956875508543524,
            0.5209656925031767
        ]
    },
    "vpl": {
        "accu": [
            0.44105113636363635
        ],
        "precision": [
            0.3928422804827299,
            0.7215496368038741,
            NaN
        ],
        "recall": [
            1.0,
            0.3239130434782609,
            0.0
        ],
        "f1": [
            0.5640872423065432,
            0.44711177794448614,
            NaN
        ]
    }
}