{
    "wml": {
        "accu": [
            0.5454545454545454
        ],
        "precision": [
            0.7894736842105263,
            0.6239782016348774,
            0.47516307074761666
        ],
        "recall": [
            0.40540540540540543,
            0.24054621848739496,
            0.9702868852459017
        ],
        "f1": [
            0.5357142857142857,
            0.34723275208491283,
            0.6379252273492758
        ]
    },
    "vpl": {
        "accu": [
            0.2908380681818182
        ],
        "precision": [
            0.42772424017790955,
            0.20411663807890223,
            0.13914027149321267
        ],
        "recall": [
            0.5911885245901639,
            0.134009009009009,
            0.12920168067226892
        ],
        "f1": [
            0.4963440860215053,
            0.16179469748470426,
            0.13398692810457516
        ]
    }
}