{
    "wml": {
        "accu": [
            0.5422585227272727
        ],
        "precision": [
            0.510989010989011,
            0.7235494880546075,
            0.47280334728033474
        ],
        "recall": [
            0.7331081081081081,
            0.44537815126050423,
            0.46311475409836067
        ],
        "f1": [
            0.6022201665124883,
            0.5513654096228868,
            0.46790890269151136
        ]
    },
    "vpl": {
        "accu": [
            0.6118607954545454
        ],
        "precision": [
            0.521630615640599,
            0.5735294117647058,
            0.8973384030418251
        ],
        "recall": [
            0.6424180327868853,
            0.7027027027027027,
            0.4957983193277311
        ],
        "f1": [
            0.5757575757575757,
            0.631578947368421,
            0.638700947225981
        ]
    }
}