{
    "wml": {
        "accu": [
            0.43323863636363635
        ],
        "precision": [
            0.0,
            0.3052132701421801,
            0.5184757505773672
        ],
        "recall": [
            0.0,
            0.35,
            0.9200819672131147
        ],
        "f1": [
            NaN,
            0.3260759493670886,
            0.6632200886262924
        ]
    },
    "vpl": {
        "accu": [
            0.4676846590909091
        ],
        "precision": [
            0.6151202749140894,
            0.38917089678510997,
            0.34967012252591895
        ],
        "recall": [
            0.7336065573770492,
            0.25,
            0.4032608695652174
        ],
        "f1": [
            0.6691588785046729,
            0.3044341495698213,
            0.37455830388692585
        ]
    }
}