{
    "wml": {
        "accu": [
            0.48603219696969696
        ],
        "precision": [
            0.6103030303030303,
            0.41647597254004576,
            0.38498789346246975
        ],
        "recall": [
            0.7297101449275363,
            0.527536231884058,
            0.21721311475409835
        ],
        "f1": [
            0.6646864686468646,
            0.46547314578005117,
            0.2777292576419214
        ]
    },
    "vpl": {
        "accu": [
            0.42992424242424243
        ],
        "precision": [
            0.35166764189584554,
            0.540169133192389,
            0.3097913322632424
        ],
        "recall": [
            0.4105191256830601,
            0.7405797101449275,
            0.1398550724637681
        ],
        "f1": [
            0.37882130475890324,
            0.6246943765281174,
            0.1927109335996006
        ]
    }
}