{
    "wml": {
        "accu": [
            0.4364346590909091
        ],
        "precision": [
            0.7739463601532567,
            0.16901408450704225,
            0.39453326456936566
        ],
        "recall": [
            0.45495495495495497,
            0.06302521008403361,
            0.7838114754098361
        ],
        "f1": [
            0.573049645390071,
            0.09181331293037491,
            0.5248713550600344
        ]
    },
    "vpl": {
        "accu": [
            0.6274857954545454
        ],
        "precision": [
            0.6588652482269504,
            0.7050243111831442,
            0.5107731305449936
        ],
        "recall": [
            0.951844262295082,
            0.48986486486486486,
            0.42331932773109243
        ],
        "f1": [
            0.7787091366303438,
            0.5780730897009967,
            0.462952326249282
        ]
    }
}