{
    "wml": {
        "accu": [
            0.5520833333333334
        ],
        "precision": [
            0.5911799761620977,
            0.35135135135135137,
            0.6393018745959922
        ],
        "recall": [
            0.7188405797101449,
            0.2543478260869565,
            0.6755464480874317
        ],
        "f1": [
            0.6487900588620013,
            0.29508196721311475,
            0.6569246097641979
        ]
    },
    "vpl": {
        "accu": [
            0.5499526515151515
        ],
        "precision": [
            0.6550724637681159,
            0.7105093488072212,
            0.38779626828038327
        ],
        "recall": [
            0.3087431693989071,
            0.7985507246376812,
            0.5572463768115942
        ],
        "f1": [
            0.41968430826369546,
            0.7519617877857386,
            0.45732976509069284
        ]
    }
}