{
    "wml": {
        "accu": [
            0.43513257575757575
        ],
        "precision": [
            0.43681847338037205,
            0.37240757439134353,
            0.7404921700223713
        ],
        "recall": [
            0.4934782608695652,
            0.5784313725490197,
            0.23375706214689265
        ],
        "f1": [
            0.4634229329703981,
            0.45309928688974216,
            0.3553408480944713
        ]
    },
    "vpl": {
        "accu": [
            0.3106060606060606
        ],
        "precision": [
            0.3088122605363985,
            0.03389830508474576,
            0.31713286713286715
        ],
        "recall": [
            0.2846045197740113,
            0.0014492753623188406,
            0.6351540616246498
        ],
        "f1": [
            0.2962146269753767,
            0.002779708130646282,
            0.42304104477611937
        ]
    }
}