{
    "wml": {
        "accu": [
            0.4419981060606061
        ],
        "precision": [
            0.26873661670235544,
            0.4269610145608267,
            0.6089577950043066
        ],
        "recall": [
            0.18188405797101448,
            0.6365546218487395,
            0.4992937853107345
        ],
        "f1": [
            0.21694036300777872,
            0.5111048636491425,
            0.5487000388048118
        ]
    },
    "vpl": {
        "accu": [
            0.4303977272727273
        ],
        "precision": [
            0.6788321167883211,
            0.437125748502994,
            0.33692722371967654
        ],
        "recall": [
            0.4597457627118644,
            0.21159420289855072,
            0.6127450980392157
        ],
        "f1": [
            0.5482105263157895,
            0.28515625,
            0.43478260869565216
        ]
    }
}