{
    "wml": {
        "accu": [
            0.3025568181818182
        ],
        "precision": [
            0.35116425424795467,
            0.19447513812154696,
            0.36645962732919257
        ],
        "recall": [
            0.6283783783783784,
            0.18487394957983194,
            0.12090163934426229
        ],
        "f1": [
            0.4505450141299959,
            0.189553042541734,
            0.18181818181818182
        ]
    },
    "vpl": {
        "accu": [
            0.4041193181818182
        ],
        "precision": [
            0.39141414141414144,
            0.22706422018348624,
            0.8888888888888888
        ],
        "recall": [
            0.6352459016393442,
            0.22297297297297297,
            0.33613445378151263
        ],
        "f1": [
            0.48437499999999994,
            0.225,
            0.4878048780487804
        ]
    }
}