{
    "wml": {
        "accu": [
            0.36292613636363635
        ],
        "precision": [
            0.6459459459459459,
            0.4777777777777778,
            0.056768558951965066
        ],
        "recall": [
            0.2597826086956522,
            0.7678571428571429,
            0.05508474576271186
        ],
        "f1": [
            0.3705426356589147,
            0.589041095890411,
            0.05591397849462366
        ]
    },
    "vpl": {
        "accu": [
            0.2990056818181818
        ],
        "precision": [
            0.2262098966829799,
            0.4779951100244499,
            0.22012578616352202
        ],
        "recall": [
            0.4406779661016949,
            0.425,
            0.03676470588235294
        ],
        "f1": [
            0.2989579590370104,
            0.4499424626006905,
            0.06300630063006302
        ]
    }
}