{
    "wml": {
        "accu": [
            0.41654829545454547
        ],
        "precision": [
            0.7213316892725031,
            0.35555555555555557,
            0.23773584905660378
        ],
        "recall": [
            0.6587837837837838,
            0.35294117647058826,
            0.2581967213114754
        ],
        "f1": [
            0.6886403766921718,
            0.3542435424354244,
            0.2475442043222004
        ]
    },
    "vpl": {
        "accu": [
            0.45170454545454547
        ],
        "precision": [
            0.3942857142857143,
            0.36064073226544624,
            0.9100877192982456
        ],
        "recall": [
            0.0706967213114754,
            0.8873873873873874,
            0.43592436974789917
        ],
        "f1": [
            0.11989574283231971,
            0.5128538887081029,
            0.5894886363636365
        ]
    }
}