{
    "wml": {
        "accu": [
            0.42933238636363635
        ],
        "precision": [
            1.0,
            0.19883040935672514,
            0.42911694510739856
        ],
        "recall": [
            0.23423423423423423,
            0.10714285714285714,
            0.9211065573770492
        ],
        "f1": [
            0.3795620437956204,
            0.1392491467576792,
            0.5854770433083686
        ]
    },
    "vpl": {
        "accu": [
            0.5784801136363636
        ],
        "precision": [
            0.45689149560117304,
            0.9189873417721519,
            0.3862928348909657
        ],
        "recall": [
            0.798155737704918,
            0.8175675675675675,
            0.13025210084033614
        ],
        "f1": [
            0.5811264453562104,
            0.865315852205006,
            0.194815396700707
        ]
    }
}