{
    "wml": {
        "accu": [
            0.26988636363636365
        ],
        "precision": [
            0.371900826446281,
            0.38098449089683073,
            0.09624197983501374
        ],
        "recall": [
            0.09782608695652174,
            0.6141304347826086,
            0.10758196721311475
        ],
        "f1": [
            0.15490533562822723,
            0.47024552642530165,
            0.10159651669085631
        ]
    },
    "vpl": {
        "accu": [
            0.43501420454545453
        ],
        "precision": [
            0.2140221402214022,
            0.6576763485477178,
            0.4013474494706448
        ],
        "recall": [
            0.17827868852459017,
            0.6891304347826087,
            0.4532608695652174
        ],
        "f1": [
            0.1945220793739519,
            0.673036093418259,
            0.4257274119448698
        ]
    }
}