{
    "wml": {
        "accu": [
            0.6143465909090909
        ],
        "precision": [
            0.7469767441860465,
            0.5063920454545454,
            0.6426426426426426
        ],
        "recall": [
            0.9042792792792793,
            0.7489495798319328,
            0.2192622950819672
        ],
        "f1": [
            0.8181355068772288,
            0.6042372881355932,
            0.3269671504965623
        ]
    },
    "vpl": {
        "accu": [
            0.31214488636363635
        ],
        "precision": [
            0.2533532041728763,
            0.5242130750605327,
            0.16358024691358025
        ],
        "recall": [
            0.3483606557377049,
            0.48761261261261263,
            0.11134453781512606
        ],
        "f1": [
            0.29335634167385677,
            0.5052508751458576,
            0.1325
        ]
    }
}