{
    "wml": {
        "accu": [
            0.49573863636363635
        ],
        "precision": [
            0.43140495867768597,
            0.8549450549450549,
            0.42137271937445697
        ],
        "recall": [
            0.5878378378378378,
            0.40861344537815125,
            0.4969262295081967
        ],
        "f1": [
            0.4976167778836988,
            0.5529495380241648,
            0.45604137282557594
        ]
    },
    "vpl": {
        "accu": [
            0.2723721590909091
        ],
        "precision": [
            0.09668989547038327,
            0.7517361111111112,
            0.2042124542124542
        ],
        "recall": [
            0.11372950819672131,
            0.48761261261261263,
            0.2342436974789916
        ],
        "f1": [
            0.10451977401129943,
            0.5915300546448088,
            0.2181996086105675
        ]
    }
}