{
    "wml": {
        "accu": [
            0.5223721590909091
        ],
        "precision": [
            0.459552495697074,
            0.580952380952381,
            0.5597874224977857
        ],
        "recall": [
            0.5804347826086956,
            0.33152173913043476,
            0.6475409836065574
        ],
        "f1": [
            0.5129682997118157,
            0.4221453287197232,
            0.600475059382423
        ]
    },
    "vpl": {
        "accu": [
            0.17009943181818182
        ],
        "precision": [
            0.1872146118721461,
            0.18527918781725888,
            0.1097770154373928
        ],
        "recall": [
            0.1260245901639344,
            0.3173913043478261,
            0.06956521739130435
        ],
        "f1": [
            0.15064298836497245,
            0.23397435897435898,
            0.08516300731869594
        ]
    }
}