{
    "wml": {
        "accu": [
            0.5749289772727273
        ],
        "precision": [
            0.44227642276422763,
            0.5169753086419753,
            0.7480662983425415
        ],
        "recall": [
            0.3063063063063063,
            0.7037815126050421,
            0.6936475409836066
        ],
        "f1": [
            0.3619427811044577,
            0.5960854092526691,
            0.7198298777246146
        ]
    },
    "vpl": {
        "accu": [
            0.5745738636363636
        ],
        "precision": [
            0.7044334975369458,
            0.5452522255192879,
            0.3708609271523179
        ],
        "recall": [
            0.7325819672131147,
            0.8277027027027027,
            0.17647058823529413
        ],
        "f1": [
            0.7182320441988951,
            0.6574239713774598,
            0.2391459074733096
        ]
    }
}