{
    "wml": {
        "accu": [
            0.4268465909090909
        ],
        "precision": [
            0.4532940019665683,
            0.4679444811632518,
            0.11538461538461539
        ],
        "recall": [
            0.5191441441441441,
            0.7436974789915967,
            0.03381147540983607
        ],
        "f1": [
            0.4839895013123359,
            0.5744421906693713,
            0.052297939778129965
        ]
    },
    "vpl": {
        "accu": [
            0.35511363636363635
        ],
        "precision": [
            0.4213528932355338,
            0.46632124352331605,
            0.21089108910891088
        ],
        "recall": [
            0.5297131147540983,
            0.30405405405405406,
            0.22373949579831934
        ],
        "f1": [
            0.4693599636858829,
            0.36809815950920244,
            0.21712538226299696
        ]
    }
}