{
    "wml": {
        "accu": [
            0.4562026515151515
        ],
        "precision": [
            0.43458549222797926,
            0.4839797639123103,
            0.464302827024437
        ],
        "recall": [
            0.486231884057971,
            0.20098039215686275,
            0.684322033898305
        ],
        "f1": [
            0.4589603283173735,
            0.2840178129638793,
            0.5532400799314873
        ]
    },
    "vpl": {
        "accu": [
            0.3525094696969697
        ],
        "precision": [
            0.35846774193548386,
            0.6675977653631285,
            0.26046176046176045
        ],
        "recall": [
            0.6278248587570622,
            0.17318840579710146,
            0.25280112044817926
        ],
        "f1": [
            0.4563655030800821,
            0.2750287686996548,
            0.25657427149964457
        ]
    }
}