{
    "wml": {
        "accu": [
            0.4147727272727273
        ],
        "precision": [
            NaN,
            0.5315186246418339,
            0.3
        ],
        "recall": [
            0.0,
            0.7794117647058824,
            0.4364754098360656
        ],
        "f1": [
            NaN,
            0.6320272572402045,
            0.35559265442404014
        ]
    },
    "vpl": {
        "accu": [
            0.17897727272727273
        ],
        "precision": [
            0.09295352323838081,
            0.21057646498332538,
            0.0
        ],
        "recall": [
            0.06352459016393443,
            0.49774774774774777,
            0.0
        ],
        "f1": [
            0.07547169811320754,
            0.2959491128222297,
            NaN
        ]
    }
}