{
    "wml": {
        "accu": [
            0.30717329545454547
        ],
        "precision": [
            0.25458898643256184,
            0.33135313531353133,
            0.9166666666666666
        ],
        "recall": [
            0.35923423423423423,
            0.5273109243697479,
            0.045081967213114756
        ],
        "f1": [
            0.2979915927136852,
            0.4069720308066477,
            0.0859375
        ]
    },
    "vpl": {
        "accu": [
            0.13068181818181818
        ],
        "precision": [
            0.20551724137931035,
            0.0851063829787234,
            0.003527336860670194
        ],
        "recall": [
            0.305327868852459,
            0.07657657657657657,
            0.0021008403361344537
        ],
        "f1": [
            0.24567188788128605,
            0.08061647895672791,
            0.002633311389071758
        ]
    }
}