{
    "wml": {
        "accu": [
            0.2745028409090909
        ],
        "precision": [
            0.30446773303916164,
            1.0,
            0.21878121878121878
        ],
        "recall": [
            0.6216216216216216,
            0.0021008403361344537,
            0.22438524590163936
        ],
        "f1": [
            0.4087375046279156,
            0.0041928721174004195,
            0.22154779969650987
        ]
    },
    "vpl": {
        "accu": [
            0.32173295454545453
        ],
        "precision": [
            0.2870065789473684,
            0.03007518796992481,
            0.4537885095753539
        ],
        "recall": [
            0.35758196721311475,
            0.013513513513513514,
            0.5724789915966386
        ],
        "f1": [
            0.31843065693430656,
            0.018648018648018648,
            0.5062703204830469
        ]
    }
}