{
    "wml": {
        "accu": [
            0.4953835227272727
        ],
        "precision": [
            0.3996212121212121,
            0.7930232558139535,
            0.7664233576642335
        ],
        "recall": [
            0.9504504504504504,
            0.3581932773109244,
            0.2151639344262295
        ],
        "f1": [
            0.5626666666666666,
            0.4934876989869755,
            0.33599999999999997
        ]
    },
    "vpl": {
        "accu": [
            0.24964488636363635
        ],
        "precision": [
            0.23253275109170304,
            0.3333333333333333,
            0.23859881031064112
        ],
        "recall": [
            0.2182377049180328,
            0.14527027027027026,
            0.3792016806722689
        ],
        "f1": [
            0.22515856236786466,
            0.20235294117647057,
            0.2929006085192698
        ]
    }
}