{
    "wml": {
        "accu": [
            0.5188210227272727
        ],
        "precision": [
            0.49736247174076864,
            0.5103244837758112,
            0.8195488721804511
        ],
        "recall": [
            0.7432432432432432,
            0.726890756302521,
            0.11168032786885246
        ],
        "f1": [
            0.5959367945823928,
            0.5996533795493934,
            0.19657348963029755
        ]
    },
    "vpl": {
        "accu": [
            0.23401988636363635
        ],
        "precision": [
            0.25989138867339023,
            0.28027681660899656,
            0.0
        ],
        "recall": [
            0.3432377049180328,
            0.36486486486486486,
            0.0
        ],
        "f1": [
            0.2958057395143488,
            0.31702544031311153,
            NaN
        ]
    }
}