{
    "wml": {
        "accu": [
            0.47620738636363635
        ],
        "precision": [
            0.8136882129277566,
            0.34172435494021397,
            0.6058091286307054
        ],
        "recall": [
            0.2326086956521739,
            0.5703781512605042,
            0.6186440677966102
        ],
        "f1": [
            0.3617920540997464,
            0.4273907910271546,
            0.6121593291404612
        ]
    },
    "vpl": {
        "accu": [
            0.43892045454545453
        ],
        "precision": [
            0.40421052631578946,
            0.3283582089552239,
            0.4613674263479711
        ],
        "recall": [
            0.4067796610169492,
            0.02391304347826087,
            0.8718487394957983
        ],
        "f1": [
            0.4054910242872228,
            0.044579533941236066,
            0.6034169392948019
        ]
    }
}