{
    "wml": {
        "accu": [
            0.5049715909090909
        ],
        "precision": [
            0.7418136020151134,
            0.43166666666666664,
            0.38321167883211676
        ],
        "recall": [
            0.6632882882882883,
            0.5441176470588235,
            0.32274590163934425
        ],
        "f1": [
            0.7003567181926278,
            0.4814126394052044,
            0.35038932146829804
        ]
    },
    "vpl": {
        "accu": [
            0.45454545454545453
        ],
        "precision": [
            0.5435049019607843,
            0.5170454545454546,
            0.06041666666666667
        ],
        "recall": [
            0.9088114754098361,
            0.4099099099099099,
            0.03046218487394958
        ],
        "f1": [
            0.6802147239263804,
            0.457286432160804,
            0.040502793296089384
        ]
    }
}