{
    "wml": {
        "accu": [
            0.2630208333333333
        ],
        "precision": [
            0.20389926888708368,
            0.624390243902439,
            0.26255380200860834
        ],
        "recall": [
            0.18188405797101448,
            0.0896358543417367,
            0.5169491525423728
        ],
        "f1": [
            0.19226350057449254,
            0.15676668707899571,
            0.34823977164605135
        ]
    },
    "vpl": {
        "accu": [
            0.35795454545454547
        ],
        "precision": [
            0.312360268284893,
            0.4247967479674797,
            0.540765391014975
        ],
        "recall": [
            0.690677966101695,
            0.15144927536231884,
            0.22759103641456582
        ],
        "f1": [
            0.43017374092808447,
            0.22329059829059827,
            0.32035485460818136
        ]
    }
}