{
    "wml": {
        "accu": [
            0.23046875
        ],
        "precision": [
            0.23669309173272934,
            0.017766497461928935,
            0.28135152696556204
        ],
        "recall": [
            0.23536036036036037,
            0.007352941176470588,
            0.44364754098360654
        ],
        "f1": [
            0.23602484472049692,
            0.010401188707280832,
            0.34433399602385684
        ]
    },
    "vpl": {
        "accu": [
            0.3359375
        ],
        "precision": [
            0.49056603773584906,
            0.27157129881925524,
            0.37364620938628157
        ],
        "recall": [
            0.02663934426229508,
            0.3367117117117117,
            0.6523109243697479
        ],
        "f1": [
            0.05053449951409135,
            0.30065359477124187,
            0.47513389441469017
        ]
    }
}