{
    "wml": {
        "accu": [
            0.39879261363636365
        ],
        "precision": [
            0.48,
            0.44260204081632654,
            0.31774809160305345
        ],
        "recall": [
            0.10810810810810811,
            0.7289915966386554,
            0.3411885245901639
        ],
        "f1": [
            0.17647058823529413,
            0.5507936507936508,
            0.3290513833992095
        ]
    },
    "vpl": {
        "accu": [
            0.33167613636363635
        ],
        "precision": [
            0.19708029197080293,
            0.3176318063958513,
            0.4712328767123288
        ],
        "recall": [
            0.027663934426229508,
            0.8277027027027027,
            0.18067226890756302
        ],
        "f1": [
            0.04851752021563343,
            0.4590880699562773,
            0.26119969627942297
        ]
    }
}