{
    "wml": {
        "accu": [
            0.23011363636363635
        ],
        "precision": [
            0.24099204492278894,
            0.22857142857142856,
            0.08441558441558442
        ],
        "recall": [
            0.5597826086956522,
            0.12605042016806722,
            0.013771186440677966
        ],
        "f1": [
            0.33693163231926726,
            0.16249153689911985,
            0.02367941712204007
        ]
    },
    "vpl": {
        "accu": [
            0.6232244318181818
        ],
        "precision": [
            0.47816222348269993,
            0.8677450047573739,
            0.0
        ],
        "recall": [
            0.8930084745762712,
            0.991304347826087,
            0.0
        ],
        "f1": [
            0.6228297007757665,
            0.9254185692541858,
            NaN
        ]
    }
}