{
    "wml": {
        "accu": [
            0.42933238636363635
        ],
        "precision": [
            0.3392018779342723,
            0.58008356545961,
            0.16477272727272727
        ],
        "recall": [
            0.32545045045045046,
            0.875,
            0.08913934426229508
        ],
        "f1": [
            0.332183908045977,
            0.6976549413735345,
            0.11569148936170211
        ]
    },
    "vpl": {
        "accu": [
            0.31285511363636365
        ],
        "precision": [
            0.402457757296467,
            0.2859122401847575,
            NaN
        ],
        "recall": [
            0.26844262295081966,
            0.6970720720720721,
            0.0
        ],
        "f1": [
            0.3220651505838968,
            0.40550278414674096,
            NaN
        ]
    }
}