{
    "wml": {
        "accu": [
            0.3380681818181818
        ],
        "precision": [
            0.31668437832093516,
            0.3333333333333333,
            0.43617021276595747
        ],
        "recall": [
            0.3355855855855856,
            0.5577731092436975,
            0.1260245901639344
        ],
        "f1": [
            0.3258611262985237,
            0.4172888015717093,
            0.1955484896661367
        ]
    },
    "vpl": {
        "accu": [
            0.3984375
        ],
        "precision": [
            0.3796062594649167,
            1.0,
            0.17989417989417988
        ],
        "recall": [
            0.7704918032786885,
            0.30180180180180183,
            0.10714285714285714
        ],
        "f1": [
            0.5086236050050726,
            0.4636678200692042,
            0.13429888084265965
        ]
    }
}