{
    "wml": {
        "accu": [
            0.3615056818181818
        ],
        "precision": [
            0.39203484754200374,
            0.8832335329341318,
            0.10628571428571429
        ],
        "recall": [
            0.7094594594594594,
            0.30987394957983194,
            0.09528688524590163
        ],
        "f1": [
            0.5050100200400802,
            0.4587869362363919,
            0.10048622366288491
        ]
    },
    "vpl": {
        "accu": [
            0.3817471590909091
        ],
        "precision": [
            0.43790849673202614,
            0.27748132337246534,
            0.6619496855345912
        ],
        "recall": [
            0.13729508196721313,
            0.5855855855855856,
            0.4422268907563025
        ],
        "f1": [
            0.20904836193447737,
            0.3765387400434468,
            0.5302267002518892
        ]
    }
}