{
    "wml": {
        "accu": [
            0.3020833333333333
        ],
        "precision": [
            0.32217573221757323,
            0.42797866034380555,
            0.017361111111111112
        ],
        "recall": [
            0.39057971014492754,
            0.5231884057971015,
            0.010245901639344262
        ],
        "f1": [
            0.3530953160825418,
            0.4708183893055103,
            0.01288659793814433
        ]
    },
    "vpl": {
        "accu": [
            0.506155303030303
        ],
        "precision": [
            0.5337394564198688,
            0.5198693522046816,
            0.17391304347826086
        ],
        "recall": [
            0.7780054644808743,
            0.6920289855072463,
            0.03188405797101449
        ],
        "f1": [
            0.6331295163979989,
            0.5937208579421821,
            0.05388854868340478
        ]
    }
}