{
    "wml": {
        "accu": [
            0.3236268939393939
        ],
        "precision": [
            0.4032520325203252,
            0.3146603098927294,
            0.29945054945054944
        ],
        "recall": [
            0.17971014492753623,
            0.5739130434782609,
            0.22336065573770492
        ],
        "f1": [
            0.24862155388471174,
            0.4064665127020785,
            0.255868544600939
        ]
    },
    "vpl": {
        "accu": [
            0.22206439393939395
        ],
        "precision": [
            0.14209115281501342,
            0.24367458154924096,
            0.22662266226622663
        ],
        "recall": [
            0.07240437158469945,
            0.45362318840579713,
            0.1492753623188406
        ],
        "f1": [
            0.09592760180995474,
            0.317042289187136,
            0.17999126256006992
        ]
    }
}