{
    "wml": {
        "accu": [
            0.4401041666666667
        ],
        "precision": [
            0.4597974985110185,
            0.4152173913043478,
            0.4412017167381974
        ],
        "recall": [
            0.5594202898550724,
            0.4152173913043478,
            0.3510928961748634
        ],
        "f1": [
            0.5047401111474338,
            0.4152173913043478,
            0.3910232027386839
        ]
    },
    "vpl": {
        "accu": [
            0.5324337121212122
        ],
        "precision": [
            0.6269662921348315,
            0.5062857142857143,
            0.4618086040386304
        ],
        "recall": [
            0.5717213114754098,
            0.6420289855072464,
            0.38115942028985506
        ],
        "f1": [
            0.5980707395498392,
            0.5661341853035144,
            0.4176260420801906
        ]
    }
}