{
    "wml": {
        "accu": [
            0.40873579545454547
        ],
        "precision": [
            0.3486166007905138,
            0.0,
            0.9781818181818182
        ],
        "recall": [
            0.9932432432432432,
            0.0,
            0.27561475409836067
        ],
        "f1": [
            0.5160912814511409,
            NaN,
            0.43005595523581147
        ]
    },
    "vpl": {
        "accu": [
            0.3409090909090909
        ],
        "precision": [
            0.3486005089058524,
            0.0,
            0.020833333333333332
        ],
        "recall": [
            0.9825819672131147,
            0.0,
            0.0010504201680672268
        ],
        "f1": [
            0.5146230211966729,
            NaN,
            0.002
        ]
    }
}