{
    "wml": {
        "accu": [
            0.5717329545454546
        ],
        "precision": [
            0.7306047648136835,
            0.39278131634819535,
            0.5161094224924012
        ],
        "recall": [
            0.8666666666666667,
            0.26811594202898553,
            0.5799180327868853
        ],
        "f1": [
            0.792840570102751,
            0.3186907838070629,
            0.5461563203602443
        ]
    },
    "vpl": {
        "accu": [
            0.17495265151515152
        ],
        "precision": [
            0.172234273318872,
            0.1449727201870616,
            0.24528301886792453
        ],
        "recall": [
            0.27117486338797814,
            0.13478260869565217,
            0.11304347826086956
        ],
        "f1": [
            0.21066595914035552,
            0.13969207660533234,
            0.15476190476190477
        ]
    }
}