{
    "wml": {
        "accu": [
            0.32386363636363635
        ],
        "precision": [
            0.3657482441923285,
            0.2634207240948814,
            0.14634146341463414
        ],
        "recall": [
            0.7623873873873874,
            0.22163865546218486,
            0.02459016393442623
        ],
        "f1": [
            0.4943410003650968,
            0.24073017683970335,
            0.042105263157894736
        ]
    },
    "vpl": {
        "accu": [
            0.42151988636363635
        ],
        "precision": [
            0.3804347826086957,
            0.22576361221779548,
            0.51035254616676
        ],
        "recall": [
            0.10758196721311475,
            0.19144144144144143,
            0.957983193277311
        ],
        "f1": [
            0.16773162939297126,
            0.20719073735527116,
            0.6659364731653888
        ]
    }
}