{
    "wml": {
        "accu": [
            0.31202651515151514
        ],
        "precision": [
            0.35605663345568955,
            0.30147835269271384,
            0.1607565011820331
        ],
        "recall": [
            0.4920289855072464,
            0.413768115942029,
            0.04644808743169399
        ],
        "f1": [
            0.41314268329784,
            0.3488087965791081,
            0.07207207207207207
        ]
    },
    "vpl": {
        "accu": [
            0.5340909090909091
        ],
        "precision": [
            0.4539363484087102,
            0.7759078830823738,
            0.4186704384724187
        ],
        "recall": [
            0.7404371584699454,
            0.6347826086956522,
            0.2144927536231884
        ],
        "f1": [
            0.5628245067497404,
            0.6982861697887605,
            0.28366075706756105
        ]
    }
}