{
    "wml": {
        "accu": [
            0.3469460227272727
        ],
        "precision": [
            0.0,
            0.39221556886227543,
            0.3789083200847907
        ],
        "recall": [
            0.0,
            0.27521008403361347,
            0.7325819672131147
        ],
        "f1": [
            NaN,
            0.32345679012345685,
            0.4994760740482012
        ]
    },
    "vpl": {
        "accu": [
            0.39204545454545453
        ],
        "precision": [
            1.0,
            0.23737373737373738,
            0.33939906898011
        ],
        "recall": [
            0.2612704918032787,
            0.05292792792792793,
            0.842436974789916
        ],
        "f1": [
            0.4142973192526402,
            0.0865561694290976,
            0.48386123680241333
        ]
    }
}