{
    "wml": {
        "accu": [
            0.4041193181818182
        ],
        "precision": [
            0.41843629343629346,
            0.5050505050505051,
            0.3131868131868132
        ],
        "recall": [
            0.9763513513513513,
            0.10504201680672269,
            0.17520491803278687
        ],
        "f1": [
            0.5858108108108108,
            0.1739130434782609,
            0.22470433639947435
        ]
    },
    "vpl": {
        "accu": [
            0.41051136363636365
        ],
        "precision": [
            0.4072790294627383,
            0.7555555555555555,
            0.34806629834254144
        ],
        "recall": [
            0.7223360655737705,
            0.15315315315315314,
            0.33088235294117646
        ],
        "f1": [
            0.5208718138160326,
            0.2546816479400749,
            0.3392568659127625
        ]
    }
}