{
    "wml": {
        "accu": [
            0.4628314393939394
        ],
        "precision": [
            0.5437806873977087,
            0.31715210355987056,
            0.5787234042553191
        ],
        "recall": [
            0.9630434782608696,
            0.3431372549019608,
            0.096045197740113
        ],
        "f1": [
            0.6950836820083682,
            0.3296333669693912,
            0.16474863718958208
        ]
    },
    "vpl": {
        "accu": [
            0.18986742424242425
        ],
        "precision": [
            0.1361111111111111,
            0.2540415704387991,
            0.20103282921431206
        ],
        "recall": [
            0.1038135593220339,
            0.07971014492753623,
            0.38165266106442575
        ],
        "f1": [
            0.11778846153846154,
            0.12134583563154992,
            0.2633486349359748
        ]
    }
}