{
    "wml": {
        "accu": [
            0.4776278409090909
        ],
        "precision": [
            0.43951165371809103,
            0.09289617486338798,
            0.657393850658858
        ],
        "recall": [
            0.44594594594594594,
            0.05357142857142857,
            0.9200819672131147
        ],
        "f1": [
            0.4427054220234768,
            0.06795469686875417,
            0.7668659265584971
        ]
    },
    "vpl": {
        "accu": [
            0.22443181818181818
        ],
        "precision": [
            0.0,
            0.057057057057057055,
            0.3267590618336887
        ],
        "recall": [
            0.0,
            0.021396396396396396,
            0.6439075630252101
        ],
        "f1": [
            NaN,
            0.031122031122031123,
            0.4335219236209335
        ]
    }
}