{
    "wml": {
        "accu": [
            0.5674715909090909
        ],
        "precision": [
            0.6555772994129159,
            0.5181462869905081,
            0.0
        ],
        "recall": [
            0.7282608695652174,
            0.9747899159663865,
            0.0
        ],
        "f1": [
            0.6900102986611741,
            0.6766314254465913,
            NaN
        ]
    },
    "vpl": {
        "accu": [
            0.35688920454545453
        ],
        "precision": [
            0.36357744653272844,
            0.26481481481481484,
            0.8186528497409327
        ],
        "recall": [
            0.5942796610169492,
            0.3108695652173913,
            0.16596638655462184
        ],
        "f1": [
            0.45114595898673104,
            0.28600000000000003,
            0.2759825327510917
        ]
    }
}