{
    "wml": {
        "accu": [
            0.4637784090909091
        ],
        "precision": [
            0.50125,
            0.38503253796095444,
            0.5027422303473492
        ],
        "recall": [
            0.45157657657657657,
            0.37289915966386555,
            0.5635245901639344
        ],
        "f1": [
            0.47511848341232227,
            0.3788687299893276,
            0.5314009661835749
        ]
    },
    "vpl": {
        "accu": [
            0.19282670454545456
        ],
        "precision": [
            0.24746743849493488,
            0.18147951037786056,
            0.12601626016260162
        ],
        "recall": [
            0.17520491803278687,
            0.38400900900900903,
            0.032563025210084036
        ],
        "f1": [
            0.20515896820635873,
            0.24647632815323453,
            0.051752921535893164
        ]
    }
}