{
    "wml": {
        "accu": [
            0.3103693181818182
        ],
        "precision": [
            0.06470588235294118,
            0.49244911359159554,
            0.13050570962479607
        ],
        "recall": [
            0.04954954954954955,
            0.7878151260504201,
            0.08196721311475409
        ],
        "f1": [
            0.05612244897959184,
            0.6060606060606061,
            0.10069225928256764
        ]
    },
    "vpl": {
        "accu": [
            0.6203835227272727
        ],
        "precision": [
            0.6765163297045101,
            0.6320675105485232,
            0.569838056680162
        ],
        "recall": [
            0.4456967213114754,
            0.8434684684684685,
            0.5913865546218487
        ],
        "f1": [
            0.5373687461395924,
            0.7226242161119151,
            0.5804123711340207
        ]
    }
}