{
    "wml": {
        "accu": [
            0.5635653409090909
        ],
        "precision": [
            0.5934833204034135,
            0.3870967741935484,
            0.5925266903914591
        ],
        "recall": [
            0.8614864864864865,
            0.1638655462184874,
            0.6823770491803278
        ],
        "f1": [
            0.7028020211299955,
            0.23025830258302582,
            0.6342857142857142
        ]
    },
    "vpl": {
        "accu": [
            0.34517045454545453
        ],
        "precision": [
            0.6149425287356322,
            0.0,
            0.35626029654036245
        ],
        "recall": [
            0.1096311475409836,
            0.0,
            0.9086134453781513
        ],
        "f1": [
            0.18608695652173912,
            NaN,
            0.5118343195266273
        ]
    }
}