{
    "wml": {
        "accu": [
            0.39417613636363635
        ],
        "precision": [
            0.43283582089552236,
            0.36428571428571427,
            0.42090656799259946
        ],
        "recall": [
            0.15760869565217392,
            0.5357142857142857,
            0.4819915254237288
        ],
        "f1": [
            0.2310756972111554,
            0.4336734693877551,
            0.4493827160493828
        ]
    },
    "vpl": {
        "accu": [
            0.33061079545454547
        ],
        "precision": [
            0.408203125,
            0.39351851851851855,
            0.07753164556962025
        ],
        "recall": [
            0.6641949152542372,
            0.27717391304347827,
            0.051470588235294115
        ],
        "f1": [
            0.5056451612903226,
            0.3252551020408163,
            0.06186868686868686
        ]
    }
}