{
    "wml": {
        "accu": [
            0.5078125
        ],
        "precision": [
            0.6434782608695652,
            0.4879725085910653,
            0.20603907637655416
        ],
        "recall": [
            1.0,
            0.4474789915966387,
            0.11885245901639344
        ],
        "f1": [
            0.7830687830687831,
            0.46684931506849314,
            0.15074723846653673
        ]
    },
    "vpl": {
        "accu": [
            0.4012784090909091
        ],
        "precision": [
            0.4186991869918699,
            0.4356826022671267,
            0.13559322033898305
        ],
        "recall": [
            0.21106557377049182,
            0.9954954954954955,
            0.04201680672268908
        ],
        "f1": [
            0.28065395095367845,
            0.606102159753171,
            0.06415396952686449
        ]
    }
}