{
    "wml": {
        "accu": [
            0.4580965909090909
        ],
        "precision": [
            0.4064602960969044,
            0.4746974697469747,
            0.49019607843137253
        ],
        "recall": [
            0.3400900900900901,
            0.9065126050420168,
            0.12807377049180327
        ],
        "f1": [
            0.3703249540159412,
            0.6231046931407942,
            0.20308692120227456
        ]
    },
    "vpl": {
        "accu": [
            0.45845170454545453
        ],
        "precision": [
            0.8319327731092437,
            0.3532182103610675,
            0.5214335910049192
        ],
        "recall": [
            0.1014344262295082,
            0.5067567567567568,
            0.7794117647058824
        ],
        "f1": [
            0.18082191780821918,
            0.41628122109158183,
            0.6248421052631579
        ]
    }
}