{
    "wml": {
        "accu": [
            0.2644412878787879
        ],
        "precision": [
            0.23063829787234041,
            0.22763063707945597,
            0.5387840670859538
        ],
        "recall": [
            0.3927536231884058,
            0.22268907563025211,
            0.18149717514124294
        ],
        "f1": [
            0.2906166219839142,
            0.22513274336283187,
            0.27152667723190704
        ]
    },
    "vpl": {
        "accu": [
            0.5632102272727273
        ],
        "precision": [
            0.8171355498721228,
            0.5205799812909261,
            0.4808282208588957
        ],
        "recall": [
            0.451271186440678,
            0.8065217391304348,
            0.43907563025210083
        ],
        "f1": [
            0.5814376706096452,
            0.6327458783399659,
            0.45900439238653
        ]
    }
}