{
    "wml": {
        "accu": [
            0.36292613636363635
        ],
        "precision": [
            0.0,
            0.3325842696629214,
            0.3958904109589041
        ],
        "recall": [
            0.0,
            0.46638655462184875,
            0.6122881355932204
        ],
        "f1": [
            NaN,
            0.38828159160472236,
            0.480865224625624
        ]
    },
    "vpl": {
        "accu": [
            0.3455255681818182
        ],
        "precision": [
            0.0912280701754386,
            0.7358490566037735,
            0.35632780082987553
        ],
        "recall": [
            0.05508474576271186,
            0.2543478260869565,
            0.7216386554621849
        ],
        "f1": [
            0.06869220607661823,
            0.37802907915993533,
            0.4770833333333334
        ]
    }
}