{
    "wml": {
        "accu": [
            0.4569128787878788
        ],
        "precision": [
            0.0,
            0.39591836734693875,
            0.5970381917381138
        ],
        "recall": [
            0.0,
            0.8151260504201681,
            0.5409604519774012
        ],
        "f1": [
            NaN,
            0.532967032967033,
            0.5676176361615414
        ]
    },
    "vpl": {
        "accu": [
            0.42234848484848486
        ],
        "precision": [
            0.9247311827956989,
            0.37056928034371645,
            0.7388535031847133
        ],
        "recall": [
            0.12146892655367232,
            1.0,
            0.16246498599439776
        ],
        "f1": [
            0.2147315855181024,
            0.5407523510971787,
            0.26636050516647536
        ]
    }
}