{
    "wml": {
        "accu": [
            0.40873579545454547
        ],
        "precision": [
            0.29895104895104896,
            0.21130551816958276,
            0.7018299246501615
        ],
        "recall": [
            0.3717391304347826,
            0.17065217391304346,
            0.6680327868852459
        ],
        "f1": [
            0.33139534883720934,
            0.1888153938665063,
            0.684514435695538
        ]
    },
    "vpl": {
        "accu": [
            0.10333806818181818
        ],
        "precision": [
            0.004576659038901602,
            0.0,
            0.265869365225391
        ],
        "recall": [
            0.0020491803278688526,
            0.0,
            0.3141304347826087
        ],
        "f1": [
            0.0028308563340410475,
            NaN,
            0.2879920279023418
        ]
    }
}