{
    "wml": {
        "accu": [
            0.6530539772727273
        ],
        "precision": [
            0.7674841053587648,
            0.6188976377952756,
            0.5564814814814815
        ],
        "recall": [
            0.9184782608695652,
            0.41281512605042014,
            0.6366525423728814
        ],
        "f1": [
            0.8362196932211777,
            0.49527410207939504,
            0.5938735177865613
        ]
    },
    "vpl": {
        "accu": [
            0.3291903409090909
        ],
        "precision": [
            0.3522238163558106,
            0.295668549905838,
            0.31313131313131315
        ],
        "recall": [
            0.5201271186440678,
            0.17065217391304346,
            0.2930672268907563
        ],
        "f1": [
            0.42001710863986313,
            0.2164024810475534,
            0.3027672273467173
        ]
    }
}