{
    "wml": {
        "accu": [
            0.3838778409090909
        ],
        "precision": [
            0.5198412698412699,
            0.19488428745432398,
            0.44198524480214624
        ],
        "recall": [
            0.2847826086956522,
            0.16806722689075632,
            0.698093220338983
        ],
        "f1": [
            0.36797752808988765,
            0.18048505358150027,
            0.5412731006160164
        ]
    },
    "vpl": {
        "accu": [
            0.4822443181818182
        ],
        "precision": [
            0.4182638105975197,
            0.7978723404255319,
            0.36349331235247834
        ],
        "recall": [
            0.3930084745762712,
            0.5706521739130435,
            0.4852941176470588
        ],
        "f1": [
            0.4052430365920262,
            0.6653992395437263,
            0.4156545209176788
        ]
    }
}