{
    "wml": {
        "accu": [
            0.359375
        ],
        "precision": [
            NaN,
            0.4234354194407457,
            0.3360774818401937
        ],
        "recall": [
            0.0,
            0.33403361344537813,
            0.7110655737704918
        ],
        "f1": [
            NaN,
            0.3734586024662361,
            0.4564288063137126
        ]
    },
    "vpl": {
        "accu": [
            0.4563210227272727
        ],
        "precision": [
            0.6174661746617466,
            0.5127591706539075,
            0.18691588785046728
        ],
        "recall": [
            0.514344262295082,
            0.7240990990990991,
            0.14705882352941177
        ],
        "f1": [
            0.5612073784237004,
            0.600373482726424,
            0.1646090534979424
        ]
    }
}