{
    "wml": {
        "accu": [
            0.39879261363636365
        ],
        "precision": [
            0.5666041275797373,
            0.2663716814159292,
            0.45099739809193407
        ],
        "recall": [
            0.3282608695652174,
            0.3161764705882353,
            0.5508474576271186
        ],
        "f1": [
            0.415691672401927,
            0.2891450528338137,
            0.4959465903671912
        ]
    },
    "vpl": {
        "accu": [
            0.26953125
        ],
        "precision": [
            0.8842105263157894,
            0.18190854870775347,
            0.2868804664723032
        ],
        "recall": [
            0.08898305084745763,
            0.19891304347826086,
            0.5168067226890757
        ],
        "f1": [
            0.16169393647738212,
            0.19003115264797507,
            0.36895388076490443
        ]
    }
}