{
    "wml": {
        "accu": [
            0.2098721590909091
        ],
        "precision": [
            0.142433234421365,
            0.16693679092382496,
            0.2895622895622896
        ],
        "recall": [
            0.1565217391304348,
            0.11195652173913044,
            0.3524590163934426
        ],
        "f1": [
            0.14914552045572244,
            0.1340273259596617,
            0.31792975970425136
        ]
    },
    "vpl": {
        "accu": [
            0.5063920454545454
        ],
        "precision": [
            0.6544540229885057,
            0.5056526207605344,
            0.050997782705099776
        ],
        "recall": [
            0.9334016393442623,
            0.5347826086956522,
            0.025
        ],
        "f1": [
            0.7694256756756757,
            0.5198098256735341,
            0.03355215171407732
        ]
    }
}