{
    "wml": {
        "accu": [
            0.49609375
        ],
        "precision": [
            1.0,
            0.6735905044510386,
            0.3948220064724919
        ],
        "recall": [
            0.34347826086956523,
            0.23844537815126052,
            0.9046610169491526
        ],
        "f1": [
            0.511326860841424,
            0.352211016291699,
            0.5497264242034116
        ]
    },
    "vpl": {
        "accu": [
            0.32173295454545453
        ],
        "precision": [
            0.0,
            0.3233404710920771,
            NaN
        ],
        "recall": [
            0.0,
            0.9847826086956522,
            0.0
        ],
        "f1": [
            NaN,
            0.4868350349274584,
            NaN
        ]
    }
}