{
    "wml": {
        "accu": [
            0.5028409090909091
        ],
        "precision": [
            0.5089234312032239,
            0.48936170212765956,
            0.5035714285714286
        ],
        "recall": [
            0.9608695652173913,
            0.4107142857142857,
            0.149364406779661
        ],
        "f1": [
            0.6654121189311253,
            0.4466019417475728,
            0.23039215686274508
        ]
    },
    "vpl": {
        "accu": [
            0.24928977272727273
        ],
        "precision": [
            0.2388451443569554,
            0.21293375394321767,
            0.30851063829787234
        ],
        "recall": [
            0.3855932203389831,
            0.14673913043478262,
            0.21323529411764705
        ],
        "f1": [
            0.29497568881685576,
            0.1737451737451738,
            0.2521739130434783
        ]
    }
}