{
    "wml": {
        "accu": [
            0.5113636363636364
        ],
        "precision": [
            0.8722891566265061,
            0.39712918660287083,
            0.5056669572798606
        ],
        "recall": [
            0.3934782608695652,
            0.523109243697479,
            0.614406779661017
        ],
        "f1": [
            0.5423220973782772,
            0.4514959202175884,
            0.5547584887613582
        ]
    },
    "vpl": {
        "accu": [
            0.2254971590909091
        ],
        "precision": [
            0.24382207578253706,
            0.2526455026455027,
            0.0
        ],
        "recall": [
            0.4703389830508475,
            0.2076086956521739,
            0.0
        ],
        "f1": [
            0.32115732368896927,
            0.22792362768496424,
            NaN
        ]
    }
}