{
    "wml": {
        "accu": [
            0.38707386363636365
        ],
        "precision": [
            0.3282208588957055,
            0.4724770642201835,
            0.3754966887417219
        ],
        "recall": [
            0.240990990990991,
            0.3245798319327731,
            0.5809426229508197
        ],
        "f1": [
            0.2779220779220779,
            0.3848069738480698,
            0.4561544650040225
        ]
    },
    "vpl": {
        "accu": [
            0.35014204545454547
        ],
        "precision": [
            0.46492659053833607,
            0.11756373937677053,
            0.3766968325791855
        ],
        "recall": [
            0.5840163934426229,
            0.09346846846846847,
            0.34978991596638653
        ],
        "f1": [
            0.5177111716621253,
            0.1041405269761606,
            0.3627450980392156
        ]
    }
}