{
    "wml": {
        "accu": [
            0.3135653409090909
        ],
        "precision": [
            0.296875,
            0.27771493212669685,
            0.44776119402985076
        ],
        "recall": [
            0.17117117117117117,
            0.5157563025210085,
            0.2459016393442623
        ],
        "f1": [
            0.21714285714285714,
            0.3610294117647059,
            0.3174603174603175
        ]
    },
    "vpl": {
        "accu": [
            0.38139204545454547
        ],
        "precision": [
            0.39764359351988215,
            0.3615819209039548,
            0.39069767441860465
        ],
        "recall": [
            0.2766393442622951,
            0.43243243243243246,
            0.4411764705882353
        ],
        "f1": [
            0.3262839879154078,
            0.3938461538461539,
            0.4144055254070055
        ]
    }
}