{
    "wml": {
        "accu": [
            0.5127840909090909
        ],
        "precision": [
            0.8272251308900523,
            0.439365671641791,
            0.2828282828282828
        ],
        "recall": [
            0.5337837837837838,
            0.9894957983193278,
            0.028688524590163935
        ],
        "f1": [
            0.648870636550308,
            0.6085271317829457,
            0.052093023255813956
        ]
    },
    "vpl": {
        "accu": [
            0.30220170454545453
        ],
        "precision": [
            0.17419354838709677,
            0.417910447761194,
            0.3633864760857614
        ],
        "recall": [
            0.16598360655737704,
            0.03153153153153153,
            0.694327731092437
        ],
        "f1": [
            0.16998950682056663,
            0.058638743455497376,
            0.4770840851678095
        ]
    }
}