{
    "wml": {
        "accu": [
            0.6157670454545454
        ],
        "precision": [
            0.7448979591836735,
            0.5190505933791381,
            0.742671009771987
        ],
        "recall": [
            0.24662162162162163,
            0.8728991596638656,
            0.7008196721311475
        ],
        "f1": [
            0.37055837563451777,
            0.6509988249118684,
            0.721138639957828
        ]
    },
    "vpl": {
        "accu": [
            0.5497159090909091
        ],
        "precision": [
            0.20522388059701493,
            0.6538871139510117,
            0.5463020509633313
        ],
        "recall": [
            0.05635245901639344,
            0.6914414414414415,
            0.9233193277310925
        ],
        "f1": [
            0.08842443729903537,
            0.6721401204159825,
            0.686450605232331
        ]
    }
}