{
    "wml": {
        "accu": [
            0.5870028409090909
        ],
        "precision": [
            0.6827195467422096,
            0.4202085004009623,
            0.796078431372549
        ],
        "recall": [
            0.7858695652173913,
            0.5695652173913044,
            0.41598360655737704
        ],
        "f1": [
            0.7306720565942394,
            0.48361790493770185,
            0.5464333781965006
        ]
    },
    "vpl": {
        "accu": [
            0.46839488636363635
        ],
        "precision": [
            0.9194029850746268,
            0.5353159851301115,
            0.39195298372513565
        ],
        "recall": [
            0.3155737704918033,
            0.1565217391304348,
            0.9423913043478261
        ],
        "f1": [
            0.46987032799389783,
            0.24222035323801513,
            0.5536398467432951
        ]
    }
}