{
    "wml": {
        "accu": [
            0.55078125
        ],
        "precision": [
            0.4200988467874794,
            0.5111847555923777,
            0.6776447105788423
        ],
        "recall": [
            0.28716216216216217,
            0.648109243697479,
            0.6956967213114754
        ],
        "f1": [
            0.3411371237458194,
            0.571560907827698,
            0.686552072800809
        ]
    },
    "vpl": {
        "accu": [
            0.3973721590909091
        ],
        "precision": [
            0.5920915712799167,
            0.3541341653666147,
            0.2660626029654036
        ],
        "recall": [
            0.5829918032786885,
            0.25563063063063063,
            0.3392857142857143
        ],
        "f1": [
            0.5875064532782652,
            0.2969260954872466,
            0.29824561403508776
        ]
    }
}