{
    "wml": {
        "accu": [
            0.41654829545454547
        ],
        "precision": [
            0.44776119402985076,
            0.3019271948608137,
            0.42105263157894735
        ],
        "recall": [
            0.782608695652174,
            0.1532608695652174,
            0.319672131147541
        ],
        "f1": [
            0.569620253164557,
            0.20331651045421775,
            0.36342457775189285
        ]
    },
    "vpl": {
        "accu": [
            0.4939630681818182
        ],
        "precision": [
            0.7717003567181926,
            0.5008695652173913,
            0.2012121212121212
        ],
        "recall": [
            0.6649590163934426,
            0.6260869565217392,
            0.18043478260869567
        ],
        "f1": [
            0.7143643368189324,
            0.5565217391304348,
            0.19025787965616045
        ]
    }
}