{
    "wml": {
        "accu": [
            0.3533380681818182
        ],
        "precision": [
            0.11538461538461539,
            0.3650075414781297,
            0.5125858123569794
        ],
        "recall": [
            0.05067567567567568,
            0.7626050420168067,
            0.22950819672131148
        ],
        "f1": [
            0.07042253521126761,
            0.49370962257735457,
            0.3170559094125973
        ]
    },
    "vpl": {
        "accu": [
            0.28870738636363635
        ],
        "precision": [
            0.0,
            0.2243958573072497,
            0.43119266055045874
        ],
        "recall": [
            0.0,
            0.4391891891891892,
            0.44432773109243695
        ],
        "f1": [
            NaN,
            0.297029702970297,
            0.437661665804449
        ]
    }
}