{
    "wml": {
        "accu": [
            0.4268465909090909
        ],
        "precision": [
            0.9967320261437909,
            0.39204545454545453,
            0.0
        ],
        "recall": [
            0.33152173913043476,
            0.9422268907563025,
            0.0
        ],
        "f1": [
            0.497553017944535,
            0.5537037037037037,
            NaN
        ]
    },
    "vpl": {
        "accu": [
            0.33558238636363635
        ],
        "precision": [
            0.3493708364174685,
            0.0,
            0.009345794392523364
        ],
        "recall": [
            1.0,
            0.0,
            0.0010504201680672268
        ],
        "f1": [
            0.5178277564454196,
            NaN,
            0.0018885741265344664
        ]
    }
}