{
    "wml": {
        "accu": [
            0.22620738636363635
        ],
        "precision": [
            0.26200640341515474,
            0.1382716049382716,
            0.25757575757575757
        ],
        "recall": [
            0.5529279279279279,
            0.11764705882352941,
            0.03483606557377049
        ],
        "f1": [
            0.3555394641564084,
            0.1271282633371169,
            0.061371841155234655
        ]
    },
    "vpl": {
        "accu": [
            0.40198863636363635
        ],
        "precision": [
            0.38285190279688214,
            0.6584821428571429,
            0.0106951871657754
        ],
        "recall": [
            0.8555327868852459,
            0.3322072072072072,
            0.0021008403361344537
        ],
        "f1": [
            0.5289832119100412,
            0.4416167664670659,
            0.003511852502194908
        ]
    }
}