{
    "wml": {
        "accu": [
            0.43110795454545453
        ],
        "precision": [
            0.8548387096774194,
            0.161231884057971,
            0.32171052631578945
        ],
        "recall": [
            0.691304347826087,
            0.0967391304347826,
            0.5010245901639344
        ],
        "f1": [
            0.7644230769230769,
            0.12092391304347826,
            0.3918269230769231
        ]
    },
    "vpl": {
        "accu": [
            0.45703125
        ],
        "precision": [
            0.3511705685618729,
            0.7534403669724771,
            0.0
        ],
        "recall": [
            0.6454918032786885,
            0.7141304347826087,
            0.0
        ],
        "f1": [
            0.4548736462093863,
            0.7332589285714287,
            NaN
        ]
    }
}