{
    "wml": {
        "accu": [
            0.42223011363636365
        ],
        "precision": [
            0.34819734345351044,
            0.5563218390804597,
            0.2100656455142232
        ],
        "recall": [
            0.4132882882882883,
            0.7626050420168067,
            0.09836065573770492
        ],
        "f1": [
            0.3779608650875386,
            0.6433318564466104,
            0.13398464759246334
        ]
    },
    "vpl": {
        "accu": [
            0.375
        ],
        "precision": [
            0.016706443914081145,
            0.3458823529411765,
            0.5418894830659536
        ],
        "recall": [
            0.007172131147540984,
            0.4966216216216216,
            0.6386554621848739
        ],
        "f1": [
            0.01003584229390681,
            0.4077669902912621,
            0.5863066538090645
        ]
    }
}