{
    "wml": {
        "accu": [
            0.3700284090909091
        ],
        "precision": [
            0.4108241082410824,
            0.17727272727272728,
            0.7032258064516129
        ],
        "recall": [
            0.7260869565217392,
            0.1638655462184874,
            0.2309322033898305
        ],
        "f1": [
            0.5247446975648075,
            0.1703056768558952,
            0.34768740031897927
        ]
    },
    "vpl": {
        "accu": [
            0.47301136363636365
        ],
        "precision": [
            0.2625482625482625,
            0.6166242578456319,
            0.38969521044992744
        ],
        "recall": [
            0.07203389830508475,
            0.7902173913043479,
            0.5640756302521008
        ],
        "f1": [
            0.11305070656691606,
            0.6927108146736541,
            0.4609442060085837
        ]
    }
}