{
    "wml": {
        "accu": [
            0.5816761363636364
        ],
        "precision": [
            0.6009523809523809,
            0.5393258426966292,
            0.5836038961038961
        ],
        "recall": [
            0.7105855855855856,
            0.3025210084033613,
            0.7366803278688525
        ],
        "f1": [
            0.651186790505676,
            0.38761776581426644,
            0.6512681159420289
        ]
    },
    "vpl": {
        "accu": [
            0.41832386363636365
        ],
        "precision": [
            0.7774725274725275,
            0.37948717948717947,
            0.0625
        ],
        "recall": [
            0.2899590163934426,
            1.0,
            0.007352941176470588
        ],
        "f1": [
            0.42238805970149257,
            0.550185873605948,
            0.013157894736842105
        ]
    }
}