{
    "wml": {
        "accu": [
            0.5074573863636364
        ],
        "precision": [
            0.5628865979381443,
            0.5666666666666667,
            0.4643078833022967
        ],
        "recall": [
            0.2967391304347826,
            0.42857142857142855,
            0.7923728813559322
        ],
        "f1": [
            0.38861209964412813,
            0.48803827751196166,
            0.585518590998043
        ]
    },
    "vpl": {
        "accu": [
            0.4538352272727273
        ],
        "precision": [
            0.43660418963616315,
            0.556350626118068,
            0.32869785082174463
        ],
        "recall": [
            0.4194915254237288,
            0.6760869565217391,
            0.27310924369747897
        ],
        "f1": [
            0.4278768233387358,
            0.6104023552502453,
            0.2983362019506598
        ]
    }
}