{
    "wml": {
        "accu": [
            0.41654829545454547
        ],
        "precision": [
            0.48519362186788156,
            0.4133738601823708,
            0.10810810810810811
        ],
        "recall": [
            0.23986486486486486,
            1.0,
            0.00819672131147541
        ],
        "f1": [
            0.32102486812358705,
            0.5849462365591398,
            0.01523809523809524
        ]
    },
    "vpl": {
        "accu": [
            0.6814630681818182
        ],
        "precision": [
            0.6168639053254438,
            0.9703504043126685,
            0.6633119853613907
        ],
        "recall": [
            0.8545081967213115,
            0.40540540540540543,
            0.7615546218487395
        ],
        "f1": [
            0.7164948453608248,
            0.5718824463860206,
            0.7090464547677262
        ]
    }
}