{
    "wml": {
        "accu": [
            0.3525094696969697
        ],
        "precision": [
            0.20873269435569755,
            0.3597040409789414,
            0.4325916230366492
        ],
        "recall": [
            0.14202898550724638,
            0.4425770308123249,
            0.4668079096045198
        ],
        "f1": [
            0.16903837861147047,
            0.3968602825745683,
            0.44904891304347827
        ]
    },
    "vpl": {
        "accu": [
            0.18986742424242425
        ],
        "precision": [
            0.1271393643031785,
            0.08178438661710037,
            0.33465608465608465
        ],
        "recall": [
            0.14689265536723164,
            0.06376811594202898,
            0.3543417366946779
        ],
        "f1": [
            0.1363040629095675,
            0.07166123778501629,
            0.3442176870748299
        ]
    }
}