{
    "wml": {
        "accu": [
            0.0859375
        ],
        "precision": [
            0.22841726618705036,
            0.05994291151284491,
            0.043010752688172046
        ],
        "recall": [
            0.13804347826086957,
            0.0661764705882353,
            0.05508474576271186
        ],
        "f1": [
            0.17208672086720866,
            0.06290564153769346,
            0.048304691128657685
        ]
    },
    "vpl": {
        "accu": [
            0.5390625
        ],
        "precision": [
            0.43671497584541064,
            0.6757925072046109,
            0.5492180312787488
        ],
        "recall": [
            0.4788135593220339,
            0.5097826086956522,
            0.6271008403361344
        ],
        "f1": [
            0.4567963617988884,
            0.5811648079306072,
            0.5855811672388426
        ]
    }
}