{
    "wml": {
        "accu": [
            0.35120738636363635
        ],
        "precision": [
            0.5079962370649106,
            0.27334696659850033,
            0.16783216783216784
        ],
        "recall": [
            0.6081081081081081,
            0.421218487394958,
            0.04918032786885246
        ],
        "f1": [
            0.5535622757560227,
            0.3315419594873915,
            0.07606973058637084
        ]
    },
    "vpl": {
        "accu": [
            0.56640625
        ],
        "precision": [
            0.5549828178694158,
            0.6402930402930402,
            0.2613240418118467
        ],
        "recall": [
            0.6618852459016393,
            0.9842342342342343,
            0.07878151260504201
        ],
        "f1": [
            0.6037383177570094,
            0.7758544163337772,
            0.12106537530266344
        ]
    }
}