{
    "wml": {
        "accu": [
            0.44767992424242425
        ],
        "precision": [
            0.6908396946564885,
            0.36186305732484075,
            0.3885542168674699
        ],
        "recall": [
            0.5246376811594203,
            0.658695652173913,
            0.1762295081967213
        ],
        "f1": [
            0.5963756177924218,
            0.46711202466598145,
            0.2424812030075188
        ]
    },
    "vpl": {
        "accu": [
            0.2881155303030303
        ],
        "precision": [
            0.19088937093275488,
            0.2743938497930219,
            0.5275590551181102
        ],
        "recall": [
            0.060109289617486336,
            0.672463768115942,
            0.14565217391304347
        ],
        "f1": [
            0.09142857142857141,
            0.3897522049559009,
            0.22827938671209538
        ]
    }
}