{
    "wml": {
        "accu": [
            0.4119318181818182
        ],
        "precision": [
            0.4189723320158103,
            0.40724574421649934,
            0.7894736842105263
        ],
        "recall": [
            0.23873873873873874,
            0.9800420168067226,
            0.015368852459016393
        ],
        "f1": [
            0.3041606886657102,
            0.5753931544865866,
            0.03015075376884422
        ]
    },
    "vpl": {
        "accu": [
            0.6171875
        ],
        "precision": [
            0.6193939393939394,
            0.760043431053203,
            0.49252336448598133
        ],
        "recall": [
            0.5235655737704918,
            0.7882882882882883,
            0.5535714285714286
        ],
        "f1": [
            0.5674625208217657,
            0.7739082365948038,
            0.5212660731948565
        ]
    }
}