{
    "wml": {
        "accu": [
            0.6079545454545454
        ],
        "precision": [
            0.5785928143712575,
            0.7375328083989501,
            0.5987261146496815
        ],
        "recall": [
            0.8402173913043478,
            0.30543478260869567,
            0.6741803278688525
        ],
        "f1": [
            0.6852836879432624,
            0.43197540353574176,
            0.6342168674698795
        ]
    },
    "vpl": {
        "accu": [
            0.3877840909090909
        ],
        "precision": [
            0.2911036036036036,
            0.9615384615384616,
            0.0
        ],
        "recall": [
            0.5297131147540983,
            0.625,
            0.0
        ],
        "f1": [
            0.3757267441860465,
            0.7575757575757575,
            NaN
        ]
    }
}