{
    "wml": {
        "accu": [
            0.3966619318181818
        ],
        "precision": [
            0.09237875288683603,
            0.4804432855280313,
            0.4004711425206125
        ],
        "recall": [
            0.04504504504504504,
            0.7741596638655462,
            0.3483606557377049
        ],
        "f1": [
            0.060560181680545035,
            0.5929203539823009,
            0.3726027397260274
        ]
    },
    "vpl": {
        "accu": [
            0.6182528409090909
        ],
        "precision": [
            0.8445378151260504,
            0.6331967213114754,
            0.46181172291296624
        ],
        "recall": [
            0.617827868852459,
            0.6959459459459459,
            0.5462184873949579
        ],
        "f1": [
            0.7136094674556211,
            0.6630901287553649,
            0.5004812319538017
        ]
    }
}