{
    "wml": {
        "accu": [
            0.3078835227272727
        ],
        "precision": [
            0.4610951008645533,
            0.07352941176470588,
            0.3126991351843423
        ],
        "recall": [
            0.18018018018018017,
            0.02100840336134454,
            0.7038934426229508
        ],
        "f1": [
            0.2591093117408907,
            0.032679738562091505,
            0.433028679483139
        ]
    },
    "vpl": {
        "accu": [
            0.30326704545454547
        ],
        "precision": [
            0.041176470588235294,
            1.0,
            0.30913978494623656
        ],
        "recall": [
            0.007172131147540984,
            0.0472972972972973,
            0.8455882352941176
        ],
        "f1": [
            0.012216404886561954,
            0.09032258064516129,
            0.452755905511811
        ]
    }
}