{
    "wml": {
        "accu": [
            0.4621212121212121
        ],
        "precision": [
            0.49134199134199136,
            0.37698783910196443,
            1.0
        ],
        "recall": [
            0.6579710144927536,
            0.5840579710144927,
            0.16256830601092895
        ],
        "f1": [
            0.5625774473358117,
            0.458214894826606,
            0.2796709753231492
        ]
    },
    "vpl": {
        "accu": [
            0.31107954545454547
        ],
        "precision": [
            0.44711014176663033,
            0.28132118451025057,
            0.0
        ],
        "recall": [
            0.5601092896174863,
            0.35797101449275365,
            0.0
        ],
        "f1": [
            0.4972710733778048,
            0.31505102040816324,
            NaN
        ]
    }
}