{
    "wml": {
        "accu": [
            0.3327414772727273
        ],
        "precision": [
            0.491566265060241,
            NaN,
            0.30528946272386503
        ],
        "recall": [
            0.2217391304347826,
            0.0,
            0.7764830508474576
        ],
        "f1": [
            0.3056179775280899,
            NaN,
            0.4382660687593422
        ]
    },
    "vpl": {
        "accu": [
            0.5415482954545454
        ],
        "precision": [
            0.5920245398773006,
            0.5701519213583557,
            0.5061998541210795
        ],
        "recall": [
            0.2044491525423729,
            0.6934782608695652,
            0.7289915966386554
        ],
        "f1": [
            0.30393700787401573,
            0.6257969592937715,
            0.597503228583728
        ]
    }
}