{
    "wml": {
        "accu": [
            0.31486742424242425
        ],
        "precision": [
            0.3598086124401914,
            0.18887908208296558,
            0.36363636363636365
        ],
        "recall": [
            0.5449275362318841,
            0.14985994397759103,
            0.2570621468926554
        ],
        "f1": [
            0.4334293948126801,
            0.1671222178836392,
            0.3011998345055854
        ]
    },
    "vpl": {
        "accu": [
            0.4491003787878788
        ],
        "precision": [
            0.5753040224508886,
            0.4913494809688581,
            0.3345029239766082
        ],
        "recall": [
            0.4343220338983051,
            0.5144927536231884,
            0.4005602240896359
        ],
        "f1": [
            0.49496981891348085,
            0.502654867256637,
            0.3645634161886552
        ]
    }
}