{
    "wml": {
        "accu": [
            0.4470880681818182
        ],
        "precision": [
            0.4428794992175274,
            0.3738601823708207,
            0.47146401985111663
        ],
        "recall": [
            0.6373873873873874,
            0.12920168067226892,
            0.5840163934426229
        ],
        "f1": [
            0.5226223453370268,
            0.19203747072599534,
            0.5217391304347826
        ]
    },
    "vpl": {
        "accu": [
            0.32776988636363635
        ],
        "precision": [
            0.00199203187250996,
            0.0,
            0.4684959349593496
        ],
        "recall": [
            0.0010245901639344263,
            0.0,
            0.9684873949579832
        ],
        "f1": [
            0.0013531799729364006,
            NaN,
            0.6315068493150686
        ]
    }
}