{
    "wml": {
        "accu": [
            0.4169034090909091
        ],
        "precision": [
            0.14954486345903772,
            0.45733578882750153,
            0.7511961722488039
        ],
        "recall": [
            0.12950450450450451,
            0.782563025210084,
            0.32172131147540983
        ],
        "f1": [
            0.1388050694025347,
            0.5772956218519953,
            0.45050215208034433
        ]
    },
    "vpl": {
        "accu": [
            0.48473011363636365
        ],
        "precision": [
            0.6182266009852216,
            0.3615023474178404,
            0.425891181988743
        ],
        "recall": [
            0.7715163934426229,
            0.43355855855855857,
            0.23844537815126052
        ],
        "f1": [
            0.6864175022789426,
            0.39426523297491045,
            0.30572390572390573
        ]
    }
}