{
    "wml": {
        "accu": [
            0.38115530303030304
        ],
        "precision": [
            0.3954175905395418,
            NaN,
            0.3744339951236503
        ],
        "recall": [
            0.38768115942028986,
            0.0,
            0.7342896174863388
        ],
        "f1": [
            0.3915111598975485,
            NaN,
            0.4959630911188005
        ]
    },
    "vpl": {
        "accu": [
            0.20620265151515152
        ],
        "precision": [
            0.0,
            0.2333815028901734,
            0.20454545454545456
        ],
        "recall": [
            0.0,
            0.4681159420289855,
            0.16304347826086957
        ],
        "f1": [
            NaN,
            0.3114754098360656,
            0.1814516129032258
        ]
    }
}