{
    "wml": {
        "accu": [
            0.3645833333333333
        ],
        "precision": [
            0.3435897435897436,
            0.41168745896257386,
            0.3235685752330226
        ],
        "recall": [
            0.4855072463768116,
            0.43907563025210083,
            0.1716101694915254
        ],
        "f1": [
            0.4024024024024024,
            0.42494069806845136,
            0.2242731887401938
        ]
    },
    "vpl": {
        "accu": [
            0.546875
        ],
        "precision": [
            0.5962314939434724,
            0.7053140096618358,
            0.4358001265022138
        ],
        "recall": [
            0.9385593220338984,
            0.21159420289855072,
            0.48249299719887956
        ],
        "f1": [
            0.7292181069958849,
            0.3255295429208473,
            0.45795945496842805
        ]
    }
}