{
    "wml": {
        "accu": [
            0.3996212121212121
        ],
        "precision": [
            0.42919389978213507,
            0.1686046511627907,
            0.47300564061240935
        ],
        "recall": [
            0.7137681159420289,
            0.08123249299719888,
            0.4145480225988701
        ],
        "f1": [
            0.5360544217687074,
            0.10964083175803403,
            0.441851712457659
        ]
    },
    "vpl": {
        "accu": [
            0.4621212121212121
        ],
        "precision": [
            0.7841796875,
            0.36021872863978127,
            0.35808865860679334
        ],
        "recall": [
            0.567090395480226,
            0.3818840579710145,
            0.43557422969187676
        ],
        "f1": [
            0.6581967213114753,
            0.37073513893774185,
            0.3930489731437599
        ]
    }
}