{
    "wml": {
        "accu": [
            0.4953835227272727
        ],
        "precision": [
            0.42165026495079483,
            0.75,
            0.5600268276324615
        ],
        "recall": [
            0.6272522522522522,
            0.0031512605042016808,
            0.8555327868852459
        ],
        "f1": [
            0.5043005885015844,
            0.0062761506276150635,
            0.6769355492501014
        ]
    },
    "vpl": {
        "accu": [
            0.33451704545454547
        ],
        "precision": [
            0.0,
            0.0,
            0.35109951546775997
        ],
        "recall": [
            0.0,
            0.0,
            0.9894957983193278
        ],
        "f1": [
            NaN,
            NaN,
            0.5182943603851444
        ]
    }
}