{
    "wml": {
        "accu": [
            0.5134943181818182
        ],
        "precision": [
            0.33360995850622405,
            0.4535637149028078,
            0.910948905109489
        ],
        "recall": [
            0.4369565217391304,
            0.45652173913043476,
            0.639344262295082
        ],
        "f1": [
            0.37835294117647056,
            0.45503791982665215,
            0.7513546056592415
        ]
    },
    "vpl": {
        "accu": [
            0.29723011363636365
        ],
        "precision": [
            0.3450261780104712,
            0.2959866220735786,
            0.003246753246753247
        ],
        "recall": [
            0.6752049180327869,
            0.1923913043478261,
            0.0010869565217391304
        ],
        "f1": [
            0.4566874566874567,
            0.233201581027668,
            0.0016286644951140068
        ]
    }
}