{
    "wml": {
        "accu": [
            0.3309659090909091
        ],
        "precision": [
            0.2690014903129657,
            0.03773584905660377,
            0.4144736842105263
        ],
        "recall": [
            0.3923913043478261,
            0.004201680672268907,
            0.600635593220339
        ],
        "f1": [
            0.3191865605658709,
            0.007561436672967863,
            0.49048442906574397
        ]
    },
    "vpl": {
        "accu": [
            0.3810369318181818
        ],
        "precision": [
            0.5690184049079755,
            0.4316644113667118,
            0.09329446064139942
        ],
        "recall": [
            0.3930084745762712,
            0.6934782608695652,
            0.06722689075630252
        ],
        "f1": [
            0.4649122807017544,
            0.5321100917431193,
            0.07814407814407814
        ]
    }
}