{
    "wml": {
        "accu": [
            0.3302556818181818
        ],
        "precision": [
            0.415211970074813,
            0.0,
            0.27936507936507937
        ],
        "recall": [
            0.75,
            0.0,
            0.27049180327868855
        ],
        "f1": [
            0.5345104333868379,
            NaN,
            0.27485684539302446
        ]
    },
    "vpl": {
        "accu": [
            0.4666193181818182
        ],
        "precision": [
            0.5279048490393413,
            0.6835748792270532,
            0.346829640947288
        ],
        "recall": [
            0.5911885245901639,
            0.3186936936936937,
            0.47689075630252103
        ],
        "f1": [
            0.5577573707104881,
            0.4347158218125961,
            0.4015922158337019
        ]
    }
}