{
    "wml": {
        "accu": [
            0.5310132575757576
        ],
        "precision": [
            0.6766595289079229,
            0.3797381116471399,
            0.5422740524781341
        ],
        "recall": [
            0.6869565217391305,
            0.3992753623188406,
            0.5081967213114754
        ],
        "f1": [
            0.6817691477885652,
            0.389261744966443,
            0.5246826516220029
        ]
    },
    "vpl": {
        "accu": [
            0.3352272727272727
        ],
        "precision": [
            0.34770114942528735,
            0.32676244570664886,
            0.35900339750849375
        ],
        "recall": [
            0.08265027322404371,
            0.7086956521739131,
            0.22971014492753622
        ],
        "f1": [
            0.1335540838852097,
            0.44729018980105195,
            0.28015908086610697
        ]
    }
}