{
    "wml": {
        "accu": [
            0.5344460227272727
        ],
        "precision": [
            0.5371428571428571,
            0.25,
            0.6781115879828327
        ],
        "recall": [
            0.8173913043478261,
            0.13152173913043477,
            0.6475409836065574
        ],
        "f1": [
            0.6482758620689656,
            0.17236467236467237,
            0.6624737945492662
        ]
    },
    "vpl": {
        "accu": [
            0.42613636363636365
        ],
        "precision": [
            0.5552884615384616,
            0.5336426914153132,
            0.3309492847854356
        ],
        "recall": [
            0.23668032786885246,
            0.5,
            0.5532608695652174
        ],
        "f1": [
            0.33189655172413796,
            0.5162738496071829,
            0.4141578519121236
        ]
    }
}