{
    "wml": {
        "accu": [
            0.2549715909090909
        ],
        "precision": [
            0.10645526613816535,
            0.1761744966442953,
            0.3881824981301421
        ],
        "recall": [
            0.10585585585585586,
            0.11029411764705882,
            0.5317622950819673
        ],
        "f1": [
            0.10615471485036702,
            0.13565891472868216,
            0.4487678339818418
        ]
    },
    "vpl": {
        "accu": [
            0.5614346590909091
        ],
        "precision": [
            0.941747572815534,
            0.7228260869565217,
            0.4815376833586242
        ],
        "recall": [
            0.09938524590163934,
            0.5990990990990991,
            1.0
        ],
        "f1": [
            0.17979610750695088,
            0.6551724137931034,
            0.6500512120177535
        ]
    }
}