{
    "wml": {
        "accu": [
            0.43004261363636365
        ],
        "precision": [
            0.9363636363636364,
            0.08841463414634146,
            0.43033509700176364
        ],
        "recall": [
            0.23198198198198197,
            0.03046218487394958,
            1.0
        ],
        "f1": [
            0.371841155234657,
            0.0453125,
            0.6017262638717632
        ]
    },
    "vpl": {
        "accu": [
            0.35404829545454547
        ],
        "precision": [
            0.3777555110220441,
            0.37155963302752293,
            0.0
        ],
        "recall": [
            0.7725409836065574,
            0.27364864864864863,
            0.0
        ],
        "f1": [
            0.5074024226110363,
            0.3151750972762646,
            NaN
        ]
    }
}