{
    "wml": {
        "accu": [
            0.4055397727272727
        ],
        "precision": [
            0.3761638733705773,
            0.03003003003003003,
            0.6032110091743119
        ],
        "recall": [
            0.658695652173913,
            0.01050420168067227,
            0.5572033898305084
        ],
        "f1": [
            0.47886210983800864,
            0.01556420233463035,
            0.579295154185022
        ]
    },
    "vpl": {
        "accu": [
            0.3380681818181818
        ],
        "precision": [
            0.2441025641025641,
            0.6199575371549894,
            0.30802919708029197
        ],
        "recall": [
            0.2521186440677966,
            0.3173913043478261,
            0.4432773109243697
        ],
        "f1": [
            0.24804585721730069,
            0.41984184040258804,
            0.36347975882859607
        ]
    }
}