{
    "wml": {
        "accu": [
            0.39985795454545453
        ],
        "precision": [
            0.30405405405405406,
            0.4506578947368421,
            0.3083941605839416
        ],
        "recall": [
            0.15202702702702703,
            0.8634453781512605,
            0.17315573770491804
        ],
        "f1": [
            0.2027027027027027,
            0.5922190201729107,
            0.22178477690288714
        ]
    },
    "vpl": {
        "accu": [
            0.3973721590909091
        ],
        "precision": [
            0.0,
            0.4172615184944841,
            0.4171779141104294
        ],
        "recall": [
            0.0,
            0.7240990990990991,
            0.5
        ],
        "f1": [
            NaN,
            0.5294359818855496,
            0.45484949832775917
        ]
    }
}