{
    "wml": {
        "accu": [
            0.4386837121212121
        ],
        "precision": [
            1.0,
            0.3924604510265904,
            0.4923766816143498
        ],
        "recall": [
            0.1,
            0.8449275362318841,
            0.375
        ],
        "f1": [
            0.18181818181818182,
            0.535968742817743,
            0.42574641333850327
        ]
    },
    "vpl": {
        "accu": [
            0.31202651515151514
        ],
        "precision": [
            0.008849557522123894,
            1.0,
            0.32649984926138076
        ],
        "recall": [
            0.004098360655737705,
            0.16594202898550725,
            0.7847826086956522
        ],
        "f1": [
            0.0056022408963585435,
            0.28464885021752645,
            0.4611454119650842
        ]
    }
}