{
    "wml": {
        "accu": [
            0.47301136363636365
        ],
        "precision": [
            0.36708111308466546,
            0.06060606060606061,
            0.6489945155393053
        ],
        "recall": [
            0.6981981981981982,
            0.0021008403361344537,
            0.7274590163934426
        ],
        "f1": [
            0.4811796662786186,
            0.004060913705583756,
            0.6859903381642513
        ]
    },
    "vpl": {
        "accu": [
            0.4659090909090909
        ],
        "precision": [
            0.45134965473948524,
            0.3144722524483134,
            1.0
        ],
        "recall": [
            0.7366803278688525,
            0.32545045045045046,
            0.31932773109243695
        ],
        "f1": [
            0.5597508758271701,
            0.31986718317653573,
            0.48407643312101906
        ]
    }
}