{
    "wml": {
        "accu": [
            0.4161931818181818
        ],
        "precision": [
            0.4101508916323731,
            0.4,
            0.423105776444111
        ],
        "recall": [
            0.65,
            0.01050420168067227,
            0.597457627118644
        ],
        "f1": [
            0.5029436501261564,
            0.02047082906857728,
            0.4953886693017127
        ]
    },
    "vpl": {
        "accu": [
            0.33558238636363635
        ],
        "precision": [
            0.35190217391304346,
            0.0,
            0.3331714424477902
        ],
        "recall": [
            0.274364406779661,
            0.0,
            0.7205882352941176
        ],
        "f1": [
            0.3083333333333333,
            NaN,
            0.45566257057455994
        ]
    }
}