{
    "wml": {
        "accu": [
            0.5948153409090909
        ],
        "precision": [
            0.6940993788819876,
            0.7549194991055456,
            0.49969001859888407
        ],
        "recall": [
            0.5033783783783784,
            0.4432773109243697,
            0.8258196721311475
        ],
        "f1": [
            0.5835509138381201,
            0.558570483123759,
            0.6226342217072228
        ]
    },
    "vpl": {
        "accu": [
            0.04723011363636364
        ],
        "precision": [
            0.03549060542797495,
            0.002697841726618705,
            0.2958801498127341
        ],
        "recall": [
            0.05225409836065574,
            0.0033783783783783786,
            0.08298319327731092
        ],
        "f1": [
            0.04227103191048487,
            0.003,
            0.12961443806398687
        ]
    }
}