{
    "wml": {
        "accu": [
            0.4583333333333333
        ],
        "precision": [
            0.5471861471861472,
            0.3440389294403893,
            0.5887573964497042
        ],
        "recall": [
            0.4579710144927536,
            0.4950980392156863,
            0.4216101694915254
        ],
        "f1": [
            0.4986193293885602,
            0.4059718633362044,
            0.4913580246913581
        ]
    },
    "vpl": {
        "accu": [
            0.3143939393939394
        ],
        "precision": [
            0.3259028087382969,
            0.18026565464895636,
            0.3452544704264099
        ],
        "recall": [
            0.5162429378531074,
            0.06884057971014493,
            0.35154061624649857
        ],
        "f1": [
            0.3995627220552063,
            0.09963293130571578,
            0.34836918806384454
        ]
    }
}