{
    "wml": {
        "accu": [
            0.4893465909090909
        ],
        "precision": [
            0.4310520939734423,
            0.3654708520179372,
            0.5700934579439252
        ],
        "recall": [
            0.45869565217391306,
            0.17717391304347826,
            0.8125
        ],
        "f1": [
            0.4444444444444445,
            0.23865300146412888,
            0.6700464723278411
        ]
    },
    "vpl": {
        "accu": [
            0.4470880681818182
        ],
        "precision": [
            0.5363086232980333,
            0.09547738693467336,
            0.41003861003861003
        ],
        "recall": [
            0.7264344262295082,
            0.020652173913043477,
            0.5771739130434783
        ],
        "f1": [
            0.6170583115752828,
            0.03395889186773905,
            0.4794582392776524
        ]
    }
}