{
    "wml": {
        "accu": [
            0.4630681818181818
        ],
        "precision": [
            0.3917112299465241,
            0.3384446878422782,
            0.7197750702905342
        ],
        "recall": [
            0.6369565217391304,
            0.21638655462184875,
            0.5423728813559322
        ],
        "f1": [
            0.4850993377483443,
            0.2639897479709526,
            0.6186065243656866
        ]
    },
    "vpl": {
        "accu": [
            0.28740530303030304
        ],
        "precision": [
            0.2065063649222065,
            0.3373428102788409,
            0.2671800947867299
        ],
        "recall": [
            0.10310734463276836,
            0.44710144927536233,
            0.3158263305322129
        ],
        "f1": [
            0.13754121526142252,
            0.3845434714864444,
            0.2894736842105263
        ]
    }
}