{
    "wml": {
        "accu": [
            0.15553977272727273
        ],
        "precision": [
            0.1401098901098901,
            0.0463768115942029,
            0.2565284178187404
        ],
        "recall": [
            0.28716216216216217,
            0.01680672268907563,
            0.1711065573770492
        ],
        "f1": [
            0.18833087149187594,
            0.024672320740169625,
            0.2052858020897357
        ]
    },
    "vpl": {
        "accu": [
            0.4151278409090909
        ],
        "precision": [
            0.3903061224489796,
            0.7023809523809523,
            0.3735632183908046
        ],
        "recall": [
            0.1567622950819672,
            0.26576576576576577,
            0.819327731092437
        ],
        "f1": [
            0.22368421052631576,
            0.38562091503267976,
            0.513157894736842
        ]
    }
}