{
    "wml": {
        "accu": [
            0.4080255681818182
        ],
        "precision": [
            0.43043220840734164,
            0.517578125,
            0.2552845528455285
        ],
        "recall": [
            0.7902173913043479,
            0.27836134453781514,
            0.1663135593220339
        ],
        "f1": [
            0.5573016481410502,
            0.3620218579234973,
            0.20141116100064146
        ]
    },
    "vpl": {
        "accu": [
            0.4772727272727273
        ],
        "precision": [
            0.46443514644351463,
            0.5096153846153846,
            0.4591573516766982
        ],
        "recall": [
            0.3527542372881356,
            0.5184782608695652,
            0.5609243697478992
        ],
        "f1": [
            0.4009632751354606,
            0.5140086206896551,
            0.5049645390070922
        ]
    }
}