{
    "wml": {
        "accu": [
            0.3536931818181818
        ],
        "precision": [
            0.38461538461538464,
            0.462037037037037,
            0.06851851851851852
        ],
        "recall": [
            0.5180180180180181,
            0.5241596638655462,
            0.03790983606557377
        ],
        "f1": [
            0.4414587332053743,
            0.4911417322834646,
            0.048812664907651716
        ]
    },
    "vpl": {
        "accu": [
            0.54296875
        ],
        "precision": [
            0.7579864472410455,
            0.4937185929648241,
            0.3576494427558257
        ],
        "recall": [
            0.8022540983606558,
            0.44256756756756754,
            0.3707983193277311
        ],
        "f1": [
            0.7794922847187655,
            0.4667458432304038,
            0.36410520887055187
        ]
    }
}