{
    "wml": {
        "accu": [
            0.43607954545454547
        ],
        "precision": [
            0.4238013698630137,
            0.15861027190332327,
            0.6369168356997972
        ],
        "recall": [
            0.5574324324324325,
            0.11029411764705882,
            0.6434426229508197
        ],
        "f1": [
            0.4815175097276265,
            0.13011152416356878,
            0.6401630988786953
        ]
    },
    "vpl": {
        "accu": [
            0.5909090909090909
        ],
        "precision": [
            0.5292076344707923,
            0.7667682926829268,
            0.5707656612529002
        ],
        "recall": [
            0.9375,
            0.5664414414414415,
            0.25840336134453784
        ],
        "f1": [
            0.6765249537892791,
            0.6515544041450777,
            0.3557483731019523
        ]
    }
}