{
    "wml": {
        "accu": [
            0.4588068181818182
        ],
        "precision": [
            0.9464285714285714,
            0.33114446529080677,
            0.4182621502209131
        ],
        "recall": [
            0.4177927927927928,
            0.3707983193277311,
            0.5819672131147541
        ],
        "f1": [
            0.5796875,
            0.34985133795837464,
            0.48671808054841476
        ]
    },
    "vpl": {
        "accu": [
            0.3483664772727273
        ],
        "precision": [
            0.5061488673139158,
            0.22798552472858866,
            0.02262443438914027
        ],
        "recall": [
            0.8012295081967213,
            0.21283783783783783,
            0.01050420168067227
        ],
        "f1": [
            0.6203887346291155,
            0.2201514269073966,
            0.014347202295552367
        ]
    }
}