{
    "wml": {
        "accu": [
            0.20276988636363635
        ],
        "precision": [
            0.2062807881773399,
            0.34545454545454546,
            0.1646090534979424
        ],
        "recall": [
            0.37725225225225223,
            0.07983193277310924,
            0.16393442622950818
        ],
        "f1": [
            0.2667197452229299,
            0.1296928327645051,
            0.16427104722792607
        ]
    },
    "vpl": {
        "accu": [
            0.37926136363636365
        ],
        "precision": [
            0.31094049904030713,
            0.5679214402618658,
            0.3660436137071651
        ],
        "recall": [
            0.4979508196721312,
            0.39076576576576577,
            0.24684873949579833
        ],
        "f1": [
            0.3828278849940922,
            0.46297531687791865,
            0.29485570890840657
        ]
    }
}