{
    "wml": {
        "accu": [
            0.5696022727272727
        ],
        "precision": [
            0.6389473684210526,
            0.395,
            0.5510204081632653
        ],
        "recall": [
            0.6597826086956522,
            0.08586956521739131,
            0.9405737704918032
        ],
        "f1": [
            0.6491978609625669,
            0.1410714285714286,
            0.6949280847842542
        ]
    },
    "vpl": {
        "accu": [
            0.30326704545454547
        ],
        "precision": [
            0.5825,
            0.14381591562799617,
            0.2446043165467626
        ],
        "recall": [
            0.4774590163934426,
            0.16304347826086957,
            0.25869565217391305
        ],
        "f1": [
            0.5247747747747747,
            0.15282730514518594,
            0.2514527205493925
        ]
    }
}