{
    "wml": {
        "accu": [
            0.5149147727272727
        ],
        "precision": [
            0.47547169811320755,
            0.47572815533980584,
            0.7208271787296898
        ],
        "recall": [
            0.5478260869565217,
            0.6746376811594202,
            0.3333333333333333
        ],
        "f1": [
            0.5090909090909091,
            0.5579862151633203,
            0.45586174684726766
        ]
    },
    "vpl": {
        "accu": [
            0.3894412878787879
        ],
        "precision": [
            0.6980728051391863,
            0.4197674418604651,
            0.330686917500863
        ],
        "recall": [
            0.2226775956284153,
            0.26159420289855073,
            0.6942028985507246
        ],
        "f1": [
            0.3376488865872605,
            0.3223214285714286,
            0.4479775543605331
        ]
    }
}