{
    "wml": {
        "accu": [
            0.3866003787878788
        ],
        "precision": [
            0.5885797950219619,
            0.3794361525704809,
            0.16539923954372623
        ],
        "recall": [
            0.29130434782608694,
            0.8011204481792717,
            0.0614406779661017
        ],
        "f1": [
            0.3897237033446437,
            0.5149673643934278,
            0.08959835221421215
        ]
    },
    "vpl": {
        "accu": [
            0.45478219696969696
        ],
        "precision": [
            0.125,
            0.7561260210035006,
            0.3786841321821971
        ],
        "recall": [
            0.0007062146892655367,
            0.46956521739130436,
            0.8907563025210085
        ],
        "f1": [
            0.0014044943820224719,
            0.5793473401877515,
            0.5314393148109463
        ]
    }
}