{
    "wml": {
        "accu": [
            0.3604403409090909
        ],
        "precision": [
            0.4533459000942507,
            0.25975975975975973,
            0.4444444444444444
        ],
        "recall": [
            0.5228260869565218,
            0.3634453781512605,
            0.19915254237288135
        ],
        "f1": [
            0.4856133266027259,
            0.30297723292469353,
            0.27505486466715434
        ]
    },
    "vpl": {
        "accu": [
            0.4552556818181818
        ],
        "precision": [
            0.4015503875968992,
            0.8877551020408163,
            0.5338441890166028
        ],
        "recall": [
            0.823093220338983,
            0.09456521739130434,
            0.43907563025210083
        ],
        "f1": [
            0.5397707537339353,
            0.17092337917485265,
            0.48184438040345823
        ]
    }
}