{
    "wml": {
        "accu": [
            0.4279119318181818
        ],
        "precision": [
            0.44742729306487694,
            0.2671957671957672,
            0.4676923076923077
        ],
        "recall": [
            0.8695652173913043,
            0.10978260869565218,
            0.3114754098360656
        ],
        "f1": [
            0.5908419497784343,
            0.1556240369799692,
            0.37392373923739236
        ]
    },
    "vpl": {
        "accu": [
            0.5124289772727273
        ],
        "precision": [
            0.773286467486819,
            0.419941348973607,
            0.5295202952029521
        ],
        "recall": [
            0.45081967213114754,
            0.7782608695652173,
            0.3119565217391304
        ],
        "f1": [
            0.56957928802589,
            0.5455238095238095,
            0.3926128590971272
        ]
    }
}