{
    "wml": {
        "accu": [
            0.5635653409090909
        ],
        "precision": [
            0.7874285714285715,
            0.3917525773195876,
            0.48036059240180295
        ],
        "recall": [
            0.7489130434782608,
            0.16521739130434782,
            0.764344262295082
        ],
        "f1": [
            0.7676880222841226,
            0.2324159021406728,
            0.5899565045472519
        ]
    },
    "vpl": {
        "accu": [
            0.37642045454545453
        ],
        "precision": [
            0.9197761194029851,
            0.29164504411001557,
            0.014164305949008499
        ],
        "recall": [
            0.5051229508196722,
            0.6108695652173913,
            0.005434782608695652
        ],
        "f1": [
            0.6521164021164021,
            0.394801545486477,
            0.007855459544383346
        ]
    }
}