{
    "wml": {
        "accu": [
            0.3973721590909091
        ],
        "precision": [
            0.5256410256410257,
            0.4679245283018868,
            0.012612612612612612
        ],
        "recall": [
            0.5540540540540541,
            0.6512605042016807,
            0.007172131147540984
        ],
        "f1": [
            0.5394736842105263,
            0.5445761967501098,
            0.009144350097975179
        ]
    },
    "vpl": {
        "accu": [
            0.3700284090909091
        ],
        "precision": [
            0.42796833773087073,
            0.23255813953488372,
            0.25269461077844313
        ],
        "recall": [
            0.8309426229508197,
            0.02252252252252252,
            0.22163865546218486
        ],
        "f1": [
            0.5649599442702891,
            0.04106776180698152,
            0.2361499720201455
        ]
    }
}