{
    "wml": {
        "accu": [
            0.3494318181818182
        ],
        "precision": [
            0.5546819156540386,
            0.10538922155688622,
            0.20618556701030927
        ],
        "recall": [
            0.8434782608695652,
            0.09243697478991597,
            0.1271186440677966
        ],
        "f1": [
            0.6692539887882708,
            0.09848908785674314,
            0.15727391874180863
        ]
    },
    "vpl": {
        "accu": [
            0.18892045454545456
        ],
        "precision": [
            0.08395061728395062,
            0.17734495130702205,
            0.33043478260869563
        ],
        "recall": [
            0.036016949152542374,
            0.3760869565217391,
            0.15966386554621848
        ],
        "f1": [
            0.050407709414381024,
            0.24103099965168934,
            0.21529745042492915
        ]
    }
}