{
    "wml": {
        "accu": [
            0.49644886363636365
        ],
        "precision": [
            0.42466960352422906,
            0.40157116451016633,
            0.8064864864864865
        ],
        "recall": [
            0.3492753623188406,
            0.6085434173669467,
            0.5268361581920904
        ],
        "f1": [
            0.38330019880715704,
            0.48385300668151443,
            0.6373344724476719
        ]
    },
    "vpl": {
        "accu": [
            0.3996212121212121
        ],
        "precision": [
            0.8021052631578948,
            0.33597583993959984,
            0.3790909090909091
        ],
        "recall": [
            0.2690677966101695,
            0.644927536231884,
            0.2920168067226891
        ],
        "f1": [
            0.40296139608672665,
            0.44179697195333834,
            0.3299050632911393
        ]
    }
}