{
    "wml": {
        "accu": [
            0.4932528409090909
        ],
        "precision": [
            0.41304347826086957,
            0.40736196319018403,
            0.8487712665406427
        ],
        "recall": [
            0.6608695652173913,
            0.36086956521739133,
            0.4600409836065574
        ],
        "f1": [
            0.5083612040133778,
            0.38270893371757925,
            0.5966777408637873
        ]
    },
    "vpl": {
        "accu": [
            0.34517045454545453
        ],
        "precision": [
            0.3218210361067504,
            0.35533333333333333,
            0.3446244477172312
        ],
        "recall": [
            0.21004098360655737,
            0.5793478260869566,
            0.2543478260869565
        ],
        "f1": [
            0.2541847489150651,
            0.440495867768595,
            0.2926829268292683
        ]
    }
}