{
    "wml": {
        "accu": [
            0.5866477272727273
        ],
        "precision": [
            0.7293577981651376,
            0.5674740484429066,
            0.4822546972860125
        ],
        "recall": [
            0.8952702702702703,
            0.1722689075630252,
            0.7100409836065574
        ],
        "f1": [
            0.8038422649140545,
            0.2643029814665592,
            0.5743887277248239
        ]
    },
    "vpl": {
        "accu": [
            0.4502840909090909
        ],
        "precision": [
            0.39444444444444443,
            0.8358895705521472,
            0.15441176470588236
        ],
        "recall": [
            0.6547131147540983,
            0.6137387387387387,
            0.08823529411764706
        ],
        "f1": [
            0.49229583975346686,
            0.7077922077922078,
            0.11229946524064172
        ]
    }
}