{
    "wml": {
        "accu": [
            0.4557291666666667
        ],
        "precision": [
            0.5855404438081604,
            0.37346437346437344,
            0.5064935064935064
        ],
        "recall": [
            0.5927536231884057,
            0.6386554621848739,
            0.13771186440677965
        ],
        "f1": [
            0.5891249549873964,
            0.47131782945736433,
            0.2165463631315936
        ]
    },
    "vpl": {
        "accu": [
            0.5383522727272727
        ],
        "precision": [
            0.5006090133982948,
            0.6220588235294118,
            0.5716928769657724
        ],
        "recall": [
            0.8707627118644068,
            0.3065217391304348,
            0.4327731092436975
        ],
        "f1": [
            0.6357308584686775,
            0.41067961165048544,
            0.49262654444001597
        ]
    }
}