{
    "wml": {
        "accu": [
            0.5248579545454546
        ],
        "precision": [
            0.705253784505788,
            0.42748091603053434,
            0.3289817232375979
        ],
        "recall": [
            0.8918918918918919,
            0.5882352941176471,
            0.1290983606557377
        ],
        "f1": [
            0.7876678269517653,
            0.4951370468611848,
            0.18543046357615892
        ]
    },
    "vpl": {
        "accu": [
            0.3458806818181818
        ],
        "precision": [
            0.44648318042813456,
            NaN,
            0.20660457239627433
        ],
        "recall": [
            0.7479508196721312,
            0.0,
            0.25630252100840334
        ],
        "f1": [
            0.5591727307545001,
            NaN,
            0.22878574777308952
        ]
    }
}