{
    "wml": {
        "accu": [
            0.4969223484848485
        ],
        "precision": [
            0.5665610142630745,
            0.5858585858585859,
            0.4434535873530604
        ],
        "recall": [
            0.5181159420289855,
            0.2030812324929972,
            0.7725988700564972
        ],
        "f1": [
            0.5412566237698714,
            0.3016120644825793,
            0.5634818439351017
        ]
    },
    "vpl": {
        "accu": [
            0.4817708333333333
        ],
        "precision": [
            0.6358339402767662,
            0.41323529411764703,
            0.3933415536374846
        ],
        "recall": [
            0.6165254237288136,
            0.6108695652173913,
            0.22338935574229693
        ],
        "f1": [
            0.6260308354248835,
            0.49298245614035086,
            0.28494863778472534
        ]
    }
}