{
    "wml": {
        "accu": [
            0.2801846590909091
        ],
        "precision": [
            0.30295024218405986,
            0.27520435967302453,
            0.0
        ],
        "recall": [
            0.7747747747747747,
            0.10609243697478991,
            0.0
        ],
        "f1": [
            0.43558088002532447,
            0.15314632297194844,
            NaN
        ]
    },
    "vpl": {
        "accu": [
            0.3966619318181818
        ],
        "precision": [
            0.9458823529411765,
            0.21152328334648776,
            0.06437768240343347
        ],
        "recall": [
            0.8237704918032787,
            0.30180180180180183,
            0.04726890756302521
        ],
        "f1": [
            0.8806133625410734,
            0.24872389791183297,
            0.054512416717141125
        ]
    }
}