{
    "wml": {
        "accu": [
            0.5809659090909091
        ],
        "precision": [
            0.6598360655737705,
            0.4448693435309114,
            0.883495145631068
        ],
        "recall": [
            0.543918918918919,
            0.7331932773109243,
            0.4661885245901639
        ],
        "f1": [
            0.5962962962962962,
            0.5537485124950416,
            0.6103286384976525
        ]
    },
    "vpl": {
        "accu": [
            0.3924005681818182
        ],
        "precision": [
            0.6190476190476191,
            0.4119736174530695,
            0.16699410609037327
        ],
        "recall": [
            0.21311475409836064,
            0.9144144144144144,
            0.08928571428571429
        ],
        "f1": [
            0.3170731707317073,
            0.5680307799930044,
            0.1163586584531143
        ]
    }
}