{
    "wml": {
        "accu": [
            0.4140625
        ],
        "precision": [
            0.37119113573407203,
            0.3328301886792453,
            0.5942782834850455
        ],
        "recall": [
            0.30180180180180183,
            0.4632352941176471,
            0.4682377049180328
        ],
        "f1": [
            0.3329192546583851,
            0.3873517786561265,
            0.52378223495702
        ]
    },
    "vpl": {
        "accu": [
            0.3419744318181818
        ],
        "precision": [
            0.5037531276063386,
            0.24689655172413794,
            0.005988023952095809
        ],
        "recall": [
            0.6188524590163934,
            0.40315315315315314,
            0.0010504201680672268
        ],
        "f1": [
            0.5554022988505747,
            0.30624465355004277,
            0.0017873100983020554
        ]
    }
}