{
    "wml": {
        "accu": [
            0.47301136363636365
        ],
        "precision": [
            0.38533834586466165,
            0.4072072072072072,
            0.581453634085213
        ],
        "recall": [
            0.44565217391304346,
            0.23739495798319327,
            0.7372881355932204
        ],
        "f1": [
            0.4133064516129032,
            0.29993364299933645,
            0.6501634750116768
        ]
    },
    "vpl": {
        "accu": [
            0.2950994318181818
        ],
        "precision": [
            0.2657035175879397,
            0.430939226519337,
            0.31639501438159157
        ],
        "recall": [
            0.4480932203389831,
            0.08478260869565217,
            0.34663865546218486
        ],
        "f1": [
            0.333596214511041,
            0.14168937329700274,
            0.3308270676691729
        ]
    }
}