{
    "wml": {
        "accu": [
            0.3231534090909091
        ],
        "precision": [
            0.265527950310559,
            0.39213349225268174,
            0.3075768942235559
        ],
        "recall": [
            0.19256756756756757,
            0.34558823529411764,
            0.42008196721311475
        ],
        "f1": [
            0.22323759791122716,
            0.367392518146287,
            0.3551320918146384
        ]
    },
    "vpl": {
        "accu": [
            0.22869318181818182
        ],
        "precision": [
            0.521594684385382,
            0.0626118067978533,
            0.12955974842767295
        ],
        "recall": [
            0.48258196721311475,
            0.07882882882882883,
            0.10819327731092437
        ],
        "f1": [
            0.5013304949441192,
            0.06979062811565304,
            0.1179164281625644
        ]
    }
}