{
    "wml": {
        "accu": [
            0.5166903409090909
        ],
        "precision": [
            0.6947483588621444,
            0.43112513144058884,
            NaN
        ],
        "recall": [
            0.7150900900900901,
            0.8613445378151261,
            0.0
        ],
        "f1": [
            0.7047724750277469,
            0.5746320953048353,
            NaN
        ]
    },
    "vpl": {
        "accu": [
            0.5678267045454546
        ],
        "precision": [
            0.6995677233429395,
            0.5703839122486288,
            0.358683314415437
        ],
        "recall": [
            0.9948770491803278,
            0.35135135135135137,
            0.3319327731092437
        ],
        "f1": [
            0.8214890016920473,
            0.43484320557491285,
            0.34478996181123833
        ]
    }
}