{
    "wml": {
        "accu": [
            0.3952414772727273
        ],
        "precision": [
            0.7407407407407407,
            0.20342205323193915,
            0.3251783893985729
        ],
        "recall": [
            0.6531531531531531,
            0.22478991596638656,
            0.32684426229508196
        ],
        "f1": [
            0.6941950927588271,
            0.21357285429141715,
            0.3260091977516607
        ]
    },
    "vpl": {
        "accu": [
            0.3622159090909091
        ],
        "precision": [
            0.03327495621716287,
            0.3888888888888889,
            0.6061120543293718
        ],
        "recall": [
            0.0194672131147541,
            0.7252252252252253,
            0.375
        ],
        "f1": [
            0.024563671622495155,
            0.5062893081761006,
            0.46333549643088906
        ]
    }
}