{
    "wml": {
        "accu": [
            0.3243371212121212
        ],
        "precision": [
            0.32830085094702166,
            0.25,
            0.3508771929824561
        ],
        "recall": [
            0.8666666666666667,
            0.05182072829131653,
            0.07062146892655367
        ],
        "f1": [
            0.4762094365916782,
            0.08584686774941996,
            0.11757789535567313
        ]
    },
    "vpl": {
        "accu": [
            0.5958806818181818
        ],
        "precision": [
            0.5455706984667802,
            0.6394366197183099,
            1.0
        ],
        "recall": [
            0.9046610169491526,
            0.822463768115942,
            0.07072829131652661
        ],
        "f1": [
            0.6806588735387885,
            0.7194928684627576,
            0.13211249182472204
        ]
    }
}