{
    "wml": {
        "accu": [
            0.2645596590909091
        ],
        "precision": [
            0.0113314447592068,
            0.30225472273004267,
            0.5138592750533049
        ],
        "recall": [
            0.009009009009009009,
            0.5210084033613446,
            0.24692622950819673
        ],
        "f1": [
            0.010037641154328734,
            0.3825684535287312,
            0.3335640138408304
        ]
    },
    "vpl": {
        "accu": [
            0.3341619318181818
        ],
        "precision": [
            0.535681186283596,
            0.11857292759706191,
            0.31887755102040816
        ],
        "recall": [
            0.5922131147540983,
            0.12725225225225226,
            0.26260504201680673
        ],
        "f1": [
            0.5625304136253042,
            0.12275936990765889,
            0.2880184331797235
        ]
    }
}