{
    "wml": {
        "accu": [
            0.3515625
        ],
        "precision": [
            0.4822888283378747,
            0.4353448275862069,
            0.008431703204047217
        ],
        "recall": [
            0.19932432432432431,
            0.8487394957983193,
            0.005122950819672131
        ],
        "f1": [
            0.2820717131474103,
            0.5754985754985755,
            0.006373486297004461
        ]
    },
    "vpl": {
        "accu": [
            0.26917613636363635
        ],
        "precision": [
            0.2287179487179487,
            0.27103960396039606,
            0.3059051306873185
        ],
        "recall": [
            0.22848360655737704,
            0.24662162162162163,
            0.3319327731092437
        ],
        "f1": [
            0.2286007175807278,
            0.2582547169811321,
            0.3183879093198992
        ]
    }
}