{
    "wml": {
        "accu": [
            0.4237689393939394
        ],
        "precision": [
            0.36879432624113473,
            0.18604651162790697,
            0.5726744186046512
        ],
        "recall": [
            0.30144927536231886,
            0.1391304347826087,
            0.8073770491803278
        ],
        "f1": [
            0.3317384370015949,
            0.1592039800995025,
            0.6700680272108843
        ]
    },
    "vpl": {
        "accu": [
            0.48792613636363635
        ],
        "precision": [
            0.47783481101259917,
            0.6752873563218391,
            0.3201542912246866
        ],
        "recall": [
            0.6994535519125683,
            0.5108695652173914,
            0.24057971014492754
        ],
        "f1": [
            0.5677848627668423,
            0.5816831683168318,
            0.27472072817542403
        ]
    }
}