{
    "wml": {
        "accu": [
            0.6409801136363636
        ],
        "precision": [
            0.5926188786373314,
            0.748221906116643,
            0.6306818181818182
        ],
        "recall": [
            0.9403153153153153,
            0.5525210084033614,
            0.45491803278688525
        ],
        "f1": [
            0.7270352633870265,
            0.6356495468277946,
            0.5285714285714286
        ]
    },
    "vpl": {
        "accu": [
            0.4229403409090909
        ],
        "precision": [
            0.3754295532646048,
            0.5232394366197183,
            0.04741379310344827
        ],
        "recall": [
            0.44774590163934425,
            0.8367117117117117,
            0.011554621848739496
        ],
        "f1": [
            0.40841121495327104,
            0.643847487001733,
            0.018581081081081082
        ]
    }
}