{
    "wml": {
        "accu": [
            0.41169507575757575
        ],
        "precision": [
            0.3906646372399797,
            0.40683482506102525,
            0.4580078125
        ],
        "recall": [
            0.5579710144927537,
            0.36231884057971014,
            0.3203551912568306
        ],
        "f1": [
            0.45956430916144436,
            0.3832886163280951,
            0.3770096463022508
        ]
    },
    "vpl": {
        "accu": [
            0.4330018939393939
        ],
        "precision": [
            0.4171378860374076,
            0.44678362573099417,
            0.4930232558139535
        ],
        "recall": [
            0.6550546448087432,
            0.553623188405797,
            0.07681159420289856
        ],
        "f1": [
            0.5096997076800426,
            0.49449838187702266,
            0.1329153605015674
        ]
    }
}