{
    "wml": {
        "accu": [
            0.4616477272727273
        ],
        "precision": [
            0.40729327170005136,
            0.48525798525798525,
            0.5208475734791524
        ],
        "recall": [
            0.5746376811594203,
            0.286231884057971,
            0.5204918032786885
        ],
        "f1": [
            0.47670574090772466,
            0.3600729261622607,
            0.5206696276050563
        ]
    },
    "vpl": {
        "accu": [
            0.2883522727272727
        ],
        "precision": [
            0.3459222769567597,
            0.11758793969849246,
            0.33452211126961484
        ],
        "recall": [
            0.43169398907103823,
            0.08478260869565217,
            0.3398550724637681
        ],
        "f1": [
            0.3840777879064114,
            0.09852631578947367,
            0.33716750539180446
        ]
    }
}