{
    "wml": {
        "accu": [
            0.5578835227272727
        ],
        "precision": [
            0.4350547730829421,
            0.46972477064220186,
            0.7643504531722054
        ],
        "recall": [
            0.6261261261261262,
            0.2689075630252101,
            0.7776639344262295
        ],
        "f1": [
            0.5133887349953832,
            0.3420173680694723,
            0.770949720670391
        ]
    },
    "vpl": {
        "accu": [
            0.5095880681818182
        ],
        "precision": [
            0.6066411238825032,
            0.40625,
            0.5703794369645043
        ],
        "recall": [
            0.48668032786885246,
            0.5563063063063063,
            0.4894957983193277
        ],
        "f1": [
            0.5400795906765208,
            0.4695817490494296,
            0.5268513284341436
        ]
    }
}