{
    "wml": {
        "accu": [
            0.29829545454545453
        ],
        "precision": [
            0.07311028500619579,
            0.1982142857142857,
            0.46238785369220153
        ],
        "recall": [
            0.06644144144144144,
            0.11659663865546219,
            0.6864754098360656
        ],
        "f1": [
            0.0696165191740413,
            0.14682539682539683,
            0.5525773195876289
        ]
    },
    "vpl": {
        "accu": [
            0.6370738636363636
        ],
        "precision": [
            0.6358284272497897,
            0.6734513274336283,
            0.5573440643863179
        ],
        "recall": [
            0.7745901639344263,
            0.8569819819819819,
            0.29096638655462187
        ],
        "f1": [
            0.6983833718244804,
            0.7542120911793855,
            0.3823326432022084
        ]
    }
}