{
    "wml": {
        "accu": [
            0.44176136363636365
        ],
        "precision": [
            0.5080862533692723,
            0.29200463499420626,
            0.5074626865671642
        ],
        "recall": [
            0.8195652173913044,
            0.2647058823529412,
            0.2521186440677966
        ],
        "f1": [
            0.627287853577371,
            0.2776859504132232,
            0.33687190375088466
        ]
    },
    "vpl": {
        "accu": [
            0.6402698863636364
        ],
        "precision": [
            0.30851063829787234,
            0.9633333333333334,
            0.4978046103183315
        ],
        "recall": [
            0.03072033898305085,
            0.9423913043478261,
            0.9527310924369747
        ],
        "f1": [
            0.0558766859344894,
            0.9527472527472528,
            0.6539293439077144
        ]
    }
}