{
    "wml": {
        "accu": [
            0.46342329545454547
        ],
        "precision": [
            0.4407894736842105,
            0.4583333333333333,
            1.0
        ],
        "recall": [
            0.4527027027027027,
            0.8897058823529411,
            0.05737704918032787
        ],
        "f1": [
            0.4466666666666666,
            0.605,
            0.10852713178294575
        ]
    },
    "vpl": {
        "accu": [
            0.45667613636363635
        ],
        "precision": [
            0.41309823677581864,
            0.5396551724137931,
            0.4602870813397129
        ],
        "recall": [
            0.5040983606557377,
            0.3524774774774775,
            0.5052521008403361
        ],
        "f1": [
            0.4540839870789109,
            0.42643051771117163,
            0.48172258387581374
        ]
    }
}