{
    "wml": {
        "accu": [
            0.4353693181818182
        ],
        "precision": [
            0.6866666666666666,
            0.3734793187347932,
            0.44251626898047725
        ],
        "recall": [
            0.11599099099099099,
            0.3224789915966387,
            0.8360655737704918
        ],
        "f1": [
            0.19845857418111754,
            0.3461104847801578,
            0.5787234042553192
        ]
    },
    "vpl": {
        "accu": [
            0.44140625
        ],
        "precision": [
            0.482886216466235,
            0.4216374269005848,
            0.0
        ],
        "recall": [
            0.5348360655737705,
            0.8119369369369369,
            0.0
        ],
        "f1": [
            0.5075352455031599,
            0.5550423402617397,
            NaN
        ]
    }
}