{
    "wml": {
        "accu": [
            0.17637310606060605
        ],
        "precision": [
            0.20894763599389934,
            0.1901840490797546,
            0.1308411214953271
        ],
        "recall": [
            0.29782608695652174,
            0.08683473389355742,
            0.1483050847457627
        ],
        "f1": [
            0.24559306841948012,
            0.11923076923076922,
            0.13902681231380337
        ]
    },
    "vpl": {
        "accu": [
            0.3958333333333333
        ],
        "precision": [
            0.3776842105263158,
            0.5145631067961165,
            0.29914529914529914
        ],
        "recall": [
            0.6334745762711864,
            0.38405797101449274,
            0.1715686274509804
        ],
        "f1": [
            0.4732260617251385,
            0.4398340248962656,
            0.21806853582554517
        ]
    }
}