{
    "wml": {
        "accu": [
            0.3622159090909091
        ],
        "precision": [
            0.4614512471655329,
            0.14285714285714285,
            0.32981676846196556
        ],
        "recall": [
            0.4583333333333333,
            0.01995798319327731,
            0.6086065573770492
        ],
        "f1": [
            0.45988700564971746,
            0.035023041474654376,
            0.4277997839395031
        ]
    },
    "vpl": {
        "accu": [
            0.24786931818181818
        ],
        "precision": [
            0.32755203171456887,
            0.03180212014134275,
            0.08189655172413793
        ],
        "recall": [
            0.6772540983606558,
            0.02027027027027027,
            0.01995798319327731
        ],
        "f1": [
            0.4415497661990648,
            0.024759284731774415,
            0.03209459459459459
        ]
    }
}