{
    "wml": {
        "accu": [
            0.40873579545454547
        ],
        "precision": [
            0.575,
            0.38266557645134913,
            0.0824524312896406
        ],
        "recall": [
            0.7,
            0.49159663865546216,
            0.0413135593220339
        ],
        "f1": [
            0.6313725490196078,
            0.43034482758620685,
            0.055045871559633024
        ]
    },
    "vpl": {
        "accu": [
            0.40198863636363635
        ],
        "precision": [
            0.5577617328519856,
            1.0,
            0.27898550724637683
        ],
        "recall": [
            0.6546610169491526,
            0.05652173913043478,
            0.4852941176470588
        ],
        "f1": [
            0.6023391812865497,
            0.10699588477366256,
            0.35429447852760737
        ]
    }
}