{
    "wml": {
        "accu": [
            0.3405539772727273
        ],
        "precision": [
            0.0,
            0.33845604002859186,
            1.0
        ],
        "recall": [
            0.0,
            0.9947478991596639,
            0.012711864406779662
        ],
        "f1": [
            NaN,
            0.5050666666666667,
            0.025104602510460254
        ]
    },
    "vpl": {
        "accu": [
            0.5784801136363636
        ],
        "precision": [
            0.4009146341463415,
            0.904862579281184,
            0.4200988467874794
        ],
        "recall": [
            0.2786016949152542,
            0.9304347826086956,
            0.5357142857142857
        ],
        "f1": [
            0.32874999999999993,
            0.917470525187567,
            0.47091412742382266
        ]
    }
}