{
    "wml": {
        "accu": [
            0.34623579545454547
        ],
        "precision": [
            0.33840117704757233,
            0.43206106870229005,
            0.01639344262295082
        ],
        "recall": [
            0.777027027027027,
            0.2972689075630252,
            0.0020491803278688526
        ],
        "f1": [
            0.47147249743764946,
            0.35220908525202244,
            0.003642987249544627
        ]
    },
    "vpl": {
        "accu": [
            0.5536221590909091
        ],
        "precision": [
            0.45607297167546806,
            0.9021739130434783,
            0.6132596685082873
        ],
        "recall": [
            0.9733606557377049,
            0.5608108108108109,
            0.11659663865546219
        ],
        "f1": [
            0.6211180124223603,
            0.6916666666666668,
            0.19593998234774931
        ]
    }
}