{
    "wml": {
        "accu": [
            0.31392045454545453
        ],
        "precision": [
            0.2159090909090909,
            0.24330616996507567,
            0.4961154273029967
        ],
        "recall": [
            0.25675675675675674,
            0.21953781512605042,
            0.45799180327868855
        ],
        "f1": [
            0.23456790123456792,
            0.2308117062396466,
            0.47629195524773577
        ]
    },
    "vpl": {
        "accu": [
            0.4797585227272727
        ],
        "precision": [
            0.44189489267209475,
            0.5818181818181818,
            0.5061538461538462
        ],
        "recall": [
            0.6116803278688525,
            0.10810810810810811,
            0.6911764705882353
        ],
        "f1": [
            0.5131070047271165,
            0.18233618233618235,
            0.5843694493783304
        ]
    }
}