{
    "wml": {
        "accu": [
            0.07563920454545454
        ],
        "precision": [
            0.02385008517887564,
            0.017948717948717947,
            0.19837587006960558
        ],
        "recall": [
            0.03153153153153153,
            0.014705882352941176,
            0.17520491803278687
        ],
        "f1": [
            0.027158098933074682,
            0.016166281755196306,
            0.18607181719260063
        ]
    },
    "vpl": {
        "accu": [
            0.5120738636363636
        ],
        "precision": [
            0.4701273261508325,
            0.9612903225806452,
            0.4471380471380471
        ],
        "recall": [
            0.4918032786885246,
            0.3355855855855856,
            0.6974789915966386
        ],
        "f1": [
            0.48072108162243365,
            0.49749582637729556,
            0.5449322938038571
        ]
    }
}