{
    "wml": {
        "accu": [
            0.46342329545454547
        ],
        "precision": [
            0.4027538726333907,
            0.6311111111111111,
            0.45930232558139533
        ],
        "recall": [
            0.527027027027027,
            0.29831932773109243,
            0.5665983606557377
        ],
        "f1": [
            0.4565853658536585,
            0.4051355206847361,
            0.5073394495412844
        ]
    },
    "vpl": {
        "accu": [
            0.51171875
        ],
        "precision": [
            0.610079575596817,
            0.3852040816326531,
            0.7631578947368421
        ],
        "recall": [
            0.4713114754098361,
            0.6801801801801802,
            0.3960084033613445
        ],
        "f1": [
            0.5317919075144509,
            0.49185667752443,
            0.5214384508990318
        ]
    }
}