{
    "wml": {
        "accu": [
            0.4893465909090909
        ],
        "precision": [
            1.0,
            NaN,
            0.40430820215410107
        ],
        "recall": [
            0.4369565217391304,
            0.0,
            1.0
        ],
        "f1": [
            0.6081694402420574,
            NaN,
            0.575811209439528
        ]
    },
    "vpl": {
        "accu": [
            0.5337357954545454
        ],
        "precision": [
            0.4341303328645101,
            0.9158730158730158,
            0.0
        ],
        "recall": [
            0.9487704918032787,
            0.6271739130434782,
            0.0
        ],
        "f1": [
            0.5956899324541653,
            0.7445161290322581,
            NaN
        ]
    }
}