{
    "wml": {
        "accu": [
            0.4602272727272727
        ],
        "precision": [
            0.7325819672131147,
            0.3449216087252897,
            0.20107238605898123
        ],
        "recall": [
            0.8051801801801802,
            0.5315126050420168,
            0.07684426229508197
        ],
        "f1": [
            0.7671673819742488,
            0.4183546920214965,
            0.1111934766493699
        ]
    },
    "vpl": {
        "accu": [
            0.3991477272727273
        ],
        "precision": [
            0.9010695187165776,
            0.13089005235602094,
            0.38095238095238093
        ],
        "recall": [
            0.3452868852459016,
            0.08445945945945946,
            0.7478991596638656
        ],
        "f1": [
            0.49925925925925924,
            0.1026694045174538,
            0.5047855370436015
        ]
    }
}