{
    "wml": {
        "accu": [
            0.35298295454545453
        ],
        "precision": [
            0.9685863874345549,
            0.2422360248447205,
            0.3465943339361061
        ],
        "recall": [
            0.20108695652173914,
            0.24579831932773108,
            0.6091101694915254
        ],
        "f1": [
            0.33303330333033304,
            0.24400417101147026,
            0.44179792547061086
        ]
    },
    "vpl": {
        "accu": [
            0.38920454545454547
        ],
        "precision": [
            0.40625,
            0.3333333333333333,
            0.3835941204362257
        ],
        "recall": [
            0.3029661016949153,
            0.0010869565217391304,
            0.8497899159663865
        ],
        "f1": [
            0.34708737864077677,
            0.002166847237269773,
            0.5285854295981706
        ]
    }
}