{
    "wml": {
        "accu": [
            0.46851325757575757
        ],
        "precision": [
            0.4835164835164835,
            0.4600219058050383,
            0.4653679653679654
        ],
        "recall": [
            0.3507246376811594,
            0.29411764705882354,
            0.759180790960452
        ],
        "f1": [
            0.40655186896262074,
            0.35882101665954713,
            0.5770263016639827
        ]
    },
    "vpl": {
        "accu": [
            0.3624526515151515
        ],
        "precision": [
            0.629746835443038,
            0.3706010588601682,
            0.20373027259684362
        ],
        "recall": [
            0.1405367231638418,
            0.8623188405797102,
            0.09943977591036414
        ],
        "f1": [
            0.2297921478060046,
            0.5184055761272055,
            0.1336470588235294
        ]
    }
}