{
    "wml": {
        "accu": [
            0.32457386363636365
        ],
        "precision": [
            0.14745762711864407,
            0.26512651265126513,
            0.44495064540622625
        ],
        "recall": [
            0.09456521739130434,
            0.2619565217391304,
            0.6004098360655737
        ],
        "f1": [
            0.11523178807947018,
            0.26353198469108796,
            0.5111208024422155
        ]
    },
    "vpl": {
        "accu": [
            0.56640625
        ],
        "precision": [
            0.6788617886178862,
            0.5215641173087981,
            0.551622418879056
        ],
        "recall": [
            0.5133196721311475,
            0.9858695652173913,
            0.20326086956521738
        ],
        "f1": [
            0.5845974329054842,
            0.6822113576532531,
            0.29706115965051627
        ]
    }
}