{
    "wml": {
        "accu": [
            0.5504261363636364
        ],
        "precision": [
            0.7007648183556405,
            0.5259146341463414,
            0.4236983842010772
        ],
        "recall": [
            0.8254504504504504,
            0.36239495798319327,
            0.48360655737704916
        ],
        "f1": [
            0.7580144777662875,
            0.42910447761194026,
            0.45167464114832534
        ]
    },
    "vpl": {
        "accu": [
            0.36576704545454547
        ],
        "precision": [
            0.0017825311942959,
            0.4851657940663176,
            0.4464922711058264
        ],
        "recall": [
            0.0010245901639344263,
            0.3130630630630631,
            0.7888655462184874
        ],
        "f1": [
            0.0013012361743656472,
            0.3805612594113621,
            0.5702353834472286
        ]
    }
}