{
    "wml": {
        "accu": [
            0.3849431818181818
        ],
        "precision": [
            0.6592356687898089,
            0.004629629629629629,
            0.38320209973753283
        ],
        "recall": [
            0.23310810810810811,
            0.0010504201680672268,
            0.8975409836065574
        ],
        "f1": [
            0.3444259567387687,
            0.0017123287671232876,
            0.5370938074800736
        ]
    },
    "vpl": {
        "accu": [
            0.5216619318181818
        ],
        "precision": [
            0.0,
            0.7112582781456953,
            0.47046945986875316
        ],
        "recall": [
            0.0,
            0.6047297297297297,
            0.9789915966386554
        ],
        "f1": [
            NaN,
            0.6536822884966523,
            0.635526764405046
        ]
    }
}