{
    "wml": {
        "accu": [
            0.3469460227272727
        ],
        "precision": [
            0.28033744321868914,
            0.2823529411764706,
            0.4497737556561086
        ],
        "recall": [
            0.4864864864864865,
            0.05042016806722689,
            0.5092213114754098
        ],
        "f1": [
            0.3557019349526554,
            0.08556149732620322,
            0.4776549735703989
        ]
    },
    "vpl": {
        "accu": [
            0.31392045454545453
        ],
        "precision": [
            0.3916083916083916,
            0.32021857923497266,
            0.178743961352657
        ],
        "recall": [
            0.22950819672131148,
            0.6599099099099099,
            0.07773109243697479
        ],
        "f1": [
            0.289405684754522,
            0.4311994113318617,
            0.10834553440702782
        ]
    }
}