{
    "wml": {
        "accu": [
            0.3132102272727273
        ],
        "precision": [
            0.3688172043010753,
            0.4351464435146444,
            0.2641165755919854
        ],
        "recall": [
            0.38626126126126126,
            0.1092436974789916,
            0.4456967213114754
        ],
        "f1": [
            0.3773377337733773,
            0.17464315701091518,
            0.3316812809759817
        ]
    },
    "vpl": {
        "accu": [
            0.39595170454545453
        ],
        "precision": [
            0.4880803011292346,
            0.20363636363636364,
            0.5462459194776932
        ],
        "recall": [
            0.3985655737704918,
            0.25225225225225223,
            0.5273109243697479
        ],
        "f1": [
            0.4388042865200226,
            0.22535211267605634,
            0.5366114377338321
        ]
    }
}