{
    "wml": {
        "accu": [
            0.4005681818181818
        ],
        "precision": [
            0.3882138517618469,
            0.24233983286908078,
            0.4956843403205919
        ],
        "recall": [
            0.6945652173913044,
            0.09138655462184873,
            0.4258474576271186
        ],
        "f1": [
            0.4980514419329696,
            0.13272311212814644,
            0.45811965811965816
        ]
    },
    "vpl": {
        "accu": [
            0.3572443181818182
        ],
        "precision": [
            0.6565096952908587,
            0.16804407713498623,
            0.3742047426257953
        ],
        "recall": [
            0.2510593220338983,
            0.13260869565217392,
            0.6796218487394958
        ],
        "f1": [
            0.36321839080459767,
            0.1482381530984204,
            0.48265572547556884
        ]
    }
}