{
    "wml": {
        "accu": [
            0.42933238636363635
        ],
        "precision": [
            0.3030927835051546,
            0.43709677419354837,
            0.6155115511551155
        ],
        "recall": [
            0.3310810810810811,
            0.569327731092437,
            0.382172131147541
        ],
        "f1": [
            0.3164693218514532,
            0.49452554744525545,
            0.4715549936788875
        ]
    },
    "vpl": {
        "accu": [
            0.4122869318181818
        ],
        "precision": [
            0.12101910828025478,
            0.9334257975034674,
            0.28084526244035446
        ],
        "recall": [
            0.0778688524590164,
            0.7578828828828829,
            0.4327731092436975
        ],
        "f1": [
            0.09476309226932669,
            0.8365444375388441,
            0.34063662670525013
        ]
    }
}