{
    "wml": {
        "accu": [
            0.2752130681818182
        ],
        "precision": [
            0.028985507246376812,
            0.13733333333333334,
            0.33550325488232347
        ],
        "recall": [
            0.002173913043478261,
            0.10819327731092437,
            0.7097457627118644
        ],
        "f1": [
            0.004044489383215368,
            0.1210340775558167,
            0.45562733764025837
        ]
    },
    "vpl": {
        "accu": [
            0.42329545454545453
        ],
        "precision": [
            0.46405228758169936,
            0.4792727272727273,
            0.3258655804480652
        ],
        "recall": [
            0.225635593220339,
            0.716304347826087,
            0.33613445378151263
        ],
        "f1": [
            0.3036350677120456,
            0.5742919389978214,
            0.3309203722854189
        ]
    }
}