{
    "wml": {
        "accu": [
            0.34126420454545453
        ],
        "precision": [
            0.33868378812199035,
            0.05128205128205128,
            0.3590308370044053
        ],
        "recall": [
            0.7128378378378378,
            0.0021008403361344537,
            0.33401639344262296
        ],
        "f1": [
            0.4591947769314472,
            0.004036326942482341,
            0.346072186836518
        ]
    },
    "vpl": {
        "accu": [
            0.4453125
        ],
        "precision": [
            0.912639405204461,
            0.07156673114119923,
            0.4122657580919932
        ],
        "recall": [
            0.5030737704918032,
            0.041666666666666664,
            0.7626050420168067
        ],
        "f1": [
            0.6486129458388376,
            0.052669039145907474,
            0.5352008846295613
        ]
    }
}