{
    "wml": {
        "accu": [
            0.3575994318181818
        ],
        "precision": [
            0.7405797101449275,
            0.26719278466741825,
            0.20903954802259886
        ],
        "recall": [
            0.5554347826086956,
            0.24894957983193278,
            0.274364406779661
        ],
        "f1": [
            0.6347826086956522,
            0.25774877650897227,
            0.23728813559322035
        ]
    },
    "vpl": {
        "accu": [
            0.2908380681818182
        ],
        "precision": [
            0.1746031746031746,
            0.08,
            0.3213969938107869
        ],
        "recall": [
            0.09322033898305085,
            0.004347826086956522,
            0.7636554621848739
        ],
        "f1": [
            0.12154696132596685,
            0.008247422680412371,
            0.45239576851275665
        ]
    }
}