{
    "wml": {
        "accu": [
            0.38813920454545453
        ],
        "precision": [
            0.4166666666666667,
            0.4262023217247098,
            0.37222509034589574
        ],
        "recall": [
            0.12950450450450451,
            0.2699579831932773,
            0.7387295081967213
        ],
        "f1": [
            0.19759450171821308,
            0.33054662379421224,
            0.4950223137658772
        ]
    },
    "vpl": {
        "accu": [
            0.5259232954545454
        ],
        "precision": [
            0.5793051359516617,
            0.4570970328789094,
            0.5877551020408164
        ],
        "recall": [
            0.7858606557377049,
            0.6418918918918919,
            0.15126050420168066
        ],
        "f1": [
            0.6669565217391303,
            0.5339578454332552,
            0.24060150375939848
        ]
    }
}