{
    "wml": {
        "accu": [
            0.4481534090909091
        ],
        "precision": [
            0.49183673469387756,
            0.22950819672131148,
            0.5373390557939914
        ],
        "recall": [
            0.5427927927927928,
            0.16176470588235295,
            0.6413934426229508
        ],
        "f1": [
            0.5160599571734475,
            0.1897720271102896,
            0.5847734703409622
        ]
    },
    "vpl": {
        "accu": [
            0.2794744318181818
        ],
        "precision": [
            0.17105263157894737,
            0.1971631205673759,
            0.34441087613293053
        ],
        "recall": [
            0.07991803278688525,
            0.15653153153153154,
            0.5987394957983193
        ],
        "f1": [
            0.10893854748603354,
            0.17451349654739484,
            0.43728423475258915
        ]
    }
}