{
    "wml": {
        "accu": [
            0.5131392045454546
        ],
        "precision": [
            0.4159036144578313,
            0.4411764705882353,
            0.9162011173184358
        ],
        "recall": [
            0.9718468468468469,
            0.09453781512605042,
            0.5040983606557377
        ],
        "f1": [
            0.5825177185285184,
            0.1557093425605536,
            0.6503635161929939
        ]
    },
    "vpl": {
        "accu": [
            0.39985795454545453
        ],
        "precision": [
            0.0,
            0.8347107438016529,
            0.4303679552864462
        ],
        "recall": [
            0.0,
            0.22747747747747749,
            0.9705882352941176
        ],
        "f1": [
            NaN,
            0.3575221238938053,
            0.5963213939980639
        ]
    }
}