{
    "wml": {
        "accu": [
            0.2922585227272727
        ],
        "precision": [
            0.325181758096497,
            0.2693726937269373,
            0.24310118265440211
        ],
        "recall": [
            0.5347826086956522,
            0.15336134453781514,
            0.19597457627118645
        ],
        "f1": [
            0.4044389642416769,
            0.1954484605087015,
            0.21700879765395895
        ]
    },
    "vpl": {
        "accu": [
            0.3973721590909091
        ],
        "precision": [
            0.38012048192771086,
            0.5853080568720379,
            0.32833787465940056
        ],
        "recall": [
            0.6684322033898306,
            0.2684782608695652,
            0.25315126050420167
        ],
        "f1": [
            0.48463901689708155,
            0.368107302533532,
            0.2858837485172005
        ]
    }
}