{
    "wml": {
        "accu": [
            0.4069602272727273
        ],
        "precision": [
            0.5061250805931657,
            0.23132530120481928,
            0.4523809523809524
        ],
        "recall": [
            0.5688405797101449,
            0.20869565217391303,
            0.4412568306010929
        ],
        "f1": [
            0.5356533606277721,
            0.21942857142857145,
            0.44674965421853396
        ]
    },
    "vpl": {
        "accu": [
            0.4550189393939394
        ],
        "precision": [
            0.45222929936305734,
            0.623293172690763,
            0.021413276231263382
        ],
        "recall": [
            0.7759562841530054,
            0.5623188405797102,
            0.007246376811594203
        ],
        "f1": [
            0.5714285714285714,
            0.5912380952380952,
            0.010828370330265295
        ]
    }
}