{
    "wml": {
        "accu": [
            0.5461647727272727
        ],
        "precision": [
            0.5071942446043165,
            0.5573770491803278,
            0.6123919308357348
        ],
        "recall": [
            0.7663043478260869,
            0.42857142857142855,
            0.4502118644067797
        ],
        "f1": [
            0.6103896103896104,
            0.48456057007125886,
            0.518925518925519
        ]
    },
    "vpl": {
        "accu": [
            0.3196022727272727
        ],
        "precision": [
            0.34456613310867734,
            0.0807899461400359,
            0.416044776119403
        ],
        "recall": [
            0.4332627118644068,
            0.04891304347826087,
            0.4684873949579832
        ],
        "f1": [
            0.3838573439699671,
            0.06093432633716994,
            0.4407114624505929
        ]
    }
}