{
    "wml": {
        "accu": [
            0.125
        ],
        "precision": [
            0.07419712070874862,
            0.19519300801165332,
            0.03148148148148148
        ],
        "recall": [
            0.07282608695652174,
            0.2815126050420168,
            0.018008474576271187
        ],
        "f1": [
            0.07350521119034557,
            0.23053763440860214,
            0.022911051212938006
        ]
    },
    "vpl": {
        "accu": [
            0.49751420454545453
        ],
        "precision": [
            0.5063613231552163,
            0.49325153374233127,
            0.0
        ],
        "recall": [
            0.6324152542372882,
            0.8739130434782608,
            0.0
        ],
        "f1": [
            0.5624116815826661,
            0.6305882352941177,
            NaN
        ]
    }
}