{
    "wml": {
        "accu": [
            0.37890625
        ],
        "precision": [
            NaN,
            0.28113063407181055,
            0.46383543463835436
        ],
        "recall": [
            0.0,
            0.4,
            0.7161885245901639
        ],
        "f1": [
            NaN,
            0.3301929116195603,
            0.563028594442207
        ]
    },
    "vpl": {
        "accu": [
            0.4186789772727273
        ],
        "precision": [
            0.3496027241770715,
            0.5057034220532319,
            0.20448179271708683
        ],
        "recall": [
            0.3155737704918033,
            0.8673913043478261,
            0.07934782608695652
        ],
        "f1": [
            0.3317178244480345,
            0.6389111289031225,
            0.11433046202036024
        ]
    }
}