{
    "wml": {
        "accu": [
            0.34410511363636365
        ],
        "precision": [
            0.4726890756302521,
            0.3354066985645933,
            0.172
        ],
        "recall": [
            0.2533783783783784,
            0.7363445378151261,
            0.04405737704918033
        ],
        "f1": [
            0.32991202346041054,
            0.46088099934253784,
            0.07014681892332789
        ]
    },
    "vpl": {
        "accu": [
            0.4364346590909091
        ],
        "precision": [
            NaN,
            0.3540258143822987,
            0.5492010092514719
        ],
        "recall": [
            0.0,
            0.6486486486486487,
            0.6859243697478992
        ],
        "f1": [
            NaN,
            0.45805168986083494,
            0.6099953292853807
        ]
    }
}