{
    "wml": {
        "accu": [
            0.44673295454545453
        ],
        "precision": [
            0.3090172239108409,
            0.5093353248693054,
            0.5530612244897959
        ],
        "recall": [
            0.34346846846846846,
            0.7163865546218487,
            0.2776639344262295
        ],
        "f1": [
            0.3253333333333333,
            0.5953731994762113,
            0.36971350613915416
        ]
    },
    "vpl": {
        "accu": [
            0.29296875
        ],
        "precision": [
            0.34893617021276596,
            0.23889931207004378,
            0.36761710794297353
        ],
        "recall": [
            0.08401639344262295,
            0.43018018018018017,
            0.3792016806722689
        ],
        "f1": [
            0.13542526837324526,
            0.30719742661841576,
            0.3733195449844881
        ]
    }
}