{
    "wml": {
        "accu": [
            0.37855113636363635
        ],
        "precision": [
            0.3341317365269461,
            0.18181818181818182,
            0.5028571428571429
        ],
        "recall": [
            0.6065217391304348,
            0.042028985507246375,
            0.4808743169398907
        ],
        "f1": [
            0.4308880308880309,
            0.06827545615067686,
            0.49162011173184356
        ]
    },
    "vpl": {
        "accu": [
            0.5040246212121212
        ],
        "precision": [
            0.5007098911500236,
            0.5220883534136547,
            0.2605042016806723
        ],
        "recall": [
            0.7226775956284153,
            0.7536231884057971,
            0.02246376811594203
        ],
        "f1": [
            0.5915571708135309,
            0.6168446026097272,
            0.04136090727151434
        ]
    }
}