{
    "wml": {
        "accu": [
            0.2979403409090909
        ],
        "precision": [
            0.08538899430740038,
            0.3504273504273504,
            0.34385113268608414
        ],
        "recall": [
            0.05067567567567568,
            0.38760504201680673,
            0.4354508196721312
        ],
        "f1": [
            0.0636042402826855,
            0.36807980049875305,
            0.38426763110307416
        ]
    },
    "vpl": {
        "accu": [
            0.5497159090909091
        ],
        "precision": [
            0.6267605633802817,
            0.7506493506493507,
            0.47298082510168504
        ],
        "recall": [
            0.45594262295081966,
            0.32545045045045046,
            0.8550420168067226
        ],
        "f1": [
            0.527876631079478,
            0.4540455616653575,
            0.6090534979423867
        ]
    }
}