{
    "wml": {
        "accu": [
            0.5419034090909091
        ],
        "precision": [
            0.59501100513573,
            0.4903314917127072,
            1.0
        ],
        "recall": [
            0.8815217391304347,
            0.7457983193277311,
            0.005296610169491525
        ],
        "f1": [
            0.7104686815593517,
            0.5916666666666666,
            0.01053740779768177
        ]
    },
    "vpl": {
        "accu": [
            0.2922585227272727
        ],
        "precision": [
            0.17405063291139242,
            0.361028684470821,
            0.2706514439220954
        ],
        "recall": [
            0.05826271186440678,
            0.3967391304347826,
            0.42331932773109243
        ],
        "f1": [
            0.08730158730158731,
            0.37804246504401867,
            0.3301925440393282
        ]
    }
}