{
    "wml": {
        "accu": [
            0.39879261363636365
        ],
        "precision": [
            0.4688741721854305,
            0.17677286742034942,
            0.7297297297297297
        ],
        "recall": [
            0.7972972972972973,
            0.18067226890756302,
            0.2489754098360656
        ],
        "f1": [
            0.5904920767306089,
            0.1787012987012987,
            0.3712757830404889
        ]
    },
    "vpl": {
        "accu": [
            0.47230113636363635
        ],
        "precision": [
            0.6614246068455134,
            0.19367588932806323,
            0.38191632928475033
        ],
        "recall": [
            0.7325819672131147,
            0.05518018018018018,
            0.5945378151260504
        ],
        "f1": [
            0.695187165775401,
            0.08588957055214724,
            0.46507806080525876
        ]
    }
}