{
    "wml": {
        "accu": [
            0.4571496212121212
        ],
        "precision": [
            0.5224646983311938,
            0.44387755102040816,
            0.4421880117916803
        ],
        "recall": [
            0.29492753623188406,
            0.12184873949579832,
            0.9533898305084746
        ],
        "f1": [
            0.3770264011116258,
            0.1912087912087912,
            0.6041620049228016
        ]
    },
    "vpl": {
        "accu": [
            0.4083806818181818
        ],
        "precision": [
            0.49767441860465117,
            0.2351063829787234,
            0.43229689067201604
        ],
        "recall": [
            0.4533898305084746,
            0.16014492753623188,
            0.603641456582633
        ],
        "f1": [
            0.4745011086474501,
            0.1905172413793103,
            0.5037989479836352
        ]
    }
}