{
    "wml": {
        "accu": [
            0.39026988636363635
        ],
        "precision": [
            0.5241935483870968,
            0.33584905660377357,
            0.22580645161290322
        ],
        "recall": [
            0.4945652173913043,
            0.6544117647058824,
            0.022245762711864406
        ],
        "f1": [
            0.5089485458612975,
            0.44389027431421446,
            0.04050144648023144
        ]
    },
    "vpl": {
        "accu": [
            0.3828125
        ],
        "precision": [
            0.971830985915493,
            0.39050131926121373,
            0.32270657124268054
        ],
        "recall": [
            0.1461864406779661,
            0.4826086956521739,
            0.5210084033613446
        ],
        "f1": [
            0.2541436464088398,
            0.4316966456003889,
            0.39855363599839294
        ]
    }
}