{
    "wml": {
        "accu": [
            0.4524147727272727
        ],
        "precision": [
            0.861731843575419,
            0.24654622741764082,
            0.36669542709232095
        ],
        "recall": [
            0.6706521739130434,
            0.25217391304347825,
            0.4354508196721312
        ],
        "f1": [
            0.7542787286063569,
            0.24932831810854378,
            0.3981264637002342
        ]
    },
    "vpl": {
        "accu": [
            0.3132102272727273
        ],
        "precision": [
            0.3047619047619048,
            0.34804753820033957,
            0.2777777777777778
        ],
        "recall": [
            0.19672131147540983,
            0.44565217391304346,
            0.30434782608695654
        ],
        "f1": [
            0.23910336239103364,
            0.3908484270734032,
            0.29045643153526973
        ]
    }
}