{
    "wml": {
        "accu": [
            0.3338068181818182
        ],
        "precision": [
            0.36876763875823143,
            0.03787878787878788,
            0.47959183673469385
        ],
        "recall": [
            0.8828828828828829,
            0.015756302521008403,
            0.1444672131147541
        ],
        "f1": [
            0.5202388852023889,
            0.022255192878338277,
            0.2220472440944882
        ]
    },
    "vpl": {
        "accu": [
            0.2901278409090909
        ],
        "precision": [
            0.13333333333333333,
            0.2966629996332967,
            0.0
        ],
        "recall": [
            0.00819672131147541,
            0.911036036036036,
            0.0
        ],
        "f1": [
            0.015444015444015443,
            0.4475795297372061,
            NaN
        ]
    }
}