{
    "wml": {
        "accu": [
            0.45667613636363635
        ],
        "precision": [
            0.8303886925795053,
            1.0,
            0.39707078925956063
        ],
        "recall": [
            0.26463963963963966,
            0.07878151260504201,
            1.0
        ],
        "f1": [
            0.40136635354397954,
            0.1460564751703992,
            0.5684333139196273
        ]
    },
    "vpl": {
        "accu": [
            0.33948863636363635
        ],
        "precision": [
            0.1048951048951049,
            0.0,
            0.35217065868263475
        ],
        "recall": [
            0.015368852459016393,
            0.0,
            0.9884453781512605
        ],
        "f1": [
            0.026809651474530828,
            NaN,
            0.5193156732891833
        ]
    }
}