{
    "wml": {
        "accu": [
            0.46732954545454547
        ],
        "precision": [
            0.6222222222222222,
            0.18491484184914841,
            0.4593202883625129
        ],
        "recall": [
            0.4057971014492754,
            0.05507246376811594,
            0.9139344262295082
        ],
        "f1": [
            0.49122807017543857,
            0.08486878838637632,
            0.6113776559287183
        ]
    },
    "vpl": {
        "accu": [
            0.40269886363636365
        ],
        "precision": [
            0.49187432286023836,
            0.32971014492753625,
            0.21034775233248515
        ],
        "recall": [
            0.930327868852459,
            0.06594202898550725,
            0.17971014492753623
        ],
        "f1": [
            0.6435152374202694,
            0.10990338164251207,
            0.19382571316920671
        ]
    }
}