{
    "wml": {
        "accu": [
            0.07492897727272728
        ],
        "precision": [
            0.0,
            0.1350210970464135,
            0.1239460370994941
        ],
        "recall": [
            0.0,
            0.06722689075630252,
            0.15572033898305085
        ],
        "f1": [
            NaN,
            0.08976157082748946,
            0.1380281690140845
        ]
    },
    "vpl": {
        "accu": [
            0.6484375
        ],
        "precision": [
            0.8279569892473119,
            0.6320064987814785,
            0.5449678800856531
        ],
        "recall": [
            0.5709745762711864,
            0.8456521739130435,
            0.5346638655462185
        ],
        "f1": [
            0.6758620689655173,
            0.7233844723384473,
            0.5397667020148462
        ]
    }
}