{
    "wml": {
        "accu": [
            0.3925189393939394
        ],
        "precision": [
            0.6548672566371682,
            0.30320044918585065,
            0.25333333333333335
        ],
        "recall": [
            0.5898550724637681,
            0.391304347826087,
            0.20765027322404372
        ],
        "f1": [
            0.620663362561952,
            0.3416640303701361,
            0.22822822822822825
        ]
    },
    "vpl": {
        "accu": [
            0.4289772727272727
        ],
        "precision": [
            0.08723404255319149,
            1.0,
            0.40307043949428056
        ],
        "recall": [
            0.028005464480874317,
            0.3130434782608696,
            0.9702898550724638
        ],
        "f1": [
            0.04239917269906929,
            0.4768211920529802,
            0.5695448745214803
        ]
    }
}