{
    "wml": {
        "accu": [
            0.4694602272727273
        ],
        "precision": [
            0.4707792207792208,
            0.3390894819466248,
            0.5220729366602687
        ],
        "recall": [
            0.31521739130434784,
            0.23478260869565218,
            0.8360655737704918
        ],
        "f1": [
            0.3776041666666667,
            0.27745664739884396,
            0.6427727451752657
        ]
    },
    "vpl": {
        "accu": [
            0.4080255681818182
        ],
        "precision": [
            0.3987730061349693,
            0.48043478260869565,
            0.3337748344370861
        ],
        "recall": [
            0.4661885245901639,
            0.48043478260869565,
            0.27391304347826084
        ],
        "f1": [
            0.42985356636750116,
            0.48043478260869565,
            0.30089552238805967
        ]
    }
}