{
    "wml": {
        "accu": [
            0.35688920454545453
        ],
        "precision": [
            0.0,
            0.20725388601036268,
            0.5138199858256556
        ],
        "recall": [
            0.0,
            0.29411764705882354,
            0.7680084745762712
        ],
        "f1": [
            NaN,
            0.243161094224924,
            0.6157112526539279
        ]
    },
    "vpl": {
        "accu": [
            0.4275568181818182
        ],
        "precision": [
            0.37767756482525366,
            0.6387726638772664,
            0.23384615384615384
        ],
        "recall": [
            0.7097457627118644,
            0.49782608695652175,
            0.07983193277310924
        ],
        "f1": [
            0.493009565857248,
            0.5595601710445938,
            0.11902897415818321
        ]
    }
}