{
    "wml": {
        "accu": [
            0.4375
        ],
        "precision": [
            0.4064245810055866,
            0.23620689655172414,
            0.5289473684210526
        ],
        "recall": [
            0.31630434782608696,
            0.14390756302521007,
            0.8516949152542372
        ],
        "f1": [
            0.3557457212713936,
            0.17885117493472583,
            0.6525974025974025
        ]
    },
    "vpl": {
        "accu": [
            0.47407670454545453
        ],
        "precision": [
            0.7291666666666666,
            0.4518785383427689,
            0.4828532235939643
        ],
        "recall": [
            0.11122881355932203,
            0.9543478260869566,
            0.3697478991596639
        ],
        "f1": [
            0.19301470588235295,
            0.6133426475724765,
            0.4187983343248067
        ]
    }
}