{
    "wml": {
        "accu": [
            0.3757102272727273
        ],
        "precision": [
            0.9507186858316222,
            0.3098394975575715,
            0.16852678571428573
        ],
        "recall": [
            0.5213963963963963,
            0.46638655462184875,
            0.15471311475409835
        ],
        "f1": [
            0.6734545454545454,
            0.37232704402515726,
            0.16132478632478633
        ]
    },
    "vpl": {
        "accu": [
            0.3259943181818182
        ],
        "precision": [
            0.3756906077348066,
            0.3869209809264305,
            0.31216931216931215
        ],
        "recall": [
            0.06967213114754098,
            0.15990990990990991,
            0.7436974789915967
        ],
        "f1": [
            0.11754537597234227,
            0.2262948207171315,
            0.4397515527950311
        ]
    }
}