{
    "wml": {
        "accu": [
            0.28160511363636365
        ],
        "precision": [
            0.20909090909090908,
            0.5009293680297398,
            0.0018867924528301887
        ],
        "recall": [
            0.2849099099099099,
            0.5661764705882353,
            0.0010245901639344263
        ],
        "f1": [
            0.2411820781696854,
            0.5315581854043392,
            0.0013280212483399736
        ]
    },
    "vpl": {
        "accu": [
            0.33451704545454547
        ],
        "precision": [
            0.8095238095238095,
            0.3244641537324464,
            0.5280898876404494
        ],
        "recall": [
            0.017418032786885244,
            0.9887387387387387,
            0.04936974789915966
        ],
        "f1": [
            0.034102306920762285,
            0.4885920979410128,
            0.09029779058597501
        ]
    }
}