{
    "wml": {
        "accu": [
            0.4069602272727273
        ],
        "precision": [
            0.34338358458961477,
            0.4916584887144259,
            0.38971807628524047
        ],
        "recall": [
            0.4617117117117117,
            0.5262605042016807,
            0.24077868852459017
        ],
        "f1": [
            0.39385206532180594,
            0.5083713850837138,
            0.2976567447751742
        ]
    },
    "vpl": {
        "accu": [
            0.2958096590909091
        ],
        "precision": [
            0.2649214659685864,
            0.12988384371700107,
            0.5
        ],
        "recall": [
            0.25922131147540983,
            0.13851351351351351,
            0.4800420168067227
        ],
        "f1": [
            0.26204039357845677,
            0.1340599455040872,
            0.4898177920685959
        ]
    }
}