{
    "wml": {
        "accu": [
            0.4051846590909091
        ],
        "precision": [
            0.4541120381406436,
            0.3917748917748918,
            0.3821782178217822
        ],
        "recall": [
            0.4141304347826087,
            0.19012605042016806,
            0.6133474576271186
        ],
        "f1": [
            0.4332006822057987,
            0.256011315417256,
            0.47092313948759656
        ]
    },
    "vpl": {
        "accu": [
            0.3821022727272727
        ],
        "precision": [
            0.33110218652387324,
            0.23673469387755103,
            0.8363636363636363
        ],
        "recall": [
            0.7860169491525424,
            0.06304347826086956,
            0.28991596638655465
        ],
        "f1": [
            0.46593406593406594,
            0.09957081545064377,
            0.4305772230889236
        ]
    }
}