{
    "wml": {
        "accu": [
            0.5968276515151515
        ],
        "precision": [
            0.6967559943582511,
            0.18274111675126903,
            0.6057213930348259
        ],
        "recall": [
            0.7159420289855073,
            0.05217391304347826,
            0.9979508196721312
        ],
        "f1": [
            0.7062187276626163,
            0.08117249154453213,
            0.7538699690402477
        ]
    },
    "vpl": {
        "accu": [
            0.46827651515151514
        ],
        "precision": [
            0.4329657573998839,
            0.84375,
            0.23598615916955018
        ],
        "recall": [
            0.5095628415300546,
            0.6456521739130435,
            0.24710144927536232
        ],
        "f1": [
            0.468151866959523,
            0.731527093596059,
            0.24141592920353983
        ]
    }
}