{
    "wml": {
        "accu": [
            0.5201231060606061
        ],
        "precision": [
            0.4795996920708237,
            0.01532567049808429,
            0.6937728937728938
        ],
        "recall": [
            0.9028985507246376,
            0.002898550724637681,
            0.6468579234972678
        ],
        "f1": [
            0.6264454499748617,
            0.004875076173065204,
            0.6694945210321669
        ]
    },
    "vpl": {
        "accu": [
            0.4408143939393939
        ],
        "precision": [
            0.3783783783783784,
            0.6036866359447005,
            0.3858359133126935
        ],
        "recall": [
            0.14344262295081966,
            0.4746376811594203,
            0.722463768115942
        ],
        "f1": [
            0.20802377414561662,
            0.5314401622718052,
            0.5030272452068618
        ]
    }
}