{
    "wml": {
        "accu": [
            0.6466619318181818
        ],
        "precision": [
            0.9046653144016227,
            0.47670639219934996,
            0.5391400220507166
        ],
        "recall": [
            0.9695652173913043,
            0.46218487394957986,
            0.5180084745762712
        ],
        "f1": [
            0.9359916054564533,
            0.4693333333333333,
            0.5283630470016208
        ]
    },
    "vpl": {
        "accu": [
            0.3565340909090909
        ],
        "precision": [
            0.28105906313645623,
            0.5168421052631579,
            0.2680995475113122
        ],
        "recall": [
            0.2923728813559322,
            0.533695652173913,
            0.24894957983193278
        ],
        "f1": [
            0.28660436137071654,
            0.5251336898395722,
            0.2581699346405229
        ]
    }
}