{
    "wml": {
        "accu": [
            0.2979403409090909
        ],
        "precision": [
            0.46732673267326735,
            0.1429693637077769,
            0.4055876685934489
        ],
        "recall": [
            0.26576576576576577,
            0.19117647058823528,
            0.43135245901639346
        ],
        "f1": [
            0.3388370423546303,
            0.1635955056179775,
            0.41807348560079444
        ]
    },
    "vpl": {
        "accu": [
            0.36363636363636365
        ],
        "precision": [
            0.34493192133131617,
            0.39752650176678445,
            0.2647702407002188
        ],
        "recall": [
            0.2336065573770492,
            0.7601351351351351,
            0.12710084033613445
        ],
        "f1": [
            0.27855833842394623,
            0.5220417633410673,
            0.17175301632363377
        ]
    }
}