{
    "wml": {
        "accu": [
            0.5987215909090909
        ],
        "precision": [
            0.5152963671128107,
            0.5200918484500574,
            0.7719688542825361
        ],
        "recall": [
            0.6069819819819819,
            0.47584033613445376,
            0.7110655737704918
        ],
        "f1": [
            0.5573940020682522,
            0.4969829950630828,
            0.7402666666666667
        ]
    },
    "vpl": {
        "accu": [
            0.640625
        ],
        "precision": [
            0.7129629629629629,
            1.0,
            0.5755743651753326
        ],
        "recall": [
            0.7889344262295082,
            0.09234234234234234,
            1.0
        ],
        "f1": [
            0.7490272373540856,
            0.1690721649484536,
            0.7306216423637759
        ]
    }
}