{
    "wml": {
        "accu": [
            0.49573863636363635
        ],
        "precision": [
            0.443282801881861,
            0.45454545454545453,
            0.9161073825503355
        ],
        "recall": [
            0.9217391304347826,
            0.29891304347826086,
            0.2797131147540984
        ],
        "f1": [
            0.5986586657253795,
            0.36065573770491804,
            0.42857142857142855
        ]
    },
    "vpl": {
        "accu": [
            0.4161931818181818
        ],
        "precision": [
            0.44419134396355353,
            0.3980327868852459,
            0.43427230046948356
        ],
        "recall": [
            0.19979508196721313,
            0.6597826086956522,
            0.40217391304347827
        ],
        "f1": [
            0.2756183745583039,
            0.4965235173824131,
            0.41760722347629803
        ]
    }
}