{
    "wml": {
        "accu": [
            0.41796875
        ],
        "precision": [
            0.4574944071588367,
            0.4454849498327759,
            0.2388758782201405
        ],
        "recall": [
            0.4605855855855856,
            0.6995798319327731,
            0.10450819672131148
        ],
        "f1": [
            0.4590347923681257,
            0.5443400081732733,
            0.14540270848182468
        ]
    },
    "vpl": {
        "accu": [
            0.35120738636363635
        ],
        "precision": [
            NaN,
            0.3738738738738739,
            0.3492675404780262
        ],
        "recall": [
            0.0,
            0.09346846846846847,
            0.9516806722689075
        ],
        "f1": [
            NaN,
            0.14954954954954958,
            0.5109983079526227
        ]
    }
}