{
    "wml": {
        "accu": [
            0.5234375
        ],
        "precision": [
            0.5854858548585485,
            0.529,
            0.4675972083748754
        ],
        "recall": [
            0.536036036036036,
            0.555672268907563,
            0.4805327868852459
        ],
        "f1": [
            0.5596707818930041,
            0.5420081967213115,
            0.4739767559373421
        ]
    },
    "vpl": {
        "accu": [
            0.2823153409090909
        ],
        "precision": [
            0.1969111969111969,
            0.06783144912641316,
            0.5403377110694184
        ],
        "recall": [
            0.1567622950819672,
            0.07432432432432433,
            0.6050420168067226
        ],
        "f1": [
            0.17455790074158584,
            0.07092960773777539,
            0.5708622398414271
        ]
    }
}