{
    "wml": {
        "accu": [
            0.34765625
        ],
        "precision": [
            0.04411764705882353,
            0.7425373134328358,
            0.3374340949033392
        ],
        "recall": [
            0.013513513513513514,
            0.20903361344537816,
            0.7868852459016393
        ],
        "f1": [
            0.020689655172413793,
            0.3262295081967213,
            0.47232472324723246
        ]
    },
    "vpl": {
        "accu": [
            0.5181107954545454
        ],
        "precision": [
            0.41237113402061853,
            0.776878612716763,
            0.4004092769440655
        ],
        "recall": [
            0.20491803278688525,
            0.7567567567567568,
            0.6165966386554622
        ],
        "f1": [
            0.2737850787132102,
            0.766685681688534,
            0.48552522746071136
        ]
    }
}