{
    "wml": {
        "accu": [
            0.39808238636363635
        ],
        "precision": [
            0.47244094488188976,
            0.32441200324412,
            0.3865814696485623
        ],
        "recall": [
            0.6756756756756757,
            0.42016806722689076,
            0.12397540983606557
        ],
        "f1": [
            0.5560704355885079,
            0.36613272311212813,
            0.18774243599689683
        ]
    },
    "vpl": {
        "accu": [
            0.4541903409090909
        ],
        "precision": [
            0.4792156862745098,
            0.7640232108317214,
            0.2666015625
        ],
        "recall": [
            0.6260245901639344,
            0.44481981981981983,
            0.2867647058823529
        ],
        "f1": [
            0.5428698356286095,
            0.5622775800711745,
            0.2763157894736842
        ]
    }
}