{
    "wml": {
        "accu": [
            0.5482954545454546
        ],
        "precision": [
            0.6699751861042184,
            0.5686274509803921,
            0.5091019417475728
        ],
        "recall": [
            0.30405405405405406,
            0.4569327731092437,
            0.8596311475409836
        ],
        "f1": [
            0.41828040278853607,
            0.5066977285963891,
            0.6394817073170732
        ]
    },
    "vpl": {
        "accu": [
            0.4133522727272727
        ],
        "precision": [
            0.3804247460757156,
            0.3744493392070485,
            0.44289508632138114
        ],
        "recall": [
            0.42213114754098363,
            0.09572072072072071,
            0.7006302521008403
        ],
        "f1": [
            0.40019426906265176,
            0.1524663677130045,
            0.5427176566314076
        ]
    }
}