{
    "wml": {
        "accu": [
            0.37464488636363635
        ],
        "precision": [
            0.5291777188328912,
            0.33365019011406843,
            0.30198019801980197
        ],
        "recall": [
            0.43369565217391304,
            0.3815217391304348,
            0.3125
        ],
        "f1": [
            0.4767025089605735,
            0.35598377281947263,
            0.30715005035246723
        ]
    },
    "vpl": {
        "accu": [
            0.4698153409090909
        ],
        "precision": [
            0.6999195494770716,
            0.39357429718875503,
            0.10571923743500866
        ],
        "recall": [
            0.8913934426229508,
            0.4260869565217391,
            0.06630434782608696
        ],
        "f1": [
            0.7841369986480397,
            0.4091858037578288,
            0.08149632598530394
        ]
    }
}