{
    "wml": {
        "accu": [
            0.33948863636363635
        ],
        "precision": [
            0.4209354120267261,
            0.34328358208955223,
            0.22277722277722278
        ],
        "recall": [
            0.4108695652173913,
            0.45098039215686275,
            0.1574858757062147
        ],
        "f1": [
            0.4158415841584158,
            0.38983050847457623,
            0.18452627223831197
        ]
    },
    "vpl": {
        "accu": [
            0.49763257575757575
        ],
        "precision": [
            0.5467289719626168,
            0.5850433196534428,
            0.3649407361197754
        ],
        "recall": [
            0.1652542372881356,
            0.9297101449275362,
            0.4096638655462185
        ],
        "f1": [
            0.25379609544468545,
            0.718164007836552,
            0.3860112174199934
        ]
    }
}