{
    "wml": {
        "accu": [
            0.3654119318181818
        ],
        "precision": [
            0.29411764705882354,
            0.1786743515850144,
            0.39810017271157166
        ],
        "recall": [
            0.05067567567567568,
            0.06512605042016807,
            0.944672131147541
        ],
        "f1": [
            0.08645533141210376,
            0.09545804464973057,
            0.560145808019441
        ]
    },
    "vpl": {
        "accu": [
            0.4030539772727273
        ],
        "precision": [
            0.383464005702067,
            0.4533551554828151,
            0.225130890052356
        ],
        "recall": [
            0.5512295081967213,
            0.6238738738738738,
            0.045168067226890755
        ],
        "f1": [
            0.45229087852038674,
            0.5251184834123223,
            0.0752405949256343
        ]
    }
}