{
    "wml": {
        "accu": [
            0.2821969696969697
        ],
        "precision": [
            0.24548244118649848,
            0.31779257849666986,
            0.575
        ],
        "recall": [
            0.5217391304347826,
            0.2338935574229692,
            0.09745762711864407
        ],
        "f1": [
            0.33387433341061906,
            0.2694634933440904,
            0.16666666666666669
        ]
    },
    "vpl": {
        "accu": [
            0.3399621212121212
        ],
        "precision": [
            0.29280948851000743,
            0.4606353591160221,
            0.2620882971268395
        ],
        "recall": [
            0.278954802259887,
            0.48333333333333334,
            0.2619047619047619
        ],
        "f1": [
            0.28571428571428575,
            0.47171145685997173,
            0.26199649737302977
        ]
    }
}