{
    "wml": {
        "accu": [
            0.3213778409090909
        ],
        "precision": [
            0.47296058661778184,
            0.23402909550917142,
            0.13194444444444445
        ],
        "recall": [
            0.581081081081081,
            0.38865546218487396,
            0.0194672131147541
        ],
        "f1": [
            0.5214754926730671,
            0.2921437031188314,
            0.033928571428571426
        ]
    },
    "vpl": {
        "accu": [
            0.37357954545454547
        ],
        "precision": [
            0.48268279274326553,
            0.20460358056265984,
            0.06511627906976744
        ],
        "recall": [
            0.8995901639344263,
            0.18018018018018017,
            0.014705882352941176
        ],
        "f1": [
            0.6282647584973167,
            0.19161676646706585,
            0.023993144815766924
        ]
    }
}