{
    "wml": {
        "accu": [
            0.3828125
        ],
        "precision": [
            0.032388663967611336,
            0.5410404624277456,
            0.40768702814001373
        ],
        "recall": [
            0.018018018018018018,
            0.49159663865546216,
            0.6086065573770492
        ],
        "f1": [
            0.023154848046309698,
            0.5151348376444689,
            0.4882860665844636
        ]
    },
    "vpl": {
        "accu": [
            0.38671875
        ],
        "precision": [
            0.3826787512588117,
            0.907051282051282,
            0.2819324950363997
        ],
        "recall": [
            0.38934426229508196,
            0.3186936936936937,
            0.4474789915966387
        ],
        "f1": [
            0.38598273235144737,
            0.47166666666666673,
            0.3459196102314251
        ]
    }
}