{
    "wml": {
        "accu": [
            0.5731534090909091
        ],
        "precision": [
            0.8006379585326954,
            0.28668941979522183,
            0.5888958203368684
        ],
        "recall": [
            0.5456521739130434,
            0.17647058823529413,
            1.0
        ],
        "f1": [
            0.6489980607627667,
            0.2184655396618986,
            0.7412642324303101
        ]
    },
    "vpl": {
        "accu": [
            0.3583096590909091
        ],
        "precision": [
            0.0,
            0.46839378238341967,
            0.30403930131004364
        ],
        "recall": [
            0.0,
            0.49130434782608695,
            0.5850840336134454
        ],
        "f1": [
            NaN,
            0.4795755968169761,
            0.4001436781609195
        ]
    }
}