{
    "wml": {
        "accu": [
            0.568655303030303
        ],
        "precision": [
            0.5809768637532133,
            0.4204874019000413,
            0.8189533239038189
        ],
        "recall": [
            0.16376811594202897,
            0.7128851540616247,
            0.8177966101694916
        ],
        "f1": [
            0.255511588468061,
            0.5289685632631852,
            0.818374558303887
        ]
    },
    "vpl": {
        "accu": [
            0.4988162878787879
        ],
        "precision": [
            0.6610925306577481,
            0.5518691588785046,
            0.2805391743892165
        ],
        "recall": [
            0.4187853107344633,
            0.8557971014492753,
            0.23319327731092437
        ],
        "f1": [
            0.512753999135322,
            0.6710227272727272,
            0.25468451242829826
        ]
    }
}