{
    "wml": {
        "accu": [
            0.5181107954545454
        ],
        "precision": [
            0.46406570841889117,
            0.3462897526501767,
            0.6344594594594595
        ],
        "recall": [
            0.24565217391304348,
            0.31956521739130433,
            0.9620901639344263
        ],
        "f1": [
            0.3212508884150675,
            0.33239118145845103,
            0.7646579804560261
        ]
    },
    "vpl": {
        "accu": [
            0.41654829545454547
        ],
        "precision": [
            0.623574144486692,
            0.404375,
            0.28695652173913044
        ],
        "recall": [
            0.3360655737704918,
            0.7032608695652174,
            0.21521739130434783
        ],
        "f1": [
            0.436750998668442,
            0.5134920634920634,
            0.2459627329192547
        ]
    }
}