{
    "wml": {
        "accu": [
            0.3913352272727273
        ],
        "precision": [
            0.31406761177753545,
            0.23799126637554585,
            0.6063072227873856
        ],
        "recall": [
            0.3130434782608696,
            0.23695652173913043,
            0.610655737704918
        ],
        "f1": [
            0.31355470876428965,
            0.23747276688453156,
            0.6084737110770801
        ]
    },
    "vpl": {
        "accu": [
            0.3103693181818182
        ],
        "precision": [
            0.2578046324269889,
            0.5943396226415094,
            0.11692307692307692
        ],
        "recall": [
            0.26229508196721313,
            0.5478260869565217,
            0.12391304347826088
        ],
        "f1": [
            0.2600304723209751,
            0.5701357466063348,
            0.12031662269129288
        ]
    }
}