{
    "wml": {
        "accu": [
            0.22975852272727273
        ],
        "precision": [
            0.0,
            0.2796915167095116,
            0.3857677902621723
        ],
        "recall": [
            0.0,
            0.5714285714285714,
            0.10553278688524591
        ],
        "f1": [
            NaN,
            0.37556092509492583,
            0.16572807723250202
        ]
    },
    "vpl": {
        "accu": [
            0.4275568181818182
        ],
        "precision": [
            0.6120789779326364,
            0.5506993006993007,
            0.26174981923355023
        ],
        "recall": [
            0.5399590163934426,
            0.3547297297297297,
            0.3802521008403361
        ],
        "f1": [
            0.5737615677735438,
            0.4315068493150685,
            0.3100642398286938
        ]
    }
}