{
    "wml": {
        "accu": [
            0.5053267045454546
        ],
        "precision": [
            0.627906976744186,
            0.4570826750921538,
            0.5760598503740648
        ],
        "recall": [
            0.36486486486486486,
            0.9117647058823529,
            0.23668032786885246
        ],
        "f1": [
            0.4615384615384615,
            0.6089091546825675,
            0.33551198257080606
        ]
    },
    "vpl": {
        "accu": [
            0.6118607954545454
        ],
        "precision": [
            0.5515527950310559,
            0.7639257294429708,
            0.5730088495575221
        ],
        "recall": [
            0.9098360655737705,
            0.6486486486486487,
            0.27205882352941174
        ],
        "f1": [
            0.6867749419953596,
            0.7015834348355664,
            0.3689458689458689
        ]
    }
}