{
    "wml": {
        "accu": [
            0.17329545454545456
        ],
        "precision": [
            0.08597285067873303,
            0.4243614931237721,
            0.16106014271151886
        ],
        "recall": [
            0.12837837837837837,
            0.226890756302521,
            0.16188524590163936
        ],
        "f1": [
            0.10298102981029811,
            0.29568788501026694,
            0.16147164026571284
        ]
    },
    "vpl": {
        "accu": [
            0.48792613636363635
        ],
        "precision": [
            0.014778325123152709,
            0.9214586255259467,
            0.4189746611667649
        ],
        "recall": [
            0.006147540983606557,
            0.7398648648648649,
            0.7468487394957983
        ],
        "f1": [
            0.008683068017366137,
            0.8207370393504061,
            0.5368063420158551
        ]
    }
}