{
    "wml": {
        "accu": [
            0.4240056818181818
        ],
        "precision": [
            0.42815533980582526,
            0.3465346534653465,
            0.4435600578871201
        ],
        "recall": [
            0.4966216216216216,
            0.14705882352941177,
            0.6280737704918032
        ],
        "f1": [
            0.4598540145985402,
            0.20648967551622419,
            0.5199321458863444
        ]
    },
    "vpl": {
        "accu": [
            0.39701704545454547
        ],
        "precision": [
            0.5237341772151899,
            0.42201834862385323,
            0.272863568215892
        ],
        "recall": [
            0.6782786885245902,
            0.1036036036036036,
            0.38235294117647056
        ],
        "f1": [
            0.5910714285714286,
            0.16636528028933092,
            0.3184601924759405
        ]
    }
}