{
    "wml": {
        "accu": [
            0.41761363636363635
        ],
        "precision": [
            0.4124638612271121,
            0.008888888888888889,
            0.5395033860045146
        ],
        "recall": [
            0.9304347826086956,
            0.0014005602240896359,
            0.3375706214689266
        ],
        "f1": [
            0.5715557533941688,
            0.0024198427102238356,
            0.41529105125977417
        ]
    },
    "vpl": {
        "accu": [
            0.4791666666666667
        ],
        "precision": [
            0.6691449814126395,
            0.6559766763848397,
            0.3544952681388013
        ],
        "recall": [
            0.635593220338983,
            0.16304347826086957,
            0.6295518207282913
        ],
        "f1": [
            0.6519377037305325,
            0.261172373766686,
            0.4535822401614531
        ]
    }
}