{
    "wml": {
        "accu": [
            0.27982954545454547
        ],
        "precision": [
            0.2024793388429752,
            0.5739769150052466,
            0.05027932960893855
        ],
        "recall": [
            0.21304347826086956,
            0.5745798319327731,
            0.04766949152542373
        ],
        "f1": [
            0.2076271186440678,
            0.5742782152230972,
            0.04893964110929853
        ]
    },
    "vpl": {
        "accu": [
            0.37073863636363635
        ],
        "precision": [
            0.5296803652968036,
            0.3176470588235294,
            0.23117154811715482
        ],
        "recall": [
            0.614406779661017,
            0.26413043478260867,
            0.23214285714285715
        ],
        "f1": [
            0.5689063266307013,
            0.28842729970326403,
            0.23165618448637315
        ]
    }
}