{
    "wml": {
        "accu": [
            0.3916903409090909
        ],
        "precision": [
            0.433852140077821,
            0.38572513287775245,
            0.31634819532908703
        ],
        "recall": [
            0.48478260869565215,
            0.5336134453781513,
            0.15783898305084745
        ],
        "f1": [
            0.4579055441478439,
            0.4477743499338916,
            0.2106007067137809
        ]
    },
    "vpl": {
        "accu": [
            0.2872869318181818
        ],
        "precision": [
            0.2512690355329949,
            0.3030973451327434,
            0.31725888324873097
        ],
        "recall": [
            0.3146186440677966,
            0.14891304347826087,
            0.3939075630252101
        ],
        "f1": [
            0.2793979303857009,
            0.19970845481049562,
            0.35145267104029987
        ]
    }
}