{
    "wml": {
        "accu": [
            0.32848011363636365
        ],
        "precision": [
            0.3930131004366812,
            0.17031872509960158,
            0.5933014354066986
        ],
        "recall": [
            0.6847826086956522,
            0.1796218487394958,
            0.13135593220338984
        ],
        "f1": [
            0.49940546967895366,
            0.17484662576687116,
            0.21509106678230705
        ]
    },
    "vpl": {
        "accu": [
            0.4129971590909091
        ],
        "precision": [
            0.23617021276595745,
            0.4760594386351128,
            0.3534971644612476
        ],
        "recall": [
            0.11758474576271187,
            0.9402173913043478,
            0.19642857142857142
        ],
        "f1": [
            0.15700141442715698,
            0.6320789185239313,
            0.25253207292370017
        ]
    }
}