{
    "wml": {
        "accu": [
            0.46129261363636365
        ],
        "precision": [
            0.46299387868670006,
            NaN,
            0.45829244357212956
        ],
        "recall": [
            0.9043478260869565,
            0.0,
            0.4947033898305085
        ],
        "f1": [
            0.6124401913875598,
            NaN,
            0.47580234335201227
        ]
    },
    "vpl": {
        "accu": [
            0.3455255681818182
        ],
        "precision": [
            0.16597510373443983,
            0.4067127344521224,
            0.4083333333333333
        ],
        "recall": [
            0.1271186440677966,
            0.44782608695652176,
            0.4632352941176471
        ],
        "f1": [
            0.14397120575884825,
            0.4262803931712364,
            0.4340551181102362
        ]
    }
}