{
    "wml": {
        "accu": [
            0.390625
        ],
        "precision": [
            0.22071307300509338,
            0.3723076923076923,
            0.44637223974763407
        ],
        "recall": [
            0.1463963963963964,
            0.12710084033613445,
            0.8698770491803278
        ],
        "f1": [
            0.17603249830737983,
            0.18950665622552856,
            0.5899930507296733
        ]
    },
    "vpl": {
        "accu": [
            0.46519886363636365
        ],
        "precision": [
            0.4322853688029021,
            0.16363636363636364,
            0.5934182590233545
        ],
        "recall": [
            0.7325819672131147,
            0.04054054054054054,
            0.5871848739495799
        ],
        "f1": [
            0.5437262357414449,
            0.06498194945848375,
            0.5902851108764519
        ]
    }
}