{
    "wml": {
        "accu": [
            0.42921401515151514
        ],
        "precision": [
            0.5235361653272101,
            0.42444761225944405,
            0.30347349177330896
        ],
        "recall": [
            0.33043478260869563,
            0.8630434782608696,
            0.1133879781420765
        ],
        "f1": [
            0.4051532652154598,
            0.5690396559961777,
            0.1650919940328195
        ]
    },
    "vpl": {
        "accu": [
            0.5508996212121212
        ],
        "precision": [
            0.4792332268370607,
            0.8209179834462002,
            0.09207161125319693
        ],
        "recall": [
            0.819672131147541,
            0.7905797101449276,
            0.02608695652173913
        ],
        "f1": [
            0.6048387096774194,
            0.8054632705795497,
            0.040654997176736304
        ]
    }
}