{
    "wml": {
        "accu": [
            0.4784564393939394
        ],
        "precision": [
            0.557085020242915,
            0.3410950283196979,
            0.6242424242424243
        ],
        "recall": [
            0.9971014492753624,
            0.3927536231884058,
            0.0703551912568306
        ],
        "f1": [
            0.7148051948051949,
            0.3651060963287302,
            0.12645794966236956
        ]
    },
    "vpl": {
        "accu": [
            0.39867424242424243
        ],
        "precision": [
            0.23529411764705882,
            0.5224550898203593,
            0.3831997625408133
        ],
        "recall": [
            0.030054644808743168,
            0.2528985507246377,
            0.9355072463768116
        ],
        "f1": [
            0.05330102967898243,
            0.34082031249999994,
            0.5436934091387661
        ]
    }
}