{
    "wml": {
        "accu": [
            0.35913825757575757
        ],
        "precision": [
            0.47962830593280914,
            0.217123670956911,
            0.441233140655106
        ],
        "recall": [
            0.486231884057971,
            0.2811594202898551,
            0.3128415300546448
        ],
        "f1": [
            0.48290752069089604,
            0.2450268392800758,
            0.36610711430855325
        ]
    },
    "vpl": {
        "accu": [
            0.25426136363636365
        ],
        "precision": [
            0.05922551252847381,
            0.10272108843537416,
            0.3874730021598272
        ],
        "recall": [
            0.017759562841530054,
            0.10942028985507246,
            0.65
        ],
        "f1": [
            0.02732527588018917,
            0.10596491228070176,
            0.4855209742895805
        ]
    }
}