{
    "wml": {
        "accu": [
            0.6857244318181818
        ],
        "precision": [
            0.8229988726042841,
            0.561119293078056,
            0.7688266199649737
        ],
        "recall": [
            0.7934782608695652,
            0.8282608695652174,
            0.44979508196721313
        ],
        "f1": [
            0.8079690094078583,
            0.66900790166813,
            0.5675500969618616
        ]
    },
    "vpl": {
        "accu": [
            0.3977272727272727
        ],
        "precision": [
            0.01639344262295082,
            0.4886535552193646,
            0.3910477127397934
        ],
        "recall": [
            0.0020491803278688526,
            0.35108695652173916,
            0.8641304347826086
        ],
        "f1": [
            0.003642987249544627,
            0.40860215053763443,
            0.5384354893328818
        ]
    }
}