{
    "wml": {
        "accu": [
            0.3604403409090909
        ],
        "precision": [
            0.44696969696969696,
            0.7866666666666666,
            0.30887634684453563
        ],
        "recall": [
            0.39864864864864863,
            0.06197478991596639,
            0.6168032786885246
        ],
        "f1": [
            0.42142857142857143,
            0.11489776046738072,
            0.4116239316239316
        ]
    },
    "vpl": {
        "accu": [
            0.3650568181818182
        ],
        "precision": [
            0.31106243154435925,
            0.1393939393939394,
            0.4794034090909091
        ],
        "recall": [
            0.29098360655737704,
            0.0777027027027027,
            0.7090336134453782
        ],
        "f1": [
            0.3006881948120699,
            0.09978308026030369,
            0.5720338983050848
        ]
    }
}