{
    "wml": {
        "accu": [
            0.23473011363636365
        ],
        "precision": [
            0.4225352112676056,
            0.30424799081515497,
            0.07618025751072961
        ],
        "recall": [
            0.06756756756756757,
            0.5567226890756303,
            0.07274590163934426
        ],
        "f1": [
            0.11650485436893206,
            0.3934669636228656,
            0.07442348008385745
        ]
    },
    "vpl": {
        "accu": [
            0.37926136363636365
        ],
        "precision": [
            0.21176470588235294,
            0.4034090909090909,
            0.4123097286565189
        ],
        "recall": [
            0.09221311475409837,
            0.3997747747747748,
            0.6544117647058824
        ],
        "f1": [
            0.1284796573875803,
            0.40158371040723984,
            0.5058871295168493
        ]
    }
}