{
    "wml": {
        "accu": [
            0.24289772727272727
        ],
        "precision": [
            0.006688963210702341,
            0.5739910313901345,
            0.27669172932330827
        ],
        "recall": [
            0.004347826086956522,
            0.13445378151260504,
            0.5847457627118644
        ],
        "f1": [
            0.005270092226613966,
            0.2178723404255319,
            0.37563797209935357
        ]
    },
    "vpl": {
        "accu": [
            0.4112215909090909
        ],
        "precision": [
            0.3282828282828283,
            0.44755244755244755,
            0.5289256198347108
        ],
        "recall": [
            0.413135593220339,
            0.5565217391304348,
            0.2689075630252101
        ],
        "f1": [
            0.3658536585365854,
            0.4961240310077519,
            0.35654596100278557
        ]
    }
}