{
    "wml": {
        "accu": [
            0.6228693181818182
        ],
        "precision": [
            0.5230024213075061,
            0.549407114624506,
            0.7832310838445807
        ],
        "recall": [
            0.4864864864864865,
            0.5840336134453782,
            0.7848360655737705
        ],
        "f1": [
            0.5040840140023338,
            0.5661914460285132,
            0.7840327533265098
        ]
    },
    "vpl": {
        "accu": [
            0.4485085227272727
        ],
        "precision": [
            0.715370018975332,
            0.35586206896551725,
            0.9824561403508771
        ],
        "recall": [
            0.3862704918032787,
            0.8716216216216216,
            0.11764705882352941
        ],
        "f1": [
            0.5016633399866933,
            0.5053868756121449,
            0.2101313320825516
        ]
    }
}