{
    "wml": {
        "accu": [
            0.4005681818181818
        ],
        "precision": [
            0.37662337662337664,
            0.31589147286821706,
            0.46962115796997855
        ],
        "recall": [
            0.16328828828828829,
            0.34243697478991597,
            0.673155737704918
        ],
        "f1": [
            0.22780832678711707,
            0.3286290322580645,
            0.5532631578947369
        ]
    },
    "vpl": {
        "accu": [
            0.32563920454545453
        ],
        "precision": [
            0.5604265402843602,
            0.2959830866807611,
            0.0433996383363472
        ],
        "recall": [
            0.48463114754098363,
            0.47297297297297297,
            0.025210084033613446
        ],
        "f1": [
            0.5197802197802198,
            0.3641092327698309,
            0.0318936877076412
        ]
    }
}