{
    "wml": {
        "accu": [
            0.3932291666666667
        ],
        "precision": [
            0.6286353467561522,
            0.17412935323383086,
            0.4170871173898419
        ],
        "recall": [
            0.2036231884057971,
            0.10144927536231885,
            0.8469945355191257
        ],
        "f1": [
            0.307608100711549,
            0.12820512820512822,
            0.5589362181654272
        ]
    },
    "vpl": {
        "accu": [
            0.35700757575757575
        ],
        "precision": [
            0.29110512129380056,
            0.9414225941422594,
            0.3610005685048323
        ],
        "recall": [
            0.4426229508196721,
            0.16304347826086957,
            0.4601449275362319
        ],
        "f1": [
            0.35121951219512193,
            0.2779493514515132,
            0.404587448231921
        ]
    }
}