{
    "wml": {
        "accu": [
            0.4627130681818182
        ],
        "precision": [
            0.0,
            0.5278276481149012,
            0.46579804560260585
        ],
        "recall": [
            0.0,
            0.6176470588235294,
            0.7325819672131147
        ],
        "f1": [
            NaN,
            0.569215876089061,
            0.5694942254082038
        ]
    },
    "vpl": {
        "accu": [
            0.46839488636363635
        ],
        "precision": [
            0.4681504221028396,
            0.6018662519440124,
            0.3701149425287356
        ],
        "recall": [
            0.625,
            0.4358108108108108,
            0.3382352941176471
        ],
        "f1": [
            0.5353225098727512,
            0.5055519268451991,
            0.3534577387486278
        ]
    }
}