{
    "wml": {
        "accu": [
            0.3203125
        ],
        "precision": [
            0.11363636363636363,
            0.06623931623931624,
            0.38097345132743365
        ],
        "recall": [
            0.01126126126126126,
            0.032563025210084036,
            0.882172131147541
        ],
        "f1": [
            0.020491803278688527,
            0.04366197183098591,
            0.5321384425216317
        ]
    },
    "vpl": {
        "accu": [
            0.22052556818181818
        ],
        "precision": [
            0.21212121212121213,
            0.26062322946175637,
            0.11185682326621924
        ],
        "recall": [
            0.20799180327868852,
            0.4144144144144144,
            0.052521008403361345
        ],
        "f1": [
            0.21003621314019658,
            0.32,
            0.07147962830593281
        ]
    }
}