{
    "wml": {
        "accu": [
            0.3693181818181818
        ],
        "precision": [
            0.34665099882491185,
            0.3119047619047619,
            0.4348521183053557
        ],
        "recall": [
            0.6413043478260869,
            0.09492753623188406,
            0.37158469945355194
        ],
        "f1": [
            0.4500381388253242,
            0.14555555555555555,
            0.4007366482504604
        ]
    },
    "vpl": {
        "accu": [
            0.4187973484848485
        ],
        "precision": [
            0.4804964539007092,
            0.3561589925226289,
            0.5299374441465594
        ],
        "recall": [
            0.18510928961748635,
            0.6557971014492754,
            0.42971014492753623
        ],
        "f1": [
            0.26725838264299806,
            0.461616934455496,
            0.4745898359343737
        ]
    }
}