{
    "wml": {
        "accu": [
            0.44282670454545453
        ],
        "precision": [
            0.47546419098143233,
            0.40519877675840976,
            NaN
        ],
        "recall": [
            0.7793478260869565,
            0.5567226890756303,
            0.0
        ],
        "f1": [
            0.5906095551894565,
            0.4690265486725664,
            NaN
        ]
    },
    "vpl": {
        "accu": [
            0.25
        ],
        "precision": [
            0.19024045261669023,
            0.23424657534246576,
            0.39285714285714285
        ],
        "recall": [
            0.2849576271186441,
            0.1858695652173913,
            0.2773109243697479
        ],
        "f1": [
            0.22815945716709074,
            0.2072727272727273,
            0.3251231527093596
        ]
    }
}