{
    "wml": {
        "accu": [
            0.26704545454545453
        ],
        "precision": [
            0.0,
            0.296458416235575,
            0.02464788732394366
        ],
        "recall": [
            0.0,
            0.782563025210084,
            0.007172131147540984
        ],
        "f1": [
            NaN,
            0.43001443001442996,
            0.011111111111111113
        ]
    },
    "vpl": {
        "accu": [
            0.3515625
        ],
        "precision": [
            0.44024856596558315,
            0.0,
            0.134765625
        ],
        "recall": [
            0.9436475409836066,
            0.0,
            0.07247899159663866
        ],
        "f1": [
            0.6003911342894394,
            NaN,
            0.0942622950819672
        ]
    }
}