{
    "wml": {
        "accu": [
            0.2940340909090909
        ],
        "precision": [
            0.34075104311543813,
            0.04259634888438134,
            0.48694869486948694
        ],
        "recall": [
            0.266304347826087,
            0.04411764705882353,
            0.573093220338983
        ],
        "f1": [
            0.29896278218425876,
            0.043343653250773995,
            0.5265206812652069
        ]
    },
    "vpl": {
        "accu": [
            0.3103693181818182
        ],
        "precision": [
            0.2829827915869981,
            0.01749271137026239,
            0.7450980392156863
        ],
        "recall": [
            0.4703389830508475,
            0.013043478260869565,
            0.43907563025210083
        ],
        "f1": [
            0.3533625149224035,
            0.0149439601494396,
            0.5525446133509584
        ]
    }
}