{
    "wml": {
        "accu": [
            0.3682528409090909
        ],
        "precision": [
            0.3348148148148148,
            0.2,
            0.6815181518151815
        ],
        "recall": [
            0.49130434782608695,
            0.18695652173913044,
            0.42315573770491804
        ],
        "f1": [
            0.39823788546255506,
            0.19325842696629214,
            0.5221238938053097
        ]
    },
    "vpl": {
        "accu": [
            0.40376420454545453
        ],
        "precision": [
            0.3745928338762215,
            0.5846456692913385,
            0.35185185185185186
        ],
        "recall": [
            0.4713114754098361,
            0.32282608695652176,
            0.41304347826086957
        ],
        "f1": [
            0.4174228675136116,
            0.4159663865546219,
            0.38
        ]
    }
}