{
    "wml": {
        "accu": [
            0.42223011363636365
        ],
        "precision": [
            0.0,
            0.35099009900990097,
            0.851063829787234
        ],
        "recall": [
            0.0,
            0.7447478991596639,
            0.4918032786885246
        ],
        "f1": [
            NaN,
            0.4771197846567967,
            0.6233766233766234
        ]
    },
    "vpl": {
        "accu": [
            0.4286221590909091
        ],
        "precision": [
            0.2597402597402597,
            0.5929339477726574,
            0.41162654139753374
        ],
        "recall": [
            0.12295081967213115,
            0.4346846846846847,
            0.7363445378151261
        ],
        "f1": [
            0.16689847009735742,
            0.5016244314489929,
            0.528060263653484
        ]
    }
}