{
    "wml": {
        "accu": [
            0.48579545454545453
        ],
        "precision": [
            0.4337771548703574,
            0.20496894409937888,
            0.5830618892508144
        ],
        "recall": [
            0.6970720720720721,
            0.03466386554621849,
            0.7336065573770492
        ],
        "f1": [
            0.5347732181425486,
            0.05929919137466308,
            0.6497277676950998
        ]
    },
    "vpl": {
        "accu": [
            0.6100852272727273
        ],
        "precision": [
            0.7981651376146789,
            0.8049242424242424,
            0.4718482252141983
        ],
        "recall": [
            0.5348360655737705,
            0.4786036036036036,
            0.8098739495798319
        ],
        "f1": [
            0.6404907975460122,
            0.6002824858757062,
            0.5962877030162413
        ]
    }
}