{
    "wml": {
        "accu": [
            0.3650568181818182
        ],
        "precision": [
            0.23822222222222222,
            0.4405048076923077,
            1.0
        ],
        "recall": [
            0.30180180180180183,
            0.7699579831932774,
            0.027663934426229508
        ],
        "f1": [
            0.26626924987580725,
            0.5603975535168196,
            0.053838484546360914
        ]
    },
    "vpl": {
        "accu": [
            0.3249289772727273
        ],
        "precision": [
            0.07853403141361257,
            0.34652114597544337,
            0.34143763213530653
        ],
        "recall": [
            0.015368852459016393,
            0.28603603603603606,
            0.6785714285714286
        ],
        "f1": [
            0.02570694087403599,
            0.31338679827267113,
            0.4542897327707454
        ]
    }
}