{
    "wml": {
        "accu": [
            0.41051136363636365
        ],
        "precision": [
            0.16013071895424835,
            0.34086021505376346,
            0.5
        ],
        "recall": [
            0.05518018018018018,
            0.3329831932773109,
            0.8094262295081968
        ],
        "f1": [
            0.08207705192629815,
            0.3368756641870351,
            0.6181533646322379
        ]
    },
    "vpl": {
        "accu": [
            0.4989346590909091
        ],
        "precision": [
            0.16417910447761194,
            0.7735849056603774,
            0.403157255616272
        ],
        "recall": [
            0.045081967213114756,
            0.7849099099099099,
            0.6974789915966386
        ],
        "f1": [
            0.0707395498392283,
            0.7792062604807155,
            0.510965756060023
        ]
    }
}