{
    "wml": {
        "accu": [
            0.5033143939393939
        ],
        "precision": [
            0.6415841584158416,
            0.4842105263157895,
            0.4847908745247148
        ],
        "recall": [
            0.23478260869565218,
            0.5476190476190477,
            0.7203389830508474
        ],
        "f1": [
            0.34376657824933693,
            0.5139664804469274,
            0.5795454545454545
        ]
    },
    "vpl": {
        "accu": [
            0.4675662878787879
        ],
        "precision": [
            0.5568499534016775,
            0.3852263701350278,
            0.3601953601953602
        ],
        "recall": [
            0.8439265536723164,
            0.35144927536231885,
            0.20658263305322128
        ],
        "f1": [
            0.6709713644020213,
            0.36756347101174686,
            0.26257231864708497
        ]
    }
}