{
    "wml": {
        "accu": [
            0.6793323863636364
        ],
        "precision": [
            0.6939611054247697,
            0.5877712031558185,
            0.7745454545454545
        ],
        "recall": [
            0.7635135135135135,
            0.6260504201680672,
            0.6547131147540983
        ],
        "f1": [
            0.7270777479892762,
            0.6063072227873856,
            0.7096057745696835
        ]
    },
    "vpl": {
        "accu": [
            0.5767045454545454
        ],
        "precision": [
            0.8,
            0.9538239538239538,
            0.4426627793974733
        ],
        "recall": [
            0.05327868852459016,
            0.7443693693693694,
            0.9569327731092437
        ],
        "f1": [
            0.09990393852065321,
            0.83617963314358,
            0.6053156146179403
        ]
    }
}