{
    "wml": {
        "accu": [
            0.35014204545454547
        ],
        "precision": [
            0.4175627240143369,
            0.32732447817836813,
            0.2708978328173375
        ],
        "recall": [
            0.5247747747747747,
            0.36239495798319327,
            0.17930327868852458
        ],
        "f1": [
            0.4650698602794411,
            0.3439680957128614,
            0.2157829839704069
        ]
    },
    "vpl": {
        "accu": [
            0.5795454545454546
        ],
        "precision": [
            0.5955882352941176,
            0.5377777777777778,
            0.6555891238670695
        ],
        "recall": [
            0.8299180327868853,
            0.6813063063063063,
            0.22794117647058823
        ],
        "f1": [
            0.6934931506849316,
            0.6010928961748633,
            0.338269680436477
        ]
    }
}