{
    "wml": {
        "accu": [
            0.2936789772727273
        ],
        "precision": [
            0.9816849816849816,
            0.233035244608101,
            0.1806853582554517
        ],
        "recall": [
            0.30180180180180183,
            0.4653361344537815,
            0.11885245901639344
        ],
        "f1": [
            0.46167097329888035,
            0.3105502979320014,
            0.1433868974042027
        ]
    },
    "vpl": {
        "accu": [
            0.12677556818181818
        ],
        "precision": [
            0.11354309165526676,
            0.09906152241918666,
            0.5029940119760479
        ],
        "recall": [
            0.08504098360655737,
            0.21396396396396397,
            0.08823529411764706
        ],
        "f1": [
            0.09724663151728177,
            0.135424091233072,
            0.15013404825737264
        ]
    }
}