{
    "wml": {
        "accu": [
            0.5890151515151515
        ],
        "precision": [
            0.543859649122807,
            0.4470888227794305,
            0.9141592920353983
        ],
        "recall": [
            0.2920289855072464,
            0.7366946778711485,
            0.7295197740112994
        ],
        "f1": [
            0.38000942951438005,
            0.5564665432425284,
            0.8114689709347997
        ]
    },
    "vpl": {
        "accu": [
            0.20714962121212122
        ],
        "precision": [
            0.14296905601253426,
            0.34579439252336447,
            0.29924502402196296
        ],
        "recall": [
            0.2577683615819209,
            0.0536231884057971,
            0.30532212885154064
        ],
        "f1": [
            0.18392542202066015,
            0.09284818067754078,
            0.3022530329289428
        ]
    }
}