{
    "wml": {
        "accu": [
            0.4446022727272727
        ],
        "precision": [
            0.31779935275080906,
            0.6142322097378277,
            0.587516960651289
        ],
        "recall": [
            0.5529279279279279,
            0.3445378151260504,
            0.44364754098360654
        ],
        "f1": [
            0.40361693382655156,
            0.44145356662180346,
            0.5055458260361938
        ]
    },
    "vpl": {
        "accu": [
            0.4172585227272727
        ],
        "precision": [
            0.0635593220338983,
            0.4068241469816273,
            0.4675467546754675
        ],
        "recall": [
            0.015368852459016393,
            0.3490990990990991,
            0.8928571428571429
        ],
        "f1": [
            0.02475247524752475,
            0.3757575757575758,
            0.6137184115523465
        ]
    }
}