{
    "wml": {
        "accu": [
            0.3625710227272727
        ],
        "precision": [
            0.3253119429590018,
            0.5209302325581395,
            0.367816091954023
        ],
        "recall": [
            0.41103603603603606,
            0.11764705882352941,
            0.5573770491803278
        ],
        "f1": [
            0.3631840796019901,
            0.1919451585261354,
            0.4431771894093686
        ]
    },
    "vpl": {
        "accu": [
            0.22443181818181818
        ],
        "precision": [
            0.31462925851703405,
            0.031446540880503145,
            0.17339667458432304
        ],
        "recall": [
            0.48258196721311475,
            0.016891891891891893,
            0.15336134453781514
        ],
        "f1": [
            0.38091386979377273,
            0.02197802197802198,
            0.16276477146042365
        ]
    }
}