{
    "wml": {
        "accu": [
            0.3263494318181818
        ],
        "precision": [
            0.3182751540041068,
            0.0,
            0.4768211920529801
        ],
        "recall": [
            0.8727477477477478,
            0.0,
            0.14754098360655737
        ],
        "f1": [
            0.46644598254589226,
            NaN,
            0.22535211267605634
        ]
    },
    "vpl": {
        "accu": [
            0.375
        ],
        "precision": [
            0.41350210970464135,
            NaN,
            0.3619952494061758
        ],
        "recall": [
            0.3012295081967213,
            0.0,
            0.8004201680672269
        ],
        "f1": [
            0.34854771784232363,
            NaN,
            0.4985279685966634
        ]
    }
}