{
    "wml": {
        "accu": [
            0.5696022727272727
        ],
        "precision": [
            0.6431424766977364,
            0.5904033379694019,
            0.43381180223285487
        ],
        "recall": [
            0.543918918918919,
            0.8918067226890757,
            0.2786885245901639
        ],
        "f1": [
            0.5893837705918243,
            0.7104602510460251,
            0.3393636930754835
        ]
    },
    "vpl": {
        "accu": [
            0.2950994318181818
        ],
        "precision": [
            0.8536585365853658,
            0.4088,
            0.16846361185983827
        ],
        "recall": [
            0.07172131147540983,
            0.5754504504504504,
            0.26260504201680673
        ],
        "f1": [
            0.1323251417769376,
            0.4780168381665108,
            0.20525451559934318
        ]
    }
}