{
    "wml": {
        "accu": [
            0.28267045454545453
        ],
        "precision": [
            0.11708860759493671,
            0.2586352148272957,
            0.34424980959634427
        ],
        "recall": [
            0.041666666666666664,
            0.3224789915966387,
            0.46311475409836067
        ],
        "f1": [
            0.06146179401993355,
            0.2870500233754091,
            0.3949322848405417
        ]
    },
    "vpl": {
        "accu": [
            0.31107954545454547
        ],
        "precision": [
            0.40266140956136026,
            1.0,
            0.0395778364116095
        ],
        "recall": [
            0.8370901639344263,
            0.03265765765765766,
            0.031512605042016806
        ],
        "f1": [
            0.5437603993344425,
            0.06324972737186478,
            0.03508771929824561
        ]
    }
}