{
    "wml": {
        "accu": [
            0.40873579545454547
        ],
        "precision": [
            NaN,
            0.5303408146300914,
            0.3180409175449473
        ],
        "recall": [
            0.0,
            0.6701680672268907,
            0.5434322033898306
        ],
        "f1": [
            NaN,
            0.5921113689095127,
            0.40125146656237776
        ]
    },
    "vpl": {
        "accu": [
            0.31995738636363635
        ],
        "precision": [
            0.45970488081725314,
            NaN,
            0.2563307493540052
        ],
        "recall": [
            0.4290254237288136,
            0.0,
            0.5210084033613446
        ],
        "f1": [
            0.44383561643835623,
            NaN,
            0.3436092829927261
        ]
    }
}