{
    "wml": {
        "accu": [
            0.37357954545454547
        ],
        "precision": [
            0.05128205128205128,
            0.21908471275559882,
            0.5125470514429109
        ],
        "recall": [
            0.010869565217391304,
            0.23634453781512604,
            0.8654661016949152
        ],
        "f1": [
            0.017937219730941704,
            0.22738756947953512,
            0.6438140267927502
        ]
    },
    "vpl": {
        "accu": [
            0.2531960227272727
        ],
        "precision": [
            0.19338235294117648,
            0.0,
            0.3209700427960057
        ],
        "recall": [
            0.2786016949152542,
            0.0,
            0.4726890756302521
        ],
        "f1": [
            0.2282986111111111,
            NaN,
            0.3823279524214104
        ]
    }
}