{
    "wml": {
        "accu": [
            0.47904829545454547
        ],
        "precision": [
            1.0,
            0.46226415094339623,
            0.5083226632522407
        ],
        "recall": [
            0.02364864864864865,
            0.9779411764705882,
            0.4067622950819672
        ],
        "f1": [
            0.04620462046204621,
            0.6277815239379636,
            0.45190665907797384
        ]
    },
    "vpl": {
        "accu": [
            0.35298295454545453
        ],
        "precision": [
            0.3563344286235853,
            1.0,
            0.2236842105263158
        ],
        "recall": [
            1.0,
            0.0011261261261261261,
            0.017857142857142856
        ],
        "f1": [
            0.5254374158815613,
            0.002249718785151856,
            0.033073929961089495
        ]
    }
}