{
    "wml": {
        "accu": [
            0.4754971590909091
        ],
        "precision": [
            0.6965620328849028,
            0.4397590361445783,
            0.40055096418732783
        ],
        "recall": [
            0.5065217391304347,
            0.15336134453781514,
            0.7701271186440678
        ],
        "f1": [
            0.5865324103209565,
            0.2274143302180685,
            0.5270025371511418
        ]
    },
    "vpl": {
        "accu": [
            0.31676136363636365
        ],
        "precision": [
            0.04922644163150492,
            0.5636363636363636,
            0.38885941644562333
        ],
        "recall": [
            0.037076271186440676,
            0.13478260869565217,
            0.7699579831932774
        ],
        "f1": [
            0.042296072507552865,
            0.2175438596491228,
            0.5167430384208672
        ]
    }
}