{
    "wml": {
        "accu": [
            0.2354403409090909
        ],
        "precision": [
            0.03710575139146568,
            0.1868421052631579,
            0.3781882145998241
        ],
        "recall": [
            0.021739130434782608,
            0.22373949579831934,
            0.4555084745762712
        ],
        "f1": [
            0.027416038382453732,
            0.20363288718929254,
            0.41326285439692456
        ]
    },
    "vpl": {
        "accu": [
            0.47798295454545453
        ],
        "precision": [
            0.8301886792452831,
            0.5468277945619335,
            0.3675918979744936
        ],
        "recall": [
            0.13983050847457626,
            0.7869565217391304,
            0.5147058823529411
        ],
        "f1": [
            0.23934723481414324,
            0.6452762923351157,
            0.4288840262582056
        ]
    }
}