{
    "wml": {
        "accu": [
            0.42826704545454547
        ],
        "precision": [
            0.7303921568627451,
            0.36218776916451334,
            0.7790697674418605
        ],
        "recall": [
            0.3355855855855856,
            0.8834033613445378,
            0.06864754098360656
        ],
        "f1": [
            0.4598765432098766,
            0.5137446548564446,
            0.12617702448210924
        ]
    },
    "vpl": {
        "accu": [
            0.38529829545454547
        ],
        "precision": [
            0.13703703703703704,
            0.3866279069767442,
            0.4919614147909968
        ],
        "recall": [
            0.07581967213114754,
            0.44932432432432434,
            0.6428571428571429
        ],
        "f1": [
            0.09762532981530343,
            0.415625,
            0.5573770491803278
        ]
    }
}