{
    "wml": {
        "accu": [
            0.3020833333333333
        ],
        "precision": [
            1.0,
            0.30970556161395857,
            0.2463768115942029
        ],
        "recall": [
            0.002898550724637681,
            0.7955182072829131,
            0.096045197740113
        ],
        "f1": [
            0.005780346820809248,
            0.44583987441130307,
            0.13821138211382117
        ]
    },
    "vpl": {
        "accu": [
            0.3884943181818182
        ],
        "precision": [
            0.0,
            0.38035961272475793,
            0.4396694214876033
        ],
        "recall": [
            0.0,
            0.9963768115942029,
            0.18627450980392157
        ],
        "f1": [
            NaN,
            0.5505505505505505,
            0.2616822429906542
        ]
    }
}