{
    "wml": {
        "accu": [
            0.4286221590909091
        ],
        "precision": [
            0.4258823529411765,
            0.5338865836791148,
            0.38369304556354916
        ],
        "recall": [
            0.1967391304347826,
            0.4054621848739496,
            0.6779661016949152
        ],
        "f1": [
            0.26914498141263943,
            0.4608955223880597,
            0.49004594180704436
        ]
    },
    "vpl": {
        "accu": [
            0.3263494318181818
        ],
        "precision": [
            0.21804511278195488,
            0.32642706131078225,
            0.3710691823899371
        ],
        "recall": [
            0.03072033898305085,
            0.8391304347826087,
            0.12394957983193278
        ],
        "f1": [
            0.05385329619312907,
            0.4700152207001522,
            0.1858267716535433
        ]
    }
}