{
    "wml": {
        "accu": [
            0.4628314393939394
        ],
        "precision": [
            0.8222424794895169,
            0.3459962756052142,
            0.28054298642533937
        ],
        "recall": [
            0.6536231884057971,
            0.6731884057971015,
            0.08469945355191257
        ],
        "f1": [
            0.7283003633427534,
            0.45707257072570734,
            0.13011542497376705
        ]
    },
    "vpl": {
        "accu": [
            0.3224431818181818
        ],
        "precision": [
            0.2255754475703325,
            0.37393767705382436,
            0.42034548944337813
        ],
        "recall": [
            0.3012295081967213,
            0.19130434782608696,
            0.47608695652173916
        ],
        "f1": [
            0.25797016671541384,
            0.25311601150527324,
            0.44648318042813456
        ]
    }
}