{
    "wml": {
        "accu": [
            0.2852746212121212
        ],
        "precision": [
            0.4029255319148936,
            0.14549180327868852,
            0.3073248407643312
        ],
        "recall": [
            0.4391304347826087,
            0.15434782608695652,
            0.26366120218579236
        ],
        "f1": [
            0.42024965325936203,
            0.14978902953586498,
            0.2838235294117647
        ]
    },
    "vpl": {
        "accu": [
            0.5648674242424242
        ],
        "precision": [
            0.7123552123552124,
            0.5361538461538462,
            0.503707627118644
        ],
        "recall": [
            0.5040983606557377,
            0.505072463768116,
            0.6891304347826087
        ],
        "f1": [
            0.5903999999999999,
            0.5201492537313434,
            0.5820073439412485
        ]
    }
}