{
    "wml": {
        "accu": [
            0.2625473484848485
        ],
        "precision": [
            0.19116321009918846,
            0.27292110874200426,
            0.5025041736227045
        ],
        "recall": [
            0.3072463768115942,
            0.2782608695652174,
            0.20560109289617487
        ],
        "f1": [
            0.23568649249583104,
            0.2755651237890205,
            0.2918080465341735
        ]
    },
    "vpl": {
        "accu": [
            0.31202651515151514
        ],
        "precision": [
            0.24303135888501742,
            0.5061728395061729,
            0.38927991337303736
        ],
        "recall": [
            0.38114754098360654,
            0.029710144927536233,
            0.5210144927536232
        ],
        "f1": [
            0.2968085106382979,
            0.05612594113620808,
            0.4456151224047103
        ]
    }
}