{
    "wml": {
        "accu": [
            0.4236505681818182
        ],
        "precision": [
            0.9616858237547893,
            0.3686888454011742,
            NaN
        ],
        "recall": [
            0.28265765765765766,
            0.9894957983193278,
            0.0
        ],
        "f1": [
            0.4369016536118363,
            0.5372112917023097,
            NaN
        ]
    },
    "vpl": {
        "accu": [
            0.5280539772727273
        ],
        "precision": [
            0.585635359116022,
            0.45689655172413796,
            0.5422177009155646
        ],
        "recall": [
            0.5430327868852459,
            0.4774774774774775,
            0.5598739495798319
        ],
        "f1": [
            0.5635300372142478,
            0.46696035242290757,
            0.5509043927648579
        ]
    }
}