{
    "wml": {
        "accu": [
            0.4178503787878788
        ],
        "precision": [
            0.1864951768488746,
            0.4415487714072971,
            0.43346303501945527
        ],
        "recall": [
            0.042028985507246375,
            0.41526610644257705,
            0.786723163841808
        ],
        "f1": [
            0.06859846244825546,
            0.4280043305665825,
            0.5589563472152534
        ]
    },
    "vpl": {
        "accu": [
            0.37263257575757575
        ],
        "precision": [
            0.44955991875423157,
            0.011764705882352941,
            0.36396468699839485
        ],
        "recall": [
            0.4689265536723164,
            0.002173913043478261,
            0.6351540616246498
        ],
        "f1": [
            0.45903905979951604,
            0.003669724770642202,
            0.4627551020408163
        ]
    }
}