{
    "wml": {
        "accu": [
            0.3739346590909091
        ],
        "precision": [
            0.5128865979381443,
            0.3978494623655914,
            0.26766417290108063
        ],
        "recall": [
            0.44819819819819817,
            0.34978991596638653,
            0.32991803278688525
        ],
        "f1": [
            0.4783653846153846,
            0.37227501397428725,
            0.29554841670491055
        ]
    },
    "vpl": {
        "accu": [
            0.4172585227272727
        ],
        "precision": [
            0.3802363050483351,
            0.40124309392265195,
            0.5491990846681922
        ],
        "recall": [
            0.36270491803278687,
            0.6542792792792793,
            0.25210084033613445
        ],
        "f1": [
            0.3712637650760356,
            0.49743150684931514,
            0.34557235421166305
        ]
    }
}