{
    "wml": {
        "accu": [
            0.4186789772727273
        ],
        "precision": [
            0.4367816091954023,
            0.3492063492063492,
            0.44271570014144274
        ],
        "recall": [
            0.7274774774774775,
            0.23109243697478993,
            0.3206967213114754
        ],
        "f1": [
            0.545838614279679,
            0.2781289506953224,
            0.37195484254307787
        ]
    },
    "vpl": {
        "accu": [
            0.44140625
        ],
        "precision": [
            0.30048465266558966,
            0.729607250755287,
            0.3739413680781759
        ],
        "recall": [
            0.19057377049180327,
            0.543918918918919,
            0.6029411764705882
        ],
        "f1": [
            0.23322884012539186,
            0.6232258064516129,
            0.461600321672698
        ]
    }
}