{
    "wml": {
        "accu": [
            0.5010653409090909
        ],
        "precision": [
            0.45880149812734083,
            0.9638009049773756,
            0.4662638469284995
        ],
        "recall": [
            0.8277027027027027,
            0.22373949579831934,
            0.47438524590163933
        ],
        "f1": [
            0.5903614457831325,
            0.36317135549872126,
            0.4702894870492636
        ]
    },
    "vpl": {
        "accu": [
            0.3132102272727273
        ],
        "precision": [
            NaN,
            0.3187294633077766,
            0.11688311688311688
        ],
        "recall": [
            0.0,
            0.9831081081081081,
            0.009453781512605041
        ],
        "f1": [
            NaN,
            0.48138957816377176,
            0.01749271137026239
        ]
    }
}