{
    "wml": {
        "accu": [
            0.3884943181818182
        ],
        "precision": [
            0.5138613861386139,
            0.30563002680965146,
            0.3273584905660377
        ],
        "recall": [
            0.5641304347826087,
            0.24782608695652175,
            0.3555327868852459
        ],
        "f1": [
            0.5378238341968913,
            0.27370948379351745,
            0.34086444007858546
        ]
    },
    "vpl": {
        "accu": [
            0.35120738636363635
        ],
        "precision": [
            0.69432918395574,
            0.22720247295208656,
            0.2351313969571231
        ],
        "recall": [
            0.514344262295082,
            0.15978260869565217,
            0.3695652173913043
        ],
        "f1": [
            0.5909358446144791,
            0.18761965539246972,
            0.2874049027895182
        ]
    }
}