{
    "wml": {
        "accu": [
            0.38636363636363635
        ],
        "precision": [
            0.41382868937048506,
            0.23388305847076463,
            0.7309941520467836
        ],
        "recall": [
            0.45157657657657657,
            0.3277310924369748,
            0.38422131147540983
        ],
        "f1": [
            0.43187937533656434,
            0.2729658792650918,
            0.5036937541974479
        ]
    },
    "vpl": {
        "accu": [
            0.22975852272727273
        ],
        "precision": [
            0.4090909090909091,
            0.2667645619187469,
            0.10608203677510608
        ],
        "recall": [
            0.027663934426229508,
            0.6137387387387387,
            0.07878151260504201
        ],
        "f1": [
            0.05182341650671785,
            0.3718867280791539,
            0.09041591320072331
        ]
    }
}