{
    "wml": {
        "accu": [
            0.3845880681818182
        ],
        "precision": [
            0.5034965034965035,
            0.08163265306122448,
            0.3603644646924829
        ],
        "recall": [
            0.3130434782608696,
            0.004201680672268907,
            0.8379237288135594
        ],
        "f1": [
            0.386058981233244,
            0.007992007992007992,
            0.5039821599235424
        ]
    },
    "vpl": {
        "accu": [
            0.3171164772727273
        ],
        "precision": [
            0.3266276517922458,
            0.0,
            0.0
        ],
        "recall": [
            0.9459745762711864,
            0.0,
            0.0
        ],
        "f1": [
            0.4855899945622621,
            NaN,
            NaN
        ]
    }
}