{
    "wml": {
        "accu": [
            0.4119318181818182
        ],
        "precision": [
            0.585261353898886,
            0.008695652173913044,
            0.3589394969408566
        ],
        "recall": [
            0.49492753623188407,
            0.0007246376811594203,
            0.7213114754098361
        ],
        "f1": [
            0.536317235963879,
            0.0013377926421404682,
            0.4793463458919655
        ]
    },
    "vpl": {
        "accu": [
            0.34540719696969696
        ],
        "precision": [
            0.30606617647058826,
            0.3993435448577681,
            0.37742504409171074
        ],
        "recall": [
            0.45491803278688525,
            0.2644927536231884,
            0.3101449275362319
        ],
        "f1": [
            0.36593406593406597,
            0.3182214472537053,
            0.34049323786793956
        ]
    }
}