{
    "wml": {
        "accu": [
            0.3210227272727273
        ],
        "precision": [
            0.34956759217114247,
            0.14240506329113925,
            0.30033003300330036
        ],
        "recall": [
            0.8347826086956521,
            0.04891304347826087,
            0.0932377049180328
        ],
        "f1": [
            0.49278152069297404,
            0.07281553398058252,
            0.1422986708365911
        ]
    },
    "vpl": {
        "accu": [
            0.4499289772727273
        ],
        "precision": [
            0.34417504435245416,
            0.7536496350364964,
            0.4714038128249567
        ],
        "recall": [
            0.5963114754098361,
            0.4489130434782609,
            0.2956521739130435
        ],
        "f1": [
            0.4364454443194601,
            0.5626702997275205,
            0.3633934535738143
        ]
    }
}