{
    "wml": {
        "accu": [
            0.45348011363636365
        ],
        "precision": [
            0.45554335894621295,
            0.4603603603603604,
            0.44150943396226416
        ],
        "recall": [
            0.45108695652173914,
            0.5554347826086956,
            0.35963114754098363
        ],
        "f1": [
            0.45330420535226656,
            0.503448275862069,
            0.396386222473179
        ]
    },
    "vpl": {
        "accu": [
            0.5433238636363636
        ],
        "precision": [
            0.5291734197730956,
            0.53156146179402,
            0.626984126984127
        ],
        "recall": [
            0.6690573770491803,
            0.6956521739130435,
            0.2576086956521739
        ],
        "f1": [
            0.590950226244344,
            0.6026365348399247,
            0.3651771956856703
        ]
    }
}