{
    "wml": {
        "accu": [
            0.5397727272727273
        ],
        "precision": [
            0.36115107913669064,
            0.5338928340865075,
            0.7727272727272727
        ],
        "recall": [
            0.28265765765765766,
            0.8686974789915967,
            0.45286885245901637
        ],
        "f1": [
            0.3171193935565382,
            0.6613354658136745,
            0.5710594315245479
        ]
    },
    "vpl": {
        "accu": [
            0.43217329545454547
        ],
        "precision": [
            0.4650259067357513,
            0.6703056768558951,
            0.3474148802017655
        ],
        "recall": [
            0.367827868852459,
            0.34572072072072074,
            0.5787815126050421
        ],
        "f1": [
            0.4107551487414187,
            0.4561664190193165,
            0.434200157604413
        ]
    }
}