{
    "wml": {
        "accu": [
            0.48473011363636365
        ],
        "precision": [
            0.39402767662053895,
            0.18976545842217485,
            0.7546201232032854
        ],
        "recall": [
            0.6092342342342343,
            0.0934873949579832,
            0.7530737704918032
        ],
        "f1": [
            0.4785493144626272,
            0.12526389866291346,
            0.7538461538461538
        ]
    },
    "vpl": {
        "accu": [
            0.30717329545454547
        ],
        "precision": [
            0.6376811594202898,
            0.16864608076009502,
            0.3727486296006265
        ],
        "recall": [
            0.18032786885245902,
            0.23986486486486486,
            0.5
        ],
        "f1": [
            0.281150159744409,
            0.19804741980474197,
            0.42709735307312696
        ]
    }
}