{
    "wml": {
        "accu": [
            0.5390625
        ],
        "precision": [
            0.7497129735935706,
            0.6533127889060092,
            0.4437869822485207
        ],
        "recall": [
            0.4731884057971015,
            0.2969187675070028,
            0.847457627118644
        ],
        "f1": [
            0.5801865837405599,
            0.4082811747713048,
            0.5825242718446602
        ]
    },
    "vpl": {
        "accu": [
            0.5035511363636364
        ],
        "precision": [
            0.5299425758818704,
            0.6437209302325582,
            0.4088082901554404
        ],
        "recall": [
            0.4562146892655367,
            0.5014492753623189,
            0.5525210084033614
        ],
        "f1": [
            0.4903225806451613,
            0.5637474541751529,
            0.4699225729600953
        ]
    }
}