{
    "wml": {
        "accu": [
            0.15056818181818182
        ],
        "precision": [
            0.02714535901926445,
            0.3478599221789883,
            0.0879243183082916
        ],
        "recall": [
            0.02246376811594203,
            0.3239130434782609,
            0.10792349726775956
        ],
        "f1": [
            0.024583663758921494,
            0.3354596622889306,
            0.09690279055504447
        ]
    },
    "vpl": {
        "accu": [
            0.43773674242424243
        ],
        "precision": [
            0.47823303457106275,
            0.9705882352941176,
            0.3416808149405772
        ],
        "recall": [
            0.5102459016393442,
            0.21521739130434783,
            0.5833333333333334
        ],
        "f1": [
            0.4937210839391937,
            0.3523131672597865,
            0.43094218415417557
        ]
    }
}