{
    "wml": {
        "accu": [
            0.39595170454545453
        ],
        "precision": [
            0.41893644617380027,
            0.3858625162127108,
            0.39165009940357853
        ],
        "recall": [
            0.36373873873873874,
            0.625,
            0.20184426229508196
        ],
        "f1": [
            0.3893911995177818,
            0.47714514835605454,
            0.2663962136578769
        ]
    },
    "vpl": {
        "accu": [
            0.37855113636363635
        ],
        "precision": [
            0.30434782608695654,
            0.43733509234828494,
            0.3378995433789954
        ],
        "recall": [
            0.33709016393442626,
            0.7466216216216216,
            0.07773109243697479
        ],
        "f1": [
            0.31988332523091884,
            0.5515806988352746,
            0.1263877028181042
        ]
    }
}