{
    "wml": {
        "accu": [
            0.2549715909090909
        ],
        "precision": [
            0.03076923076923077,
            0.0,
            0.2914285714285714
        ],
        "recall": [
            0.004347826086956522,
            0.0,
            0.7315573770491803
        ],
        "f1": [
            0.007619047619047618,
            NaN,
            0.4168126094570928
        ]
    },
    "vpl": {
        "accu": [
            0.34232954545454547
        ],
        "precision": [
            0.2951467268623025,
            0.5677530017152659,
            0.2386117136659436
        ],
        "recall": [
            0.5358606557377049,
            0.35978260869565215,
            0.11956521739130435
        ],
        "f1": [
            0.38064046579330424,
            0.44045242847638055,
            0.15930485155684287
        ]
    }
}