{
    "wml": {
        "accu": [
            0.2333096590909091
        ],
        "precision": [
            0.9939577039274925,
            0.06172839506172839,
            0.21931407942238268
        ],
        "recall": [
            0.3576086956521739,
            0.08928571428571429,
            0.2574152542372881
        ],
        "f1": [
            0.5259792166266987,
            0.072992700729927,
            0.23684210526315788
        ]
    },
    "vpl": {
        "accu": [
            0.7610085227272727
        ],
        "precision": [
            0.7439024390243902,
            0.7913135593220338,
            0.7486187845303868
        ],
        "recall": [
            0.9046610169491526,
            0.8119565217391305,
            0.569327731092437
        ],
        "f1": [
            0.8164435946462715,
            0.8015021459227468,
            0.6467780429594273
        ]
    }
}