{
    "wml": {
        "accu": [
            0.33345170454545453
        ],
        "precision": [
            0.26021180030257185,
            0.397741530740276,
            0.33136966126656847
        ],
        "recall": [
            0.19369369369369369,
            0.3329831932773109,
            0.4610655737704918
        ],
        "f1": [
            0.2220787604906391,
            0.36249285305889073,
            0.3856041131105398
        ]
    },
    "vpl": {
        "accu": [
            0.4069602272727273
        ],
        "precision": [
            0.5353053435114504,
            0.4906716417910448,
            0.08477011494252873
        ],
        "recall": [
            0.5747950819672131,
            0.5923423423423423,
            0.06197478991596639
        ],
        "f1": [
            0.5543478260869565,
            0.536734693877551,
            0.07160194174757281
        ]
    }
}