{
    "wml": {
        "accu": [
            0.4737215909090909
        ],
        "precision": [
            1.0,
            0.43582510578279265,
            0.34975961538461536
        ],
        "recall": [
            0.4988738738738739,
            0.3245798319327731,
            0.5963114754098361
        ],
        "f1": [
            0.665664913598798,
            0.37206502107164363,
            0.4409090909090909
        ]
    },
    "vpl": {
        "accu": [
            0.41938920454545453
        ],
        "precision": [
            0.3739463601532567,
            1.0,
            0.0
        ],
        "recall": [
            1.0,
            0.23085585585585586,
            0.0
        ],
        "f1": [
            0.5443390964863358,
            0.37511436413540716,
            NaN
        ]
    }
}