{
    "wml": {
        "accu": [
            0.3046875
        ],
        "precision": [
            0.3388753056234719,
            0.2950191570881226,
            0.17254901960784313
        ],
        "recall": [
            0.7532608695652174,
            0.08088235294117647,
            0.09322033898305085
        ],
        "f1": [
            0.46745362563237775,
            0.12695795548227534,
            0.12104539202200826
        ]
    },
    "vpl": {
        "accu": [
            0.3370028409090909
        ],
        "precision": [
            0.23508005822416303,
            0.20930232558139536,
            0.4645669291338583
        ],
        "recall": [
            0.3421610169491525,
            0.0391304347826087,
            0.6197478991596639
        ],
        "f1": [
            0.2786885245901639,
            0.06593406593406594,
            0.5310531053105311
        ]
    }
}