{
    "wml": {
        "accu": [
            0.20525568181818182
        ],
        "precision": [
            0.0,
            0.2838569880823402,
            0.20599739243807041
        ],
        "recall": [
            0.0,
            0.27521008403361347,
            0.3237704918032787
        ],
        "f1": [
            NaN,
            0.2794666666666667,
            0.251792828685259
        ]
    },
    "vpl": {
        "accu": [
            0.4577414772727273
        ],
        "precision": [
            0.7904191616766467,
            0.6145833333333334,
            0.3758449752140604
        ],
        "recall": [
            0.4057377049180328,
            0.06644144144144144,
            0.8760504201680672
        ],
        "f1": [
            0.5362220717670955,
            0.11991869918699186,
            0.5260170293282875
        ]
    }
}