{
    "wml": {
        "accu": [
            0.5262784090909091
        ],
        "precision": [
            0.679324894514768,
            0.09090909090909091,
            0.45723684210526316
        ],
        "recall": [
            0.7252252252252253,
            0.004201680672268907,
            0.8545081967213115
        ],
        "f1": [
            0.7015250544662309,
            0.008032128514056224,
            0.5957142857142858
        ]
    },
    "vpl": {
        "accu": [
            0.4367897727272727
        ],
        "precision": [
            0.5870736086175943,
            0.36931380107941403,
            0.23950617283950618
        ],
        "recall": [
            0.6700819672131147,
            0.5394144144144144,
            0.10189075630252101
        ],
        "f1": [
            0.6258373205741627,
            0.4384439359267735,
            0.14296241709653648
        ]
    }
}