{
    "wml": {
        "accu": [
            0.5625
        ],
        "precision": [
            0.8060263653483992,
            0.44661016949152543,
            0.5692307692307692
        ],
        "recall": [
            0.4652173913043478,
            0.5535714285714286,
            0.6663135593220338
        ],
        "f1": [
            0.5899379738111648,
            0.49437148217636023,
            0.6139580283064909
        ]
    },
    "vpl": {
        "accu": [
            0.4161931818181818
        ],
        "precision": [
            0.4911417322834646,
            0.36078886310904873,
            0.6710526315789473
        ],
        "recall": [
            0.5286016949152542,
            0.6760869565217391,
            0.05357142857142857
        ],
        "f1": [
            0.5091836734693879,
            0.4704992435703479,
            0.09922178988326848
        ]
    }
}