{
    "wml": {
        "accu": [
            0.5625
        ],
        "precision": [
            0.6505376344086021,
            0.625,
            0.5175141242937853
        ],
        "recall": [
            0.39456521739130435,
            0.33152173913043476,
            0.9385245901639344
        ],
        "f1": [
            0.49120433017591336,
            0.43323863636363635,
            0.6671522214129644
        ]
    },
    "vpl": {
        "accu": [
            0.2634943181818182
        ],
        "precision": [
            0.25389755011135856,
            0.3024390243902439,
            0.2505854800936768
        ],
        "recall": [
            0.35040983606557374,
            0.20217391304347826,
            0.2326086956521739
        ],
        "f1": [
            0.2944468359879466,
            0.24234527687296417,
            0.24126268320180383
        ]
    }
}