{
    "wml": {
        "accu": [
            0.6708096590909091
        ],
        "precision": [
            0.9841549295774648,
            0.9551451187335093,
            0.5179240235420011
        ],
        "recall": [
            0.6295045045045045,
            0.3802521008403361,
            0.9918032786885246
        ],
        "f1": [
            0.7678571428571429,
            0.5439519158527424,
            0.6804920913884006
        ]
    },
    "vpl": {
        "accu": [
            0.3192471590909091
        ],
        "precision": [
            0.3761904761904762,
            0.08108108108108109,
            0.0
        ],
        "recall": [
            0.8903688524590164,
            0.033783783783783786,
            0.0
        ],
        "f1": [
            0.5289105295191723,
            0.04769475357710652,
            NaN
        ]
    }
}