{
    "wml": {
        "accu": [
            0.28870738636363635
        ],
        "precision": [
            0.23770491803278687,
            0.38305084745762713,
            0.3330179754020814
        ],
        "recall": [
            0.3918918918918919,
            0.11869747899159663,
            0.36065573770491804
        ],
        "f1": [
            0.2959183673469388,
            0.18123496391339214,
            0.3462862764387605
        ]
    },
    "vpl": {
        "accu": [
            0.47230113636363635
        ],
        "precision": [
            0.39541892706449666,
            0.5794871794871795,
            0.5888594164456233
        ],
        "recall": [
            0.6721311475409836,
            0.509009009009009,
            0.23319327731092437
        ],
        "f1": [
            0.4979127134724857,
            0.5419664268585133,
            0.33408577878103835
        ]
    }
}