{
    "wml": {
        "accu": [
            0.4655539772727273
        ],
        "precision": [
            0.9260450160771704,
            0.1742857142857143,
            0.36550976138828634
        ],
        "recall": [
            0.6260869565217392,
            0.06630434782608696,
            0.6905737704918032
        ],
        "f1": [
            0.7470817120622568,
            0.09606299212598426,
            0.4780141843971631
        ]
    },
    "vpl": {
        "accu": [
            0.3224431818181818
        ],
        "precision": [
            0.04081632653061224,
            0.3248232521602514,
            0.3574660633484163
        ],
        "recall": [
            0.0020491803278688526,
            0.8989130434782608,
            0.08586956521739131
        ],
        "f1": [
            0.003902439024390244,
            0.47720715522215806,
            0.13847502191060473
        ]
    }
}