{
    "wml": {
        "accu": [
            0.39678030303030304
        ],
        "precision": [
            0.38250428816466553,
            0.3255411255411255,
            0.55359565807327
        ],
        "recall": [
            0.6463768115942029,
            0.26330532212885155,
            0.288135593220339
        ],
        "f1": [
            0.4806034482758621,
            0.29113433991482773,
            0.3790060380863911
        ]
    },
    "vpl": {
        "accu": [
            0.44483901515151514
        ],
        "precision": [
            0.4073091659298556,
            0.5616698292220114,
            0.6611842105263158
        ],
        "recall": [
            0.9759887005649718,
            0.2144927536231884,
            0.1407563025210084
        ],
        "f1": [
            0.5747556664587232,
            0.3104352385946513,
            0.2321016166281755
        ]
    }
}