{
    "wml": {
        "accu": [
            0.12926136363636365
        ],
        "precision": [
            0.15611257695690414,
            0.019313304721030045,
            0.0
        ],
        "recall": [
            0.3997747747747748,
            0.009453781512605041,
            0.0
        ],
        "f1": [
            0.22454142947501585,
            0.012693935119887164,
            NaN
        ]
    },
    "vpl": {
        "accu": [
            0.4737215909090909
        ],
        "precision": [
            0.5883748517200474,
            1.0,
            0.35511363636363635
        ],
        "recall": [
            0.5081967213114754,
            0.23986486486486486,
            0.6565126050420168
        ],
        "f1": [
            0.5453545904343046,
            0.3869209809264305,
            0.4609144542772861
        ]
    }
}