{
    "wml": {
        "accu": [
            0.5923295454545454
        ],
        "precision": [
            0.7828282828282829,
            0.4795288839035334,
            0.8008298755186722
        ],
        "recall": [
            0.6981981981981982,
            0.898109243697479,
            0.19774590163934427
        ],
        "f1": [
            0.738095238095238,
            0.6252285191956124,
            0.3171733771569433
        ]
    },
    "vpl": {
        "accu": [
            0.4119318181818182
        ],
        "precision": [
            0.7411575562700965,
            0.3169664560038892,
            0.34306569343065696
        ],
        "recall": [
            0.4723360655737705,
            0.7342342342342343,
            0.04936974789915966
        ],
        "f1": [
            0.5769712140175219,
            0.44278438030560274,
            0.08631772268135904
        ]
    }
}