{
    "wml": {
        "accu": [
            0.4805871212121212
        ],
        "precision": [
            0.5074056378404205,
            0.2862547288776797,
            0.5538116591928252
        ],
        "recall": [
            0.7695652173913043,
            0.15896358543417366,
            0.5233050847457628
        ],
        "f1": [
            0.6115750071983875,
            0.20441242683475913,
            0.5381263616557735
        ]
    },
    "vpl": {
        "accu": [
            0.2833806818181818
        ],
        "precision": [
            0.2799602187966186,
            0.49363369245837413,
            0.10906040268456375
        ],
        "recall": [
            0.3975988700564972,
            0.3652173913043478,
            0.09103641456582633
        ],
        "f1": [
            0.328567259994164,
            0.4198250728862974,
            0.09923664122137404
        ]
    }
}