{
    "wml": {
        "accu": [
            0.39488636363636365
        ],
        "precision": [
            0.6367432150313153,
            0.4094170403587444,
            0.297029702970297
        ],
        "recall": [
            0.2210144927536232,
            0.6393557422969187,
            0.3177966101694915
        ],
        "f1": [
            0.32813340505648203,
            0.49917987971569167,
            0.3070624360286592
        ]
    },
    "vpl": {
        "accu": [
            0.29663825757575757
        ],
        "precision": [
            0.10732323232323232,
            0.22731958762886598,
            0.48726541554959785
        ],
        "recall": [
            0.06002824858757062,
            0.31956521739130433,
            0.5091036414565826
        ],
        "f1": [
            0.07699275362318841,
            0.2656626506024096,
            0.49794520547945204
        ]
    }
}