{
    "wml": {
        "accu": [
            0.31001420454545453
        ],
        "precision": [
            0.3968253968253968,
            0.11471861471861472,
            0.34085335948994605
        ],
        "recall": [
            0.14076576576576577,
            0.05567226890756303,
            0.7120901639344263
        ],
        "f1": [
            0.20781379883624274,
            0.07496463932107497,
            0.46102819237147596
        ]
    },
    "vpl": {
        "accu": [
            0.2638494318181818
        ],
        "precision": [
            0.3346328784925276,
            0.7974137931034483,
            0.04114832535885168
        ],
        "recall": [
            0.5276639344262295,
            0.20833333333333334,
            0.045168067226890755
        ],
        "f1": [
            0.40954274353876735,
            0.33035714285714285,
            0.04306459689534302
        ]
    }
}