{
    "wml": {
        "accu": [
            0.36683238636363635
        ],
        "precision": [
            0.41796875,
            0.30833333333333335,
            0.65
        ],
        "recall": [
            0.1204954954954955,
            0.6995798319327731,
            0.26639344262295084
        ],
        "f1": [
            0.18706293706293706,
            0.42802056555269924,
            0.37790697674418605
        ]
    },
    "vpl": {
        "accu": [
            0.30113636363636365
        ],
        "precision": [
            0.0,
            1.0,
            0.38722358722358724
        ],
        "recall": [
            0.0,
            0.06756756756756757,
            0.8277310924369747
        ],
        "f1": [
            NaN,
            0.12658227848101267,
            0.5276196853029796
        ]
    }
}