{
    "wml": {
        "accu": [
            0.19176136363636365
        ],
        "precision": [
            0.2510460251046025,
            0.26229508196721313,
            0.016643550624133148
        ],
        "recall": [
            0.5217391304347826,
            0.05042016806722689,
            0.012711864406779662
        ],
        "f1": [
            0.3389830508474576,
            0.08458149779735684,
            0.014414414414414415
        ]
    },
    "vpl": {
        "accu": [
            0.3828125
        ],
        "precision": [
            0.3170289855072464,
            0.48782771535580527,
            0.34782608695652173
        ],
        "recall": [
            0.5561440677966102,
            0.566304347826087,
            0.03361344537815126
        ],
        "f1": [
            0.40384615384615385,
            0.5241448692152918,
            0.06130268199233717
        ]
    }
}