{
    "wml": {
        "accu": [
            0.4296875
        ],
        "precision": [
            0.29078947368421054,
            0.023809523809523808,
            0.6320132013201321
        ],
        "recall": [
            0.49774774774774777,
            0.0021008403361344537,
            0.7848360655737705
        ],
        "f1": [
            0.36710963455149503,
            0.003861003861003861,
            0.70018281535649
        ]
    },
    "vpl": {
        "accu": [
            0.6147017045454546
        ],
        "precision": [
            0.48535871156661786,
            1.0,
            0.5755555555555556
        ],
        "recall": [
            0.6793032786885246,
            0.6193693693693694,
            0.5441176470588235
        ],
        "f1": [
            0.5661827497865073,
            0.7649513212795549,
            0.5593952483801296
        ]
    }
}