{
    "wml": {
        "accu": [
            0.39098011363636365
        ],
        "precision": [
            0.3311802701115678,
            0.46828358208955223,
            0.49566724436741766
        ],
        "recall": [
            0.6351351351351351,
            0.26365546218487396,
            0.2930327868852459
        ],
        "f1": [
            0.4353531455036665,
            0.33736559139784944,
            0.36831938184159696
        ]
    },
    "vpl": {
        "accu": [
            0.45951704545454547
        ],
        "precision": [
            0.46091861402095086,
            0.7795031055900621,
            0.3758978451715882
        ],
        "recall": [
            0.5860655737704918,
            0.28265765765765766,
            0.4947478991596639
        ],
        "f1": [
            0.5160126296797474,
            0.41487603305785126,
            0.4272108843537415
        ]
    }
}