{
    "wml": {
        "accu": [
            0.3458806818181818
        ],
        "precision": [
            0.354633939906898,
            0.25663716814159293,
            0.4298245614035088
        ],
        "recall": [
            0.9436936936936937,
            0.09138655462184873,
            0.050204918032786885
        ],
        "f1": [
            0.5155336819440172,
            0.13477924089852825,
            0.08990825688073395
        ]
    },
    "vpl": {
        "accu": [
            0.20703125
        ],
        "precision": [
            0.21070615034168566,
            0.26082771896053897,
            0.14126807563959956
        ],
        "recall": [
            0.18954918032786885,
            0.30518018018018017,
            0.1334033613445378
        ],
        "f1": [
            0.19956850053937433,
            0.2812662169174883,
            0.13722312263641276
        ]
    }
}