{
    "wml": {
        "accu": [
            0.39311079545454547
        ],
        "precision": [
            0.5527950310559007,
            0.008968609865470852,
            0.45166015625
        ],
        "recall": [
            0.20045045045045046,
            0.004201680672268907,
            0.9477459016393442
        ],
        "f1": [
            0.29421487603305785,
            0.005722460658082976,
            0.6117724867724867
        ]
    },
    "vpl": {
        "accu": [
            0.3416193181818182
        ],
        "precision": [
            1.0,
            NaN,
            0.33927298645759085
        ],
        "recall": [
            0.010245901639344262,
            0.0,
            1.0
        ],
        "f1": [
            0.020283975659229205,
            NaN,
            0.506652474720596
        ]
    }
}