{
    "wml": {
        "accu": [
            0.49076704545454547
        ],
        "precision": [
            0.5549169859514687,
            0.3619344773790952,
            0.4614121510673235
        ],
        "recall": [
            0.9786036036036037,
            0.24369747899159663,
            0.28790983606557374
        ],
        "f1": [
            0.7082314588427058,
            0.2912743251726303,
            0.35457413249211356
        ]
    },
    "vpl": {
        "accu": [
            0.5415482954545454
        ],
        "precision": [
            0.4036191974822974,
            0.8528347406513872,
            0.4259776536312849
        ],
        "recall": [
            0.5256147540983607,
            0.7961711711711712,
            0.32037815126050423
        ],
        "f1": [
            0.4566088117489987,
            0.8235294117647058,
            0.36570743405275785
        ]
    }
}