{
    "wml": {
        "accu": [
            0.5788352272727273
        ],
        "precision": [
            0.967741935483871,
            0.4619289340101523,
            0.8366533864541833
        ],
        "recall": [
            0.10135135135135136,
            0.9558823529411765,
            0.6454918032786885
        ],
        "f1": [
            0.1834862385321101,
            0.622861054072553,
            0.728744939271255
        ]
    },
    "vpl": {
        "accu": [
            0.43892045454545453
        ],
        "precision": [
            0.3539071347678369,
            0.9761904761904762,
            0.5068027210884354
        ],
        "recall": [
            0.6403688524590164,
            0.18468468468468469,
            0.4695378151260504
        ],
        "f1": [
            0.4558716265499635,
            0.3106060606060606,
            0.48745910577971646
        ]
    }
}