{
    "wml": {
        "accu": [
            0.4772727272727273
        ],
        "precision": [
            0.7503949447077409,
            0.23118279569892472,
            0.48436414176511466
        ],
        "recall": [
            0.5163043478260869,
            0.18067226890756302,
            0.7383474576271186
        ],
        "f1": [
            0.6117192530585962,
            0.20283018867924527,
            0.5849769198489299
        ]
    },
    "vpl": {
        "accu": [
            0.4296875
        ],
        "precision": [
            0.5764705882352941,
            0.2497875955819881,
            0.5579150579150579
        ],
        "recall": [
            0.05190677966101695,
            0.31956521739130433,
            0.9107142857142857
        ],
        "f1": [
            0.09523809523809523,
            0.2804005722460658,
            0.6919393455706305
        ]
    }
}