{
    "wml": {
        "accu": [
            0.4140625
        ],
        "precision": [
            0.4299634591961023,
            0.5510204081632653,
            0.3848888888888889
        ],
        "recall": [
            0.7673913043478261,
            0.028361344537815126,
            0.4586864406779661
        ],
        "f1": [
            0.5511319281811086,
            0.053946053946053944,
            0.41855969067182214
        ]
    },
    "vpl": {
        "accu": [
            0.3444602272727273
        ],
        "precision": [
            0.27694610778443113,
            0.2761795166858458,
            0.4261141516810008
        ],
        "recall": [
            0.19597457627118645,
            0.2608695652173913,
            0.5724789915966386
        ],
        "f1": [
            0.22952853598014886,
            0.26830631637786473,
            0.4885701479157329
        ]
    }
}