{
    "wml": {
        "accu": [
            0.5433238636363636
        ],
        "precision": [
            0.5672897196261683,
            0.6183206106870229,
            0.5128032345013477
        ],
        "recall": [
            0.6835585585585585,
            0.17016806722689076,
            0.7797131147540983
        ],
        "f1": [
            0.6200204290091931,
            0.26688632619439867,
            0.61869918699187
        ]
    },
    "vpl": {
        "accu": [
            0.3196022727272727
        ],
        "precision": [
            0.32503556187766713,
            0.7227926078028748,
            0.09859154929577464
        ],
        "recall": [
            0.4682377049180328,
            0.3963963963963964,
            0.09558823529411764
        ],
        "f1": [
            0.38371116708648195,
            0.512,
            0.09706666666666666
        ]
    }
}