{
    "wml": {
        "accu": [
            0.3483664772727273
        ],
        "precision": [
            0.9565217391304348,
            0.30183988065638984,
            0.45012787723785164
        ],
        "recall": [
            0.024774774774774775,
            0.6376050420168067,
            0.36065573770491804
        ],
        "f1": [
            0.048298572996706916,
            0.40971987850151875,
            0.4004550625711035
        ]
    },
    "vpl": {
        "accu": [
            0.22088068181818182
        ],
        "precision": [
            0.3127690100430416,
            0.1859504132231405,
            0.013215859030837005
        ],
        "recall": [
            0.44672131147540983,
            0.20270270270270271,
            0.0063025210084033615
        ],
        "f1": [
            0.3679324894514768,
            0.19396551724137934,
            0.008534850640113799
        ]
    }
}