{
    "wml": {
        "accu": [
            0.3235085227272727
        ],
        "precision": [
            0.32582322357019067,
            0.5783132530120482,
            0.29840319361277445
        ],
        "recall": [
            0.6351351351351351,
            0.05042016806722689,
            0.30635245901639346
        ],
        "f1": [
            0.4306987399770905,
            0.0927536231884058,
            0.3023255813953488
        ]
    },
    "vpl": {
        "accu": [
            0.4992897727272727
        ],
        "precision": [
            0.688,
            0.4296799224054316,
            1.0
        ],
        "recall": [
            0.5286885245901639,
            0.9977477477477478,
            0.004201680672268907
        ],
        "f1": [
            0.5979142526071843,
            0.600677966101695,
            0.008368200836820083
        ]
    }
}