{
    "wml": {
        "accu": [
            0.38032670454545453
        ],
        "precision": [
            0.8065099457504521,
            0.09634146341463415,
            0.3783783783783784
        ],
        "recall": [
            0.5022522522522522,
            0.08298319327731092,
            0.5594262295081968
        ],
        "f1": [
            0.6190145732130465,
            0.0891647855530474,
            0.45142620917734605
        ]
    },
    "vpl": {
        "accu": [
            0.5145596590909091
        ],
        "precision": [
            0.3608660785886127,
            0.6918844566712518,
            0.5890736342042755
        ],
        "recall": [
            0.4610655737704918,
            0.5664414414414415,
            0.5210084033613446
        ],
        "f1": [
            0.40485829959514175,
            0.6229102167182663,
            0.5529542920847268
        ]
    }
}