{
    "wml": {
        "accu": [
            0.5720880681818182
        ],
        "precision": [
            0.9638157894736842,
            0.43503480278422274,
            0.5681818181818182
        ],
        "recall": [
            0.6599099099099099,
            0.7878151260504201,
            0.2817622950819672
        ],
        "f1": [
            0.7834224598930482,
            0.5605381165919282,
            0.37671232876712324
        ]
    },
    "vpl": {
        "accu": [
            0.2634943181818182
        ],
        "precision": [
            0.32184517497348886,
            0.04736842105263158,
            0.21272727272727274
        ],
        "recall": [
            0.6219262295081968,
            0.02027027027027027,
            0.12289915966386554
        ],
        "f1": [
            0.4241788958770091,
            0.028391167192429026,
            0.15579227696404793
        ]
    }
}