{
    "wml": {
        "accu": [
            0.2819602272727273
        ],
        "precision": [
            0.1839171974522293,
            0.06138392857142857,
            0.7650602409638554
        ],
        "recall": [
            0.26013513513513514,
            0.05777310924369748,
            0.5204918032786885
        ],
        "f1": [
            0.21548507462686567,
            0.05952380952380952,
            0.6195121951219512
        ]
    },
    "vpl": {
        "accu": [
            0.4247159090909091
        ],
        "precision": [
            0.7307692307692307,
            0.217753120665742,
            0.47360167276529014
        ],
        "recall": [
            0.1362704918032787,
            0.1768018018018018,
            0.9516806722689075
        ],
        "f1": [
            0.229706390328152,
            0.19515226848974518,
            0.6324607329842933
        ]
    }
}