{
    "wml": {
        "accu": [
            0.35973011363636365
        ],
        "precision": [
            0.1,
            0.28179937952430195,
            0.5510688836104513
        ],
        "recall": [
            0.0045045045045045045,
            0.5724789915966386,
            0.47540983606557374
        ],
        "f1": [
            0.008620689655172414,
            0.3776853776853777,
            0.5104510451045104
        ]
    },
    "vpl": {
        "accu": [
            0.4200994318181818
        ],
        "precision": [
            0.13267813267813267,
            0.6535947712418301,
            0.38260340632603407
        ],
        "recall": [
            0.055327868852459015,
            0.5630630630630631,
            0.6607142857142857
        ],
        "f1": [
            0.07809110629067244,
            0.6049606775559588,
            0.48459167950693377
        ]
    }
}