{
    "wml": {
        "accu": [
            0.33546401515151514
        ],
        "precision": [
            0.4267515923566879,
            0.3299908842297174,
            0.20655737704918034
        ],
        "recall": [
            0.19420289855072465,
            0.7605042016806722,
            0.04449152542372881
        ],
        "f1": [
            0.2669322709163347,
            0.46026700572155116,
            0.07321324811156303
        ]
    },
    "vpl": {
        "accu": [
            0.2511837121212121
        ],
        "precision": [
            0.5402298850574713,
            0.1676694745286803,
            0.3289949385394071
        ],
        "recall": [
            0.1327683615819209,
            0.30289855072463767,
            0.31862745098039214
        ],
        "f1": [
            0.2131519274376417,
            0.2158533436612445,
            0.3237282106012095
        ]
    }
}