{
    "wml": {
        "accu": [
            0.3380681818181818
        ],
        "precision": [
            NaN,
            0.3380681818181818,
            NaN
        ],
        "recall": [
            0.0,
            1.0,
            0.0
        ],
        "f1": [
            NaN,
            0.505307855626327,
            NaN
        ]
    },
    "vpl": {
        "accu": [
            0.42045454545454547
        ],
        "precision": [
            1.0,
            0.36045494313210846,
            0.6761904761904762
        ],
        "recall": [
            0.005296610169491525,
            0.8956521739130435,
            0.37289915966386555
        ],
        "f1": [
            0.01053740779768177,
            0.5140361821584529,
            0.4807041299932296
        ]
    }
}