{
    "wml": {
        "accu": [
            0.5795454545454546
        ],
        "precision": [
            0.5925925925925926,
            0.0847457627118644,
            0.5884165126309304
        ],
        "recall": [
            0.7567567567567568,
            0.005252100840336135,
            0.9784836065573771
        ],
        "f1": [
            0.6646884272997032,
            0.009891196834817014,
            0.7348980377068103
        ]
    },
    "vpl": {
        "accu": [
            0.3220880681818182
        ],
        "precision": [
            0.3140096618357488,
            0.21635434412265758,
            0.6575
        ],
        "recall": [
            0.39959016393442626,
            0.28603603603603606,
            0.2762605042016807
        ],
        "f1": [
            0.351668169522092,
            0.2463627546071775,
            0.38905325443786987
        ]
    }
}