{
    "wml": {
        "accu": [
            0.4661458333333333
        ],
        "precision": [
            0.4778492995077622,
            0.44680851063829785,
            0.44545454545454544
        ],
        "recall": [
            0.9144927536231884,
            0.4264705882352941,
            0.0692090395480226
        ],
        "f1": [
            0.62770455110669,
            0.43640272303833755,
            0.1198044009779951
        ]
    },
    "vpl": {
        "accu": [
            0.5085227272727273
        ],
        "precision": [
            0.45176110260336905,
            0.6457564575645757,
            0.5082644628099173
        ],
        "recall": [
            0.625,
            0.3804347826086957,
            0.5168067226890757
        ],
        "f1": [
            0.5244444444444445,
            0.478796169630643,
            0.5125
        ]
    }
}