{
    "wml": {
        "accu": [
            0.5037878787878788
        ],
        "precision": [
            0.49895833333333334,
            0.4461050724637681,
            0.6287878787878788
        ],
        "recall": [
            0.3471014492753623,
            0.6897759103641457,
            0.4689265536723164
        ],
        "f1": [
            0.4094017094017094,
            0.5418041804180419,
            0.5372168284789645
        ]
    },
    "vpl": {
        "accu": [
            0.4159564393939394
        ],
        "precision": [
            0.38551572787125093,
            0.5257439773264053,
            0.1581081081081081
        ],
        "recall": [
            0.3721751412429379,
            0.8065217391304348,
            0.0819327731092437
        ],
        "f1": [
            0.37872799137621277,
            0.6365456105233057,
            0.10793357933579335
        ]
    }
}