{
    "wml": {
        "accu": [
            0.4491003787878788
        ],
        "precision": [
            0.35074626865671643,
            0.49334073251942284,
            0.4810855263157895
        ],
        "recall": [
            0.3065217391304348,
            0.6225490196078431,
            0.413135593220339
        ],
        "f1": [
            0.3271461716937355,
            0.5504643962848297,
            0.44452887537993924
        ]
    },
    "vpl": {
        "accu": [
            0.3778409090909091
        ],
        "precision": [
            0.3640503616394321,
            0.11917098445595854,
            0.7181208053691275
        ],
        "recall": [
            0.9597457627118644,
            0.016666666666666666,
            0.14985994397759103
        ],
        "f1": [
            0.5278694892212079,
            0.029243483788938332,
            0.24797219003476242
        ]
    }
}