{
    "wml": {
        "accu": [
            0.4289772727272727
        ],
        "precision": [
            0.530446549391069,
            0.594885598923284,
            0.280359820089955
        ],
        "recall": [
            0.44144144144144143,
            0.4642857142857143,
            0.3831967213114754
        ],
        "f1": [
            0.4818684695759066,
            0.5215339233038347,
            0.3238095238095239
        ]
    },
    "vpl": {
        "accu": [
            0.3426846590909091
        ],
        "precision": [
            0.4028683181225554,
            0.07448275862068965,
            0.526032315978456
        ],
        "recall": [
            0.6331967213114754,
            0.060810810810810814,
            0.3077731092436975
        ],
        "f1": [
            0.4924302788844621,
            0.06695598264104155,
            0.388336646785951
        ]
    }
}