{
    "wml": {
        "accu": [
            0.3799715909090909
        ],
        "precision": [
            0.42109090909090907,
            0.14222222222222222,
            0.5156657963446475
        ],
        "recall": [
            0.652027027027027,
            0.10084033613445378,
            0.4047131147540984
        ],
        "f1": [
            0.5117101193106496,
            0.11800860479409957,
            0.45350172215843854
        ]
    },
    "vpl": {
        "accu": [
            0.4513494318181818
        ],
        "precision": [
            0.39961636828644503,
            0.22347266881028938,
            0.8047619047619048
        ],
        "recall": [
            0.6403688524590164,
            0.15653153153153154,
            0.532563025210084
        ],
        "f1": [
            0.4921259842519686,
            0.18410596026490067,
            0.6409608091024019
        ]
    }
}