{
    "wml": {
        "accu": [
            0.1171875
        ],
        "precision": [
            0.05555555555555555,
            0.26666666666666666,
            0.06257668711656442
        ],
        "recall": [
            0.07545045045045046,
            0.22268907563025211,
            0.05225409836065574
        ],
        "f1": [
            0.06399235912129896,
            0.24270177447052088,
            0.05695142378559464
        ]
    },
    "vpl": {
        "accu": [
            0.5287642045454546
        ],
        "precision": [
            0.583963691376702,
            0.5665454545454546,
            0.4153846153846154
        ],
        "recall": [
            0.39549180327868855,
            0.8772522522522522,
            0.3403361344537815
        ],
        "f1": [
            0.4715943799633476,
            0.6884666372072471,
            0.37413394919168597
        ]
    }
}