{
    "wml": {
        "accu": [
            0.4150094696969697
        ],
        "precision": [
            0.47670639219934996,
            0.38920863309352516,
            0.44337811900191937
        ],
        "recall": [
            0.3188405797101449,
            0.757703081232493,
            0.163135593220339
        ],
        "f1": [
            0.3821102909248806,
            0.5142585551330798,
            0.23851316468766132
        ]
    },
    "vpl": {
        "accu": [
            0.44673295454545453
        ],
        "precision": [
            0.3812139522109311,
            0.8722627737226277,
            0.8414239482200647
        ],
        "recall": [
            0.980225988700565,
            0.17318840579710146,
            0.18207282913165265
        ],
        "f1": [
            0.5489420605101839,
            0.2889963724304716,
            0.2993667242371906
        ]
    }
}