{
    "wml": {
        "accu": [
            0.2571022727272727
        ],
        "precision": [
            0.32205778717406625,
            0.4774774774774775,
            0.13702127659574467
        ],
        "recall": [
            0.4967391304347826,
            0.11521739130434783,
            0.16495901639344263
        ],
        "f1": [
            0.390765284309534,
            0.18563922942206654,
            0.14969781496978152
        ]
    },
    "vpl": {
        "accu": [
            0.36186079545454547
        ],
        "precision": [
            0.2795918367346939,
            0.40575916230366493,
            0.25721153846153844
        ],
        "recall": [
            0.1403688524590164,
            0.842391304347826,
            0.11630434782608695
        ],
        "f1": [
            0.18690313778990447,
            0.547703180212014,
            0.16017964071856286
        ]
    }
}