{
    "wml": {
        "accu": [
            0.3913352272727273
        ],
        "precision": [
            0.0,
            0.5666666666666667,
            0.37489943684633953
        ],
        "recall": [
            0.0,
            0.17857142857142858,
            0.9549180327868853
        ],
        "f1": [
            NaN,
            0.2715654952076677,
            0.53841709994223
        ]
    },
    "vpl": {
        "accu": [
            0.3465909090909091
        ],
        "precision": [
            0.3465909090909091,
            NaN,
            NaN
        ],
        "recall": [
            1.0,
            0.0,
            0.0
        ],
        "f1": [
            0.5147679324894515,
            NaN,
            NaN
        ]
    }
}