{
    "wml": {
        "accu": [
            0.4421164772727273
        ],
        "precision": [
            0.6824817518248175,
            0.3282208588957055,
            0.1658653846153846
        ],
        "recall": [
            0.8130434782608695,
            0.4652173913043478,
            0.0706967213114754
        ],
        "f1": [
            0.742063492063492,
            0.3848920863309352,
            0.09913793103448275
        ]
    },
    "vpl": {
        "accu": [
            0.4737215909090909
        ],
        "precision": [
            0.5185477505919495,
            0.9123711340206185,
            0.27820844099913866
        ],
        "recall": [
            0.673155737704918,
            0.3847826086956522,
            0.35108695652173916
        ],
        "f1": [
            0.5858225590726706,
            0.5412844036697247,
            0.31042767900048057
        ]
    }
}