{
    "wml": {
        "accu": [
            0.2908380681818182
        ],
        "precision": [
            0.18198874296435272,
            0.9526462395543176,
            0.21678321678321677
        ],
        "recall": [
            0.31630434782608696,
            0.3717391304347826,
            0.19057377049180327
        ],
        "f1": [
            0.23104406510520045,
            0.5347928068803753,
            0.20283533260632497
        ]
    },
    "vpl": {
        "accu": [
            0.4577414772727273
        ],
        "precision": [
            0.3817745803357314,
            0.6950354609929078,
            0.6614699331848553
        ],
        "recall": [
            0.8155737704918032,
            0.21304347826086956,
            0.32282608695652176
        ],
        "f1": [
            0.5200914733747141,
            0.3261231281198003,
            0.43389335281227176
        ]
    }
}