{
    "wml": {
        "accu": [
            0.43394886363636365
        ],
        "precision": [
            0.7820738137082601,
            0.35964453737584945,
            0.26646706586826346
        ],
        "recall": [
            0.483695652173913,
            0.7226890756302521,
            0.09427966101694915
        ],
        "f1": [
            0.5977165883143049,
            0.4802792321116928,
            0.13928012519561817
        ]
    },
    "vpl": {
        "accu": [
            0.47407670454545453
        ],
        "precision": [
            0.8364312267657993,
            0.40877598152424943,
            0.49325153374233127
        ],
        "recall": [
            0.23834745762711865,
            0.7695652173913043,
            0.4222689075630252
        ],
        "f1": [
            0.37098103874690846,
            0.5339366515837104,
            0.45500848896434637
        ]
    }
}