{
    "wml": {
        "accu": [
            0.32457386363636365
        ],
        "precision": [
            0.2434108527131783,
            0.597544338335607,
            0.033783783783783786
        ],
        "recall": [
            0.5304054054054054,
            0.46008403361344535,
            0.005122950819672131
        ],
        "f1": [
            0.33368756641870356,
            0.5198813056379822,
            0.008896797153024912
        ]
    },
    "vpl": {
        "accu": [
            0.5546875
        ],
        "precision": [
            0.4876507754164273,
            0.5813586097946287,
            0.7805429864253394
        ],
        "recall": [
            0.8698770491803278,
            0.4144144144144144,
            0.36239495798319327
        ],
        "f1": [
            0.624953993375046,
            0.4838921761998685,
            0.4949784791965567
        ]
    }
}