{
    "wml": {
        "accu": [
            0.39453125
        ],
        "precision": [
            0.458955223880597,
            0.18658892128279883,
            0.46582278481012657
        ],
        "recall": [
            0.6925675675675675,
            0.13445378151260504,
            0.3770491803278688
        ],
        "f1": [
            0.552064631956912,
            0.1562881562881563,
            0.4167610419026047
        ]
    },
    "vpl": {
        "accu": [
            0.37535511363636365
        ],
        "precision": [
            0.36032171581769434,
            0.2289156626506024,
            0.4216589861751152
        ],
        "recall": [
            0.6885245901639344,
            0.021396396396396396,
            0.38445378151260506
        ],
        "f1": [
            0.4730728616684266,
            0.039134912461380025,
            0.4021978021978022
        ]
    }
}