{
    "wml": {
        "accu": [
            0.3955965909090909
        ],
        "precision": [
            0.8518518518518519,
            NaN,
            0.3677467972871138
        ],
        "recall": [
            0.1554054054054054,
            0.0,
            1.0
        ],
        "f1": [
            0.2628571428571428,
            NaN,
            0.5377410468319559
        ]
    },
    "vpl": {
        "accu": [
            0.49573863636363635
        ],
        "precision": [
            0.38352104327208064,
            0.9735449735449735,
            0.3505338078291815
        ],
        "recall": [
            0.6629098360655737,
            0.6216216216216216,
            0.20693277310924368
        ],
        "f1": [
            0.4859181374389786,
            0.7587628865979381,
            0.26023778071334214
        ]
    }
}