{
    "wml": {
        "accu": [
            0.4005681818181818
        ],
        "precision": [
            0.9692307692307692,
            0.3533026113671275,
            1.0
        ],
        "recall": [
            0.13695652173913042,
            1.0,
            0.08401639344262295
        ],
        "f1": [
            0.24,
            0.5221339387060159,
            0.1550094517958412
        ]
    },
    "vpl": {
        "accu": [
            0.36860795454545453
        ],
        "precision": [
            0.0,
            0.9836065573770492,
            0.3515894293374186
        ],
        "recall": [
            0.0,
            0.13043478260869565,
            0.9978260869565218
        ],
        "f1": [
            NaN,
            0.23032629558541268,
            0.5199660152931181
        ]
    }
}