{
    "wml": {
        "accu": [
            0.23697916666666666
        ],
        "precision": [
            0.088011088011088,
            0.5393343419062028,
            0.11034955448937629
        ],
        "recall": [
            0.09202898550724638,
            0.5166666666666667,
            0.10997267759562841
        ],
        "f1": [
            0.08997520368402408,
            0.5277572168763879,
            0.1101607937050975
        ]
    },
    "vpl": {
        "accu": [
            0.3312026515151515
        ],
        "precision": [
            0.5035644847699287,
            0.17517136329017516,
            0.28654970760233917
        ],
        "recall": [
            0.5307377049180327,
            0.16666666666666666,
            0.28405797101449276
        ],
        "f1": [
            0.5167941469903559,
            0.1708132194578537,
            0.2852983988355167
        ]
    }
}