{
    "wml": {
        "accu": [
            0.4719460227272727
        ],
        "precision": [
            0.5481049562682215,
            0.37052810902896083,
            0.5434949961508853
        ],
        "recall": [
            0.21171171171171171,
            0.4569327731092437,
            0.7233606557377049
        ],
        "f1": [
            0.305442729488221,
            0.40921919096895576,
            0.6206593406593406
        ]
    },
    "vpl": {
        "accu": [
            0.6218039772727273
        ],
        "precision": [
            0.598780487804878,
            0.9885844748858448,
            0.5308087291399229
        ],
        "recall": [
            0.5030737704918032,
            0.48761261261261263,
            0.8686974789915967
        ],
        "f1": [
            0.5467706013363028,
            0.6530920060331825,
            0.6589641434262947
        ]
    }
}