{
    "wml": {
        "accu": [
            0.5475852272727273
        ],
        "precision": [
            0.9058641975308642,
            0.4373259052924791,
            0.9285714285714286
        ],
        "recall": [
            0.661036036036036,
            0.9894957983193278,
            0.01331967213114754
        ],
        "f1": [
            0.7643229166666666,
            0.6065679330328397,
            0.026262626262626262
        ]
    },
    "vpl": {
        "accu": [
            0.3767755681818182
        ],
        "precision": [
            0.14772727272727273,
            0.357981220657277,
            0.39605543710021324
        ],
        "recall": [
            0.01331967213114754,
            0.34346846846846846,
            0.7804621848739496
        ],
        "f1": [
            0.02443609022556391,
            0.3505747126436781,
            0.5254596888260255
        ]
    }
}