{
    "wml": {
        "accu": [
            0.3057528409090909
        ],
        "precision": [
            0.18682505399568033,
            0.3022700119474313,
            0.4131054131054131
        ],
        "recall": [
            0.19481981981981983,
            0.2657563025210084,
            0.4456967213114754
        ],
        "f1": [
            0.19073869900771775,
            0.28283957518166575,
            0.4287826515524889
        ]
    },
    "vpl": {
        "accu": [
            0.46732954545454547
        ],
        "precision": [
            0.47113702623906706,
            0.46692991115498517,
            0.3977272727272727
        ],
        "recall": [
            0.8278688524590164,
            0.5326576576576577,
            0.03676470588235294
        ],
        "f1": [
            0.6005202526941658,
            0.4976328248290373,
            0.0673076923076923
        ]
    }
}