{
    "wml": {
        "accu": [
            0.5600142045454546
        ],
        "precision": [
            0.03676470588235294,
            0.6881443298969072,
            0.508575197889182
        ],
        "recall": [
            0.00563063063063063,
            0.8413865546218487,
            0.7899590163934426
        ],
        "f1": [
            0.009765625,
            0.7570888468809075,
            0.6187800963081862
        ]
    },
    "vpl": {
        "accu": [
            0.4453125
        ],
        "precision": [
            0.6543837357052097,
            0.2448780487804878,
            0.4860557768924303
        ],
        "recall": [
            0.5276639344262295,
            0.28265765765765766,
            0.5126050420168067
        ],
        "f1": [
            0.5842314237095859,
            0.2624150548876111,
            0.4989775051124744
        ]
    }
}