{
    "wml": {
        "accu": [
            0.4121685606060606
        ],
        "precision": [
            0.5401869158878505,
            0.0,
            0.4691437802907916
        ],
        "recall": [
            0.20942028985507247,
            0.0,
            0.9918032786885246
        ],
        "f1": [
            0.3018276762402089,
            NaN,
            0.6369817942531257
        ]
    },
    "vpl": {
        "accu": [
            0.4805871212121212
        ],
        "precision": [
            0.0,
            0.7129629629629629,
            0.45291327913279134
        ],
        "recall": [
            0.0,
            0.5021739130434782,
            0.9688405797101449
        ],
        "f1": [
            NaN,
            0.5892857142857142,
            0.6172668513388736
        ]
    }
}