{
    "wml": {
        "accu": [
            0.4446022727272727
        ],
        "precision": [
            0.4205679201841903,
            0.46916146916146917,
            0.38571428571428573
        ],
        "recall": [
            0.5956521739130435,
            0.7111344537815126,
            0.028601694915254237
        ],
        "f1": [
            0.4930274403958615,
            0.5653444676409186,
            0.05325443786982249
        ]
    },
    "vpl": {
        "accu": [
            0.4904119318181818
        ],
        "precision": [
            0.6213592233009708,
            0.6244784422809457,
            0.4251718667371761
        ],
        "recall": [
            0.13559322033898305,
            0.4880434782608696,
            0.8445378151260504
        ],
        "f1": [
            0.22260869565217392,
            0.547895057962172,
            0.5655997186071052
        ]
    }
}