{
    "wml": {
        "accu": [
            0.29853219696969696
        ],
        "precision": [
            0.31167664670658685,
            0.1825938566552901,
            0.37919463087248323
        ],
        "recall": [
            0.7543478260869565,
            0.07753623188405798,
            0.07718579234972678
        ],
        "f1": [
            0.44110169491525425,
            0.1088504577822991,
            0.1282633371169126
        ]
    },
    "vpl": {
        "accu": [
            0.4133522727272727
        ],
        "precision": [
            0.4767488879902952,
            0.3785234899328859,
            0.011494252873563218
        ],
        "recall": [
            0.805327868852459,
            0.40869565217391307,
            0.002173913043478261
        ],
        "f1": [
            0.5989331978663957,
            0.39303135888501745,
            0.0036563071297989035
        ]
    }
}