{
    "wml": {
        "accu": [
            0.34327651515151514
        ],
        "precision": [
            0.32561174551386624,
            0.3665480427046263,
            0.4525316455696203
        ],
        "recall": [
            0.7231884057971014,
            0.21638655462184875,
            0.10098870056497175
        ],
        "f1": [
            0.4490438695163104,
            0.27212681638044917,
            0.1651270207852194
        ]
    },
    "vpl": {
        "accu": [
            0.3913352272727273
        ],
        "precision": [
            0.44803695150115475,
            0.12232415902140673,
            0.29445727482678985
        ],
        "recall": [
            0.9590395480225988,
            0.028985507246376812,
            0.17857142857142858
        ],
        "f1": [
            0.6107488194288285,
            0.04686584651435267,
            0.2223190932868352
        ]
    }
}