{
    "wml": {
        "accu": [
            0.33451704545454547
        ],
        "precision": [
            0.9498327759197325,
            0.3772455089820359,
            0.1609792284866469
        ],
        "recall": [
            0.30869565217391304,
            0.4632352941176471,
            0.2298728813559322
        ],
        "f1": [
            0.46595570139458575,
            0.4158415841584158,
            0.1893542757417103
        ]
    },
    "vpl": {
        "accu": [
            0.5870028409090909
        ],
        "precision": [
            0.555,
            0.7744874715261959,
            0.2514792899408284
        ],
        "recall": [
            0.940677966101695,
            0.7391304347826086,
            0.08928571428571429
        ],
        "f1": [
            0.6981132075471699,
            0.7563959955506119,
            0.13178294573643412
        ]
    }
}