{
    "wml": {
        "accu": [
            0.3924005681818182
        ],
        "precision": [
            0.36489028213166147,
            0.4670781893004115,
            0.27710843373493976
        ],
        "recall": [
            0.6326086956521739,
            0.47689075630252103,
            0.07309322033898305
        ],
        "f1": [
            0.4628230616302187,
            0.4719334719334719,
            0.11567476948868399
        ]
    },
    "vpl": {
        "accu": [
            0.41015625
        ],
        "precision": [
            0.3619861185264282,
            0.3048780487804878,
            0.5249709639953543
        ],
        "recall": [
            0.7182203389830508,
            0.02717391304347826,
            0.47478991596638653
        ],
        "f1": [
            0.48136315228966986,
            0.0499001996007984,
            0.49862107004964146
        ]
    }
}