{
    "wml": {
        "accu": [
            0.3977272727272727
        ],
        "precision": [
            0.5216400911161732,
            0.22972972972972974,
            0.4269254093389933
        ],
        "recall": [
            0.49782608695652175,
            0.20238095238095238,
            0.4971751412429379
        ],
        "f1": [
            0.5094549499443827,
            0.2151898734177215,
            0.4593800978792822
        ]
    },
    "vpl": {
        "accu": [
            0.39417613636363635
        ],
        "precision": [
            0.37861915367483295,
            0.41727092946605143,
            0.38382352941176473
        ],
        "recall": [
            0.3601694915254237,
            0.45869565217391306,
            0.36554621848739494
        ],
        "f1": [
            0.3691639522258414,
            0.43700379703141184,
            0.3744619799139168
        ]
    }
}