{
    "wml": {
        "accu": [
            0.24609375
        ],
        "precision": [
            0.050997782705099776,
            0.09510869565217392,
            0.3179769654481723
        ],
        "recall": [
            0.0259009009009009,
            0.03676470588235294,
            0.6506147540983607
        ],
        "f1": [
            0.03435399551904406,
            0.05303030303030303,
            0.42717793474604776
        ]
    },
    "vpl": {
        "accu": [
            0.37535511363636365
        ],
        "precision": [
            0.3689469638739431,
            0.9886363636363636,
            0.07936507936507936
        ],
        "recall": [
            0.9836065573770492,
            0.09797297297297297,
            0.01050420168067227
        ],
        "f1": [
            0.5366126327557295,
            0.17827868852459017,
            0.01855287569573284
        ]
    }
}