{
    "wml": {
        "accu": [
            0.33061079545454547
        ],
        "precision": [
            0.2533783783783784,
            0.36146341463414633,
            0.24468085106382978
        ],
        "recall": [
            0.08152173913043478,
            0.8054347826086956,
            0.11782786885245902
        ],
        "f1": [
            0.12335526315789473,
            0.49898989898989904,
            0.1590594744121715
        ]
    },
    "vpl": {
        "accu": [
            0.24964488636363635
        ],
        "precision": [
            0.3603876438522108,
            0.021834061135371178,
            0.3534136546184739
        ],
        "recall": [
            0.6096311475409836,
            0.021739130434782608,
            0.09565217391304348
        ],
        "f1": [
            0.4529881994670727,
            0.02178649237472767,
            0.15055603079555174
        ]
    }
}