{
    "wml": {
        "accu": [
            0.48686079545454547
        ],
        "precision": [
            0.5776014109347443,
            0.3314285714285714,
            0.49287169042769857
        ],
        "recall": [
            0.7119565217391305,
            0.25217391304347825,
            0.4959016393442623
        ],
        "f1": [
            0.6377799415774099,
            0.28641975308641976,
            0.4943820224719101
        ]
    },
    "vpl": {
        "accu": [
            0.5809659090909091
        ],
        "precision": [
            0.6875,
            0.6065359477124183,
            0.4402907580477674
        ],
        "recall": [
            0.7663934426229508,
            0.5043478260869565,
            0.4608695652173913
        ],
        "f1": [
            0.7248062015503876,
            0.5507418397626113,
            0.45034519383961763
        ]
    }
}