{
    "wml": {
        "accu": [
            0.5362215909090909
        ],
        "precision": [
            1.0,
            0.4933510638297872,
            0.4785794813979707
        ],
        "recall": [
            0.32657657657657657,
            0.3897058823529412,
            0.8698770491803278
        ],
        "f1": [
            0.49235993208828527,
            0.4354460093896713,
            0.6174545454545454
        ]
    },
    "vpl": {
        "accu": [
            0.26811079545454547
        ],
        "precision": [
            0.3380855397148676,
            0.25626423690205014,
            0.20711297071129708
        ],
        "recall": [
            0.3401639344262295,
            0.2533783783783784,
            0.20798319327731093
        ],
        "f1": [
            0.3391215526046986,
            0.2548131370328426,
            0.20754716981132076
        ]
    }
}