{
    "wml": {
        "accu": [
            0.4073153409090909
        ],
        "precision": [
            0.7106227106227107,
            0.3745082612116444,
            1.0
        ],
        "recall": [
            0.21846846846846846,
            1.0,
            0.0010245901639344263
        ],
        "f1": [
            0.3341946597760551,
            0.5449341728677733,
            0.0020470829068577278
        ]
    },
    "vpl": {
        "accu": [
            0.2883522727272727
        ],
        "precision": [
            0.3864168618266979,
            0.2797233030696066,
            0.0
        ],
        "recall": [
            0.16905737704918034,
            0.7286036036036037,
            0.0
        ],
        "f1": [
            0.23521026372059872,
            0.40424867228990946,
            NaN
        ]
    }
}