{
    "wml": {
        "accu": [
            0.6129261363636364
        ],
        "precision": [
            0.6765734265734266,
            0.4922879177377892,
            0.6521145975443383
        ],
        "recall": [
            0.4358108108108108,
            0.4023109243697479,
            0.9795081967213115
        ],
        "f1": [
            0.5301369863013699,
            0.44277456647398844,
            0.782964782964783
        ]
    },
    "vpl": {
        "accu": [
            0.2634943181818182
        ],
        "precision": [
            0.23506493506493506,
            0.12892741061755147,
            0.3935886019590383
        ],
        "recall": [
            0.18545081967213115,
            0.134009009009009,
            0.4642857142857143
        ],
        "f1": [
            0.2073310423825888,
            0.13141910546659308,
            0.4260240963855421
        ]
    }
}