{
    "wml": {
        "accu": [
            0.5308948863636364
        ],
        "precision": [
            0.40649428743235116,
            0.501002004008016,
            0.8700305810397554
        ],
        "recall": [
            0.7612612612612613,
            0.26260504201680673,
            0.5829918032786885
        ],
        "f1": [
            0.5299882399059193,
            0.34458993797381116,
            0.698159509202454
        ]
    },
    "vpl": {
        "accu": [
            0.36754261363636365
        ],
        "precision": [
            0.44,
            0.4318181818181818,
            0.3216824644549763
        ],
        "recall": [
            0.27049180327868855,
            0.25675675675675674,
            0.5703781512605042
        ],
        "f1": [
            0.3350253807106599,
            0.3220338983050847,
            0.4113636363636363
        ]
    }
}