{
    "wml": {
        "accu": [
            0.5110085227272727
        ],
        "precision": [
            0.5151515151515151,
            0.47737068965517243,
            0.5412026726057907
        ],
        "recall": [
            0.5743243243243243,
            0.4653361344537815,
            0.4979508196721312
        ],
        "f1": [
            0.5431309904153354,
            0.47127659574468084,
            0.5186766275346852
        ]
    },
    "vpl": {
        "accu": [
            0.16548295454545456
        ],
        "precision": [
            0.06956521739130435,
            0.025,
            0.21605603448275862
        ],
        "recall": [
            0.06557377049180328,
            0.0011261261261261261,
            0.421218487394958
        ],
        "f1": [
            0.06751054852320676,
            0.0021551724137931034,
            0.28561253561253563
        ]
    }
}