{
    "wml": {
        "accu": [
            0.41015625
        ],
        "precision": [
            0.29620034542314333,
            0.42893725992317544,
            0.5438996579247435
        ],
        "recall": [
            0.37282608695652175,
            0.3641304347826087,
            0.4887295081967213
        ],
        "f1": [
            0.3301251203079884,
            0.39388594944150496,
            0.514840798704803
        ]
    },
    "vpl": {
        "accu": [
            0.5916193181818182
        ],
        "precision": [
            0.5202558635394456,
            0.7328042328042328,
            0.7391304347826086
        ],
        "recall": [
            1.0,
            0.6021739130434782,
            0.14782608695652175
        ],
        "f1": [
            0.6844319775596073,
            0.6610978520286396,
            0.24637681159420288
        ]
    }
}