{
    "wml": {
        "accu": [
            0.37926136363636365
        ],
        "precision": [
            0.46919014084507044,
            0.42201834862385323,
            0.20668316831683167
        ],
        "recall": [
            0.6002252252252253,
            0.3865546218487395,
            0.1711065573770492
        ],
        "f1": [
            0.5266798418972333,
            0.40350877192982454,
            0.18721973094170402
        ]
    },
    "vpl": {
        "accu": [
            0.41264204545454547
        ],
        "precision": [
            0.4179206566347469,
            0.413265306122449,
            0.3651685393258427
        ],
        "recall": [
            0.6260245901639344,
            0.5472972972972973,
            0.06827731092436974
        ],
        "f1": [
            0.5012305168170632,
            0.4709302325581395,
            0.11504424778761062
        ]
    }
}