{
    "wml": {
        "accu": [
            0.37452651515151514
        ],
        "precision": [
            0.5119363395225465,
            0.21596638655462186,
            0.3920126116657909
        ],
        "recall": [
            0.41956521739130437,
            0.186231884057971,
            0.5095628415300546
        ],
        "f1": [
            0.4611708482676225,
            0.20000000000000004,
            0.4431244431244431
        ]
    },
    "vpl": {
        "accu": [
            0.49384469696969696
        ],
        "precision": [
            0.4579863739591219,
            0.9937106918238994,
            0.3745037494486105
        ],
        "recall": [
            0.41325136612021857,
            0.4579710144927536,
            0.6152173913043478
        ],
        "f1": [
            0.43447037701974867,
            0.626984126984127,
            0.4655881546476556
        ]
    }
}