{
    "wml": {
        "accu": [
            0.5475852272727273
        ],
        "precision": [
            0.5373737373737374,
            0.4065155807365439,
            0.7722772277227723
        ],
        "recall": [
            0.29954954954954954,
            0.6029411764705882,
            0.7192622950819673
        ],
        "f1": [
            0.38467100506146057,
            0.48561759729272413,
            0.7448275862068967
        ]
    },
    "vpl": {
        "accu": [
            0.40234375
        ],
        "precision": [
            0.4356807511737089,
            0.31218274111675126,
            0.2808219178082192
        ],
        "recall": [
            0.9508196721311475,
            0.13851351351351351,
            0.0861344537815126
        ],
        "f1": [
            0.5975531229877656,
            0.1918876755070203,
            0.13183279742765272
        ]
    }
}