{
    "wml": {
        "accu": [
            0.4069602272727273
        ],
        "precision": [
            0.32849364791288566,
            0.4353448275862069,
            0.4195961106955871
        ],
        "recall": [
            0.1967391304347826,
            0.42436974789915966,
            0.5942796610169492
        ],
        "f1": [
            0.24609109449354183,
            0.4297872340425532,
            0.4918895221394126
        ]
    },
    "vpl": {
        "accu": [
            0.4318181818181818
        ],
        "precision": [
            0.38496071829405165,
            0.44935972060535506,
            0.8228571428571428
        ],
        "recall": [
            0.7266949152542372,
            0.41956521739130437,
            0.15126050420168066
        ],
        "f1": [
            0.5033015407190022,
            0.43395165823496346,
            0.25554569653948533
        ]
    }
}