{
    "wml": {
        "accu": [
            0.3650568181818182
        ],
        "precision": [
            0.5779816513761468,
            0.30110352075669994,
            0.09333333333333334
        ],
        "recall": [
            0.47934782608695653,
            0.601890756302521,
            0.014830508474576272
        ],
        "f1": [
            0.5240641711229947,
            0.401401050788091,
            0.025594149908592323
        ]
    },
    "vpl": {
        "accu": [
            0.4971590909090909
        ],
        "precision": [
            0.2,
            0.9318181818181818,
            0.398152221733392
        ],
        "recall": [
            0.0031779661016949155,
            0.5347826086956522,
            0.9506302521008403
        ],
        "f1": [
            0.006256517205422315,
            0.6795580110497237,
            0.5612403100775194
        ]
    }
}