{
    "wml": {
        "accu": [
            0.546875
        ],
        "precision": [
            0.7283298097251586,
            0.20238095238095238,
            0.4669652855543113
        ],
        "recall": [
            0.7759009009009009,
            0.017857142857142856,
            0.8545081967213115
        ],
        "f1": [
            0.7513631406761178,
            0.032818532818532815,
            0.6039102099927589
        ]
    },
    "vpl": {
        "accu": [
            0.390625
        ],
        "precision": [
            0.5531011045029737,
            0.028089887640449437,
            0.3421667965705378
        ],
        "recall": [
            0.6670081967213115,
            0.01126126126126126,
            0.46113445378151263
        ],
        "f1": [
            0.60473757547608,
            0.01607717041800643,
            0.39284116331096197
        ]
    }
}