{
    "wml": {
        "accu": [
            0.3884943181818182
        ],
        "precision": [
            0.36699365262550493,
            0.13221153846153846,
            0.6041979010494752
        ],
        "recall": [
            0.7162162162162162,
            0.05777310924369748,
            0.41290983606557374
        ],
        "f1": [
            0.48531095001907676,
            0.08040935672514621,
            0.490566037735849
        ]
    },
    "vpl": {
        "accu": [
            0.3600852272727273
        ],
        "precision": [
            0.24855072463768116,
            0.41909090909090907,
            0.625
        ],
        "recall": [
            0.3514344262295082,
            0.5191441441441441,
            0.22058823529411764
        ],
        "f1": [
            0.29117147707979624,
            0.46378269617706236,
            0.32608695652173914
        ]
    }
}