{
    "wml": {
        "accu": [
            0.3927556818181818
        ],
        "precision": [
            0.3968066232998226,
            0.0,
            0.3958143767060964
        ],
        "recall": [
            0.7293478260869565,
            0.0,
            0.4608050847457627
        ],
        "f1": [
            0.5139793182688626,
            NaN,
            0.42584434654919234
        ]
    },
    "vpl": {
        "accu": [
            0.36860795454545453
        ],
        "precision": [
            0.360015467904099,
            0.7368421052631579,
            0.4114583333333333
        ],
        "recall": [
            0.986228813559322,
            0.030434782608695653,
            0.08298319327731092
        ],
        "f1": [
            0.5274787535410765,
            0.05845511482254697,
            0.1381118881118881
        ]
    }
}