{
    "wml": {
        "accu": [
            0.29332386363636365
        ],
        "precision": [
            0.19166666666666668,
            0.29097222222222224,
            0.6756756756756757
        ],
        "recall": [
            0.23310810810810811,
            0.44012605042016806,
            0.20491803278688525
        ],
        "f1": [
            0.2103658536585366,
            0.35033444816053516,
            0.3144654088050315
        ]
    },
    "vpl": {
        "accu": [
            0.42720170454545453
        ],
        "precision": [
            0.6005089058524173,
            0.35495716034271724,
            0.25
        ],
        "recall": [
            0.7254098360655737,
            0.32657657657657657,
            0.21533613445378152
        ],
        "f1": [
            0.65707656612529,
            0.3401759530791789,
            0.23137697516930023
        ]
    }
}