{
    "wml": {
        "accu": [
            0.3068181818181818
        ],
        "precision": [
            0.1805094130675526,
            0.5175644028103045,
            0.32301480484522205
        ],
        "recall": [
            0.17717391304347826,
            0.23214285714285715,
            0.5084745762711864
        ],
        "f1": [
            0.17882611080636313,
            0.3205221174764322,
            0.3950617283950617
        ]
    },
    "vpl": {
        "accu": [
            0.4786931818181818
        ],
        "precision": [
            0.43870014771048743,
            0.48334833483348333,
            0.6182336182336182
        ],
        "recall": [
            0.6292372881355932,
            0.5836956521739131,
            0.22794117647058823
        ],
        "f1": [
            0.5169712793733681,
            0.5288035450516986,
            0.33307751343054487
        ]
    }
}