{
    "wml": {
        "accu": [
            0.2755681818181818
        ],
        "precision": [
            0.2708333333333333,
            0.0916030534351145,
            0.31133113311331134
        ],
        "recall": [
            0.5416666666666666,
            0.012605042016806723,
            0.2899590163934426
        ],
        "f1": [
            0.36111111111111105,
            0.022160664819944602,
            0.3002652519893899
        ]
    },
    "vpl": {
        "accu": [
            0.3781960227272727
        ],
        "precision": [
            0.19595959595959597,
            0.3609022556390977,
            0.47686832740213525
        ],
        "recall": [
            0.09938524590163934,
            0.4864864864864865,
            0.5630252100840336
        ],
        "f1": [
            0.1318830727396329,
            0.4143884892086331,
            0.5163776493256262
        ]
    }
}