{
    "wml": {
        "accu": [
            0.37926136363636365
        ],
        "precision": [
            0.31100141043723556,
            0.532555879494655,
            0.2140921409214092
        ],
        "recall": [
            0.4966216216216216,
            0.5756302521008403,
            0.08094262295081968
        ],
        "f1": [
            0.3824804856895057,
            0.5532559313478042,
            0.11747211895910781
        ]
    },
    "vpl": {
        "accu": [
            0.4602272727272727
        ],
        "precision": [
            0.49295774647887325,
            0.44813278008298757,
            0.39125
        ],
        "recall": [
            0.8965163934426229,
            0.12162162162162163,
            0.328781512605042
        ],
        "f1": [
            0.6361323155216285,
            0.1913197519929141,
            0.35730593607305927
        ]
    }
}