{
    "wml": {
        "accu": [
            0.2556818181818182
        ],
        "precision": [
            0.0,
            0.013192612137203167,
            0.3025814642403724
        ],
        "recall": [
            0.0,
            0.005252100840336135,
            0.7325819672131147
        ],
        "f1": [
            NaN,
            0.007513148009015778,
            0.42827193770589994
        ]
    },
    "vpl": {
        "accu": [
            0.43785511363636365
        ],
        "precision": [
            0.30303030303030304,
            0.6828358208955224,
            0.5075493612078978
        ],
        "recall": [
            0.4405737704918033,
            0.41216216216216217,
            0.45903361344537813
        ],
        "f1": [
            0.35908141962421714,
            0.5140449438202247,
            0.4820739106453392
        ]
    }
}