{
    "wml": {
        "accu": [
            0.11825284090909091
        ],
        "precision": [
            0.2524886877828054,
            0.022641509433962263,
            0.039301310043668124
        ],
        "recall": [
            0.3032608695652174,
            0.018907563025210083,
            0.038135593220338986
        ],
        "f1": [
            0.2755555555555555,
            0.0206067544361763,
            0.03870967741935484
        ]
    },
    "vpl": {
        "accu": [
            0.48401988636363635
        ],
        "precision": [
            0.0,
            0.9332129963898917,
            0.4565569347004857
        ],
        "recall": [
            0.0,
            0.5619565217391305,
            0.8886554621848739
        ],
        "f1": [
            NaN,
            0.7014925373134329,
            0.6032085561497327
        ]
    }
}