{
    "wml": {
        "accu": [
            0.4403409090909091
        ],
        "precision": [
            0.358974358974359,
            0.4483294483294483,
            0.5805825242718446
        ],
        "recall": [
            0.4099099099099099,
            0.6060924369747899,
            0.30635245901639346
        ],
        "f1": [
            0.3827549947423764,
            0.5154086645824028,
            0.40107310529845747
        ]
    },
    "vpl": {
        "accu": [
            0.3664772727272727
        ],
        "precision": [
            0.44571428571428573,
            0.4838709677419355,
            0.3289138194798572
        ],
        "recall": [
            0.319672131147541,
            0.08445945945945946,
            0.6775210084033614
        ],
        "f1": [
            0.3723150357995227,
            0.14381591562799617,
            0.4428424304840371
        ]
    }
}