{
    "wml": {
        "accu": [
            0.5493607954545454
        ],
        "precision": [
            0.8240740740740741,
            0.428656009473061,
            0.5390835579514824
        ],
        "recall": [
            0.6771739130434783,
            0.7605042016806722,
            0.211864406779661
        ],
        "f1": [
            0.743436754176611,
            0.5482771677394926,
            0.3041825095057034
        ]
    },
    "vpl": {
        "accu": [
            0.41938920454545453
        ],
        "precision": [
            0.6528925619834711,
            0.342964151952916,
            0.2986425339366516
        ],
        "recall": [
            0.5021186440677966,
            0.6967391304347826,
            0.06932773109243698
        ],
        "f1": [
            0.5676646706586826,
            0.45966296163499465,
            0.11253196930946291
        ]
    }
}