{
    "wml": {
        "accu": [
            0.5520833333333334
        ],
        "precision": [
            0.6565579984836998,
            0.022058823529411766,
            0.5545005696923662
        ],
        "recall": [
            0.6275362318840579,
            0.004347826086956522,
            0.9972677595628415
        ],
        "f1": [
            0.6417191552426824,
            0.007263922518159807,
            0.7127166219184771
        ]
    },
    "vpl": {
        "accu": [
            0.3162878787878788
        ],
        "precision": [
            0.37688641779189835,
            0.42474916387959866,
            0.12003610108303249
        ],
        "recall": [
            0.648224043715847,
            0.18405797101449275,
            0.0963768115942029
        ],
        "f1": [
            0.4766449020592667,
            0.25682507583417596,
            0.10691318327974277
        ]
    }
}