{
    "wml": {
        "accu": [
            0.3203125
        ],
        "precision": [
            0.2840531561461794,
            0.35960912052117266,
            0.1038961038961039
        ],
        "recall": [
            0.38513513513513514,
            0.5798319327731093,
            0.00819672131147541
        ],
        "f1": [
            0.32695984703632885,
            0.44390832328106156,
            0.01519468186134853
        ]
    },
    "vpl": {
        "accu": [
            0.53125
        ],
        "precision": [
            0.8574468085106383,
            0.46195326542840026,
            0.4756277695716396
        ],
        "recall": [
            0.41290983606557374,
            0.8682432432432432,
            0.3382352941176471
        ],
        "f1": [
            0.5573997233748271,
            0.6030504497457959,
            0.3953345610804174
        ]
    }
}