{
    "wml": {
        "accu": [
            0.3039772727272727
        ],
        "precision": [
            0.23502604166666666,
            0.3474503025064823,
            0.7560975609756098
        ],
        "recall": [
            0.40653153153153154,
            0.4222689075630252,
            0.09528688524590163
        ],
        "f1": [
            0.2978547854785479,
            0.3812233285917497,
            0.1692447679708826
        ]
    },
    "vpl": {
        "accu": [
            0.4627130681818182
        ],
        "precision": [
            0.5579399141630901,
            0.40151994933502216,
            0.2638888888888889
        ],
        "recall": [
            0.6659836065573771,
            0.713963963963964,
            0.01995798319327731
        ],
        "f1": [
            0.6071929005137785,
            0.5139845966761248,
            0.037109375
        ]
    }
}