{
    "wml": {
        "accu": [
            0.4502840909090909
        ],
        "precision": [
            0.48312611012433393,
            0.28752642706131076,
            0.48314606741573035
        ],
        "recall": [
            0.2956521739130435,
            0.14285714285714285,
            0.9110169491525424
        ],
        "f1": [
            0.3668240053944707,
            0.19087719298245612,
            0.631424375917768
        ]
    },
    "vpl": {
        "accu": [
            0.4904119318181818
        ],
        "precision": [
            0.6072727272727273,
            0.4270976616231087,
            0.3511450381679389
        ],
        "recall": [
            0.7076271186440678,
            0.675,
            0.09663865546218488
        ],
        "f1": [
            0.6536203522504892,
            0.523167649536647,
            0.15156507413509063
        ]
    }
}