{
    "wml": {
        "accu": [
            0.3572443181818182
        ],
        "precision": [
            0.07808564231738035,
            0.24666666666666667,
            0.4133979726751873
        ],
        "recall": [
            0.03490990990990991,
            0.038865546218487396,
            0.9610655737704918
        ],
        "f1": [
            0.04824902723735408,
            0.06715063520871144,
            0.5781201848998458
        ]
    },
    "vpl": {
        "accu": [
            0.39311079545454547
        ],
        "precision": [
            0.17938931297709923,
            0.5743362831858407,
            0.288623595505618
        ],
        "recall": [
            0.04815573770491803,
            0.7308558558558559,
            0.4317226890756303
        ],
        "f1": [
            0.07592891760904685,
            0.643211100099108,
            0.34595959595959597
        ]
    }
}