{
    "wml": {
        "accu": [
            0.3718039772727273
        ],
        "precision": [
            1.0,
            0.3754586220953934,
            0.028688524590163935
        ],
        "recall": [
            0.134009009009009,
            0.967436974789916,
            0.007172131147540984
        ],
        "f1": [
            0.23634558093346575,
            0.5409691629955947,
            0.011475409836065575
        ]
    },
    "vpl": {
        "accu": [
            0.5948153409090909
        ],
        "precision": [
            0.5093214019388516,
            0.8298653610771114,
            0.47720364741641336
        ],
        "recall": [
            0.6997950819672131,
            0.7635135135135135,
            0.32983193277310924
        ],
        "f1": [
            0.5895554596460941,
            0.795307917888563,
            0.39006211180124223
        ]
    }
}