{
    "wml": {
        "accu": [
            0.43394886363636365
        ],
        "precision": [
            0.914004914004914,
            0.4136490250696379,
            0.3270254287403903
        ],
        "recall": [
            0.4043478260869565,
            0.3119747899159664,
            0.5858050847457628
        ],
        "f1": [
            0.5606631499623211,
            0.35568862275449104,
            0.41973434535104365
        ]
    },
    "vpl": {
        "accu": [
            0.5944602272727273
        ],
        "precision": [
            0.529608938547486,
            0.8329741379310345,
            0.4300100704934542
        ],
        "recall": [
            0.5021186440677966,
            0.8402173913043478,
            0.4485294117647059
        ],
        "f1": [
            0.5154975530179444,
            0.8365800865800866,
            0.43907455012853475
        ]
    }
}