{
    "wml": {
        "accu": [
            0.4872159090909091
        ],
        "precision": [
            0.6323268206039077,
            0.5983213429256595,
            0.3643410852713178
        ],
        "recall": [
            0.3869565217391304,
            0.5241596638655462,
            0.5476694915254238
        ],
        "f1": [
            0.4801078894133513,
            0.5587905935050391,
            0.43757934828607703
        ]
    },
    "vpl": {
        "accu": [
            0.45738636363636365
        ],
        "precision": [
            0.6396724294813467,
            0.34102026554856746,
            0.33916083916083917
        ],
        "recall": [
            0.7447033898305084,
            0.5304347826086957,
            0.10189075630252101
        ],
        "f1": [
            0.688203622124327,
            0.41514249255635904,
            0.1567043618739903
        ]
    }
}