{
    "wml": {
        "accu": [
            0.5421401515151515
        ],
        "precision": [
            0.7658349328214972,
            0.7678018575851393,
            0.43511717383700593
        ],
        "recall": [
            0.5782608695652174,
            0.17971014492753623,
            0.8497267759562842
        ],
        "f1": [
            0.6589595375722543,
            0.2912507339988256,
            0.5755262549155679
        ]
    },
    "vpl": {
        "accu": [
            0.20738636363636365
        ],
        "precision": [
            0.18372280419016923,
            0.2392228293867638,
            0.19011976047904192
        ],
        "recall": [
            0.1557377049180328,
            0.2855072463768116,
            0.18405797101449275
        ],
        "f1": [
            0.16857670979667283,
            0.26032375289065085,
            0.187039764359352
        ]
    }
}