{
    "wml": {
        "accu": [
            0.28551136363636365
        ],
        "precision": [
            0.0,
            0.33460076045627374,
            0.2989561586638831
        ],
        "recall": [
            0.0,
            0.09243697478991597,
            0.7584745762711864
        ],
        "f1": [
            NaN,
            0.1448559670781893,
            0.42887091943695715
        ]
    },
    "vpl": {
        "accu": [
            0.43501420454545453
        ],
        "precision": [
            0.379746835443038,
            0.4176923076923077,
            0.4817658349328215
        ],
        "recall": [
            0.1906779661016949,
            0.5902173913043478,
            0.5273109243697479
        ],
        "f1": [
            0.2538787023977433,
            0.48918918918918924,
            0.5035105315947844
        ]
    }
}