{
    "wml": {
        "accu": [
            0.5358664772727273
        ],
        "precision": [
            0.5329411764705883,
            0.43874643874643876,
            0.6506024096385542
        ],
        "recall": [
            0.5101351351351351,
            0.4852941176470588,
            0.6086065573770492
        ],
        "f1": [
            0.5212888377445339,
            0.46084788029925183,
            0.6289041821069349
        ]
    },
    "vpl": {
        "accu": [
            0.6242897727272727
        ],
        "precision": [
            0.694473409801877,
            0.7006079027355623,
            0.5262718932443703
        ],
        "recall": [
            0.6823770491803278,
            0.5191441441441441,
            0.6628151260504201
        ],
        "f1": [
            0.6883720930232559,
            0.5963777490297542,
            0.5867038586703859
        ]
    }
}