{
    "wml": {
        "accu": [
            0.25355113636363635
        ],
        "precision": [
            0.4588235294117647,
            0.30005425935973956,
            0.20862369337979095
        ],
        "recall": [
            0.02826086956521739,
            0.3872549019607843,
            0.3382768361581921
        ],
        "f1": [
            0.05324232081911263,
            0.3381228981962702,
            0.2580818965517241
        ]
    },
    "vpl": {
        "accu": [
            0.43584280303030304
        ],
        "precision": [
            0.44435674822415155,
            0.541970802919708,
            0.2947448591012947
        ],
        "recall": [
            0.3975988700564972,
            0.6456521739130435,
            0.2710084033613445
        ],
        "f1": [
            0.41967946328736494,
            0.5892857142857143,
            0.28237869390733306
        ]
    }
}