{
    "wml": {
        "accu": [
            0.43607954545454547
        ],
        "precision": [
            0.808,
            0.14947368421052631,
            0.40901683867463334
        ],
        "recall": [
            0.45495495495495497,
            0.07457983193277311,
            0.7715163934426229
        ],
        "f1": [
            0.5821325648414986,
            0.09950946040644709,
            0.5346112886048989
        ]
    },
    "vpl": {
        "accu": [
            0.42720170454545453
        ],
        "precision": [
            0.4593724859211585,
            0.4732824427480916,
            0.3018292682926829
        ],
        "recall": [
            0.5850409836065574,
            0.48873873873873874,
            0.20798319327731093
        ],
        "f1": [
            0.5146462370437135,
            0.4808864265927978,
            0.2462686567164179
        ]
    }
}