{
    "wml": {
        "accu": [
            0.4772727272727273
        ],
        "precision": [
            0.7752941176470588,
            0.4107142857142857,
            0.0
        ],
        "recall": [
            0.47753623188405797,
            0.9833333333333333,
            0.0
        ],
        "f1": [
            0.5910313901345291,
            0.5794192997438087,
            NaN
        ]
    },
    "vpl": {
        "accu": [
            0.5958806818181818
        ],
        "precision": [
            0.5101957585644372,
            0.8709209572153734,
            0.16539440203562342
        ],
        "recall": [
            0.8545081967213115,
            0.8702898550724638,
            0.04710144927536232
        ],
        "f1": [
            0.6389172625127681,
            0.8706052917723813,
            0.07332205301748448
        ]
    }
}