{
    "wml": {
        "accu": [
            0.36186079545454547
        ],
        "precision": [
            0.7735849056603774,
            0.2985457656116339,
            0.33646888567293776
        ],
        "recall": [
            0.22282608695652173,
            0.3793478260869565,
            0.4764344262295082
        ],
        "f1": [
            0.3459915611814346,
            0.33413116323599806,
            0.39440203562340964
        ]
    },
    "vpl": {
        "accu": [
            0.2702414772727273
        ],
        "precision": [
            0.19887955182072828,
            0.15254237288135594,
            0.41018998272884283
        ],
        "recall": [
            0.14549180327868852,
            0.1565217391304348,
            0.5163043478260869
        ],
        "f1": [
            0.1680473372781065,
            0.15450643776824036,
            0.45717035611164575
        ]
    }
}