{
    "wml": {
        "accu": [
            0.3387784090909091
        ],
        "precision": [
            0.3815165876777251,
            0.13595166163141995,
            0.42905405405405406
        ],
        "recall": [
            0.543918918918919,
            0.09453781512605042,
            0.39036885245901637
        ],
        "f1": [
            0.44846796657381616,
            0.11152416356877323,
            0.40879828326180256
        ]
    },
    "vpl": {
        "accu": [
            0.18288352272727273
        ],
        "precision": [
            0.014435695538057743,
            0.220703125,
            0.26990291262135924
        ],
        "recall": [
            0.011270491803278689,
            0.2545045045045045,
            0.2920168067226891
        ],
        "f1": [
            0.012658227848101266,
            0.23640167364016737,
            0.2805247225025227
        ]
    }
}