{
    "wml": {
        "accu": [
            0.4520596590909091
        ],
        "precision": [
            0.06976744186046512,
            0.5492772667542707,
            0.44768985661178967
        ],
        "recall": [
            0.013043478260869565,
            0.43907563025210083,
            0.8930084745762712
        ],
        "f1": [
            0.02197802197802198,
            0.48803269118505543,
            0.5963919349133356
        ]
    },
    "vpl": {
        "accu": [
            0.6534090909090909
        ],
        "precision": [
            0.7292250233426704,
            0.6592844974446337,
            0.5803108808290155
        ],
        "recall": [
            0.8273305084745762,
            0.4206521739130435,
            0.7058823529411765
        ],
        "f1": [
            0.7751861042183622,
            0.5136031851360319,
            0.6369668246445497
        ]
    }
}