{
    "wml": {
        "accu": [
            0.30220170454545453
        ],
        "precision": [
            0.29101019462465244,
            0.1637239165329053,
            0.3904847396768402
        ],
        "recall": [
            0.3536036036036036,
            0.10714285714285714,
            0.4456967213114754
        ],
        "f1": [
            0.31926792069140825,
            0.1295238095238095,
            0.41626794258373206
        ]
    },
    "vpl": {
        "accu": [
            0.3796164772727273
        ],
        "precision": [
            0.6249110320284698,
            0.2237163814180929,
            0.013490725126475547
        ],
        "recall": [
            0.8995901639344263,
            0.20608108108108109,
            0.008403361344537815
        ],
        "f1": [
            0.7375052498950021,
            0.21453692848769051,
            0.010355987055016181
        ]
    }
}