{
    "wml": {
        "accu": [
            0.26988636363636365
        ],
        "precision": [
            0.43159203980099503,
            0.22654964344487108,
            0.0
        ],
        "recall": [
            0.39076576576576577,
            0.4338235294117647,
            0.0
        ],
        "f1": [
            0.4101654846335697,
            0.29765765765765767,
            NaN
        ]
    },
    "vpl": {
        "accu": [
            0.6452414772727273
        ],
        "precision": [
            0.6252900232018561,
            0.6387434554973822,
            0.6686686686686687
        ],
        "recall": [
            0.5522540983606558,
            0.6869369369369369,
            0.7016806722689075
        ],
        "f1": [
            0.586507072905332,
            0.6619641888225719,
            0.6847770374167094
        ]
    }
}