{
    "wml": {
        "accu": [
            0.3984375
        ],
        "precision": [
            0.39189994044073856,
            0.5317139001349528,
            0.17676767676767677
        ],
        "recall": [
            0.740990990990991,
            0.41386554621848737,
            0.07172131147540983
        ],
        "f1": [
            0.5126606934164395,
            0.4654459539279386,
            0.10204081632653061
        ]
    },
    "vpl": {
        "accu": [
            0.2958096590909091
        ],
        "precision": [
            0.313953488372093,
            0.35749751737835156,
            0.2588508415554266
        ],
        "recall": [
            0.027663934426229508,
            0.40540540540540543,
            0.4684873949579832
        ],
        "f1": [
            0.05084745762711865,
            0.3799472295514512,
            0.33345794392523365
        ]
    }
}