{
    "wml": {
        "accu": [
            0.5131392045454546
        ],
        "precision": [
            0.602112676056338,
            0.39344262295081966,
            0.6441102756892231
        ],
        "recall": [
            0.7434782608695653,
            0.5294117647058824,
            0.2722457627118644
        ],
        "f1": [
            0.6653696498054475,
            0.45141065830721006,
            0.3827252419955324
        ]
    },
    "vpl": {
        "accu": [
            0.5067471590909091
        ],
        "precision": [
            0.5039281705948373,
            0.6348773841961853,
            0.42989084802686817
        ],
        "recall": [
            0.475635593220339,
            0.5065217391304347,
            0.5378151260504201
        ],
        "f1": [
            0.4893732970027248,
            0.5634824667472793,
            0.4778348110125991
        ]
    }
}