{
    "wml": {
        "accu": [
            0.32776988636363635
        ],
        "precision": [
            0.14893617021276595,
            0.3641826923076923,
            0.32063492063492066
        ],
        "recall": [
            0.015217391304347827,
            0.3182773109243697,
            0.6419491525423728
        ],
        "f1": [
            0.027613412228796846,
            0.3396860986547085,
            0.42766407904022585
        ]
    },
    "vpl": {
        "accu": [
            0.46235795454545453
        ],
        "precision": [
            0.5088652482269503,
            0.4407146724417975,
            0.4962962962962963
        ],
        "recall": [
            0.3040254237288136,
            0.8847826086956522,
            0.2111344537815126
        ],
        "f1": [
            0.38063660477453587,
            0.5883628478496568,
            0.29624170965364777
        ]
    }
}