{
    "wml": {
        "accu": [
            0.4637784090909091
        ],
        "precision": [
            0.5034802784222738,
            0.2697495183044316,
            0.6005939123979213
        ],
        "recall": [
            0.24436936936936937,
            0.29411764705882354,
            0.8288934426229508
        ],
        "f1": [
            0.3290371493555724,
            0.28140703517587934,
            0.6965131295738268
        ]
    },
    "vpl": {
        "accu": [
            0.35582386363636365
        ],
        "precision": [
            0.5,
            0.3684210526315789,
            0.03782894736842105
        ],
        "recall": [
            0.6444672131147541,
            0.39414414414414417,
            0.02415966386554622
        ],
        "f1": [
            0.5631154879140555,
            0.3808487486398259,
            0.029487179487179487
        ]
    }
}