{
    "wml": {
        "accu": [
            0.3117897727272727
        ],
        "precision": [
            0.48828125,
            0.21225937183383992,
            0.37284234752589185
        ],
        "recall": [
            0.18115942028985507,
            0.3036231884057971,
            0.4426229508196721
        ],
        "f1": [
            0.2642706131078224,
            0.24985092426952893,
            0.4047470331043098
        ]
    },
    "vpl": {
        "accu": [
            0.3645833333333333
        ],
        "precision": [
            0.5294117647058824,
            0.21367521367521367,
            0.16272401433691755
        ],
        "recall": [
            0.8114754098360656,
            0.09057971014492754,
            0.1644927536231884
        ],
        "f1": [
            0.6407766990291263,
            0.1272264631043257,
            0.1636036036036036
        ]
    }
}