{
    "wml": {
        "accu": [
            0.34126420454545453
        ],
        "precision": [
            0.44759825327510916,
            0.10854092526690391,
            0.3662182361733931
        ],
        "recall": [
            0.44565217391304346,
            0.06407563025210083,
            0.5190677966101694
        ],
        "f1": [
            0.44662309368191716,
            0.08058124174372523,
            0.4294478527607362
        ]
    },
    "vpl": {
        "accu": [
            0.3249289772727273
        ],
        "precision": [
            0.6953748006379585,
            0.12523900573613767,
            0.30446194225721784
        ],
        "recall": [
            0.461864406779661,
            0.1423913043478261,
            0.36554621848739494
        ],
        "f1": [
            0.5550604710375556,
            0.13326551373346898,
            0.3322195704057279
        ]
    }
}