{
    "wml": {
        "accu": [
            0.3572443181818182
        ],
        "precision": [
            0.37883242335153294,
            0.4552,
            0.06408094435075885
        ],
        "recall": [
            0.6536231884057971,
            0.41231884057971013,
            0.025956284153005466
        ],
        "f1": [
            0.4796596649827174,
            0.43269961977186316,
            0.03694701020904229
        ]
    },
    "vpl": {
        "accu": [
            0.2687026515151515
        ],
        "precision": [
            0.3458646616541353,
            0.2955215085444903,
            0.12338593974175036
        ],
        "recall": [
            0.031420765027322405,
            0.7268115942028985,
            0.06231884057971015
        ],
        "f1": [
            0.057608015028177834,
            0.4201927105152912,
            0.08281174771304767
        ]
    }
}