{
    "wml": {
        "accu": [
            0.5266335227272727
        ],
        "precision": [
            0.84765625,
            0.5753424657534246,
            0.4666316342616921
        ],
        "recall": [
            0.24436936936936937,
            0.39705882352941174,
            0.9098360655737705
        ],
        "f1": [
            0.3793706293706294,
            0.4698570540708514,
            0.6168808614102119
        ]
    },
    "vpl": {
        "accu": [
            0.6090198863636364
        ],
        "precision": [
            0.6496539792387543,
            0.6913451511991658,
            0.42938659058487877
        ],
        "recall": [
            0.7694672131147541,
            0.7466216216216216,
            0.3161764705882353
        ],
        "f1": [
            0.7045028142589118,
            0.7179209528965891,
            0.3641863278886872
        ]
    }
}