{
    "wml": {
        "accu": [
            0.34765625
        ],
        "precision": [
            0.0,
            0.39214380825565914,
            0.2974828375286041
        ],
        "recall": [
            0.0,
            0.6186974789915967,
            0.39959016393442626
        ],
        "f1": [
            NaN,
            0.4800325998370008,
            0.3410581547879318
        ]
    },
    "vpl": {
        "accu": [
            0.42436079545454547
        ],
        "precision": [
            0.37813884785819796,
            0.4728457639391745,
            0.37730870712401055
        ],
        "recall": [
            0.26229508196721313,
            0.7353603603603603,
            0.3004201680672269
        ],
        "f1": [
            0.3097398669086509,
            0.5755839576906127,
            0.3345029239766082
        ]
    }
}