{
    "wml": {
        "accu": [
            0.4151278409090909
        ],
        "precision": [
            0.3458762886597938,
            0.5176056338028169,
            0.6623376623376623
        ],
        "recall": [
            0.7556306306306306,
            0.3088235294117647,
            0.20901639344262296
        ],
        "f1": [
            0.47454031117397455,
            0.3868421052631579,
            0.31775700934579443
        ]
    },
    "vpl": {
        "accu": [
            0.3181818181818182
        ],
        "precision": [
            0.8571428571428571,
            0.18941176470588236,
            0.3633056133056133
        ],
        "recall": [
            0.036885245901639344,
            0.18130630630630631,
            0.7342436974789915
        ],
        "f1": [
            0.0707269155206287,
            0.18527042577675493,
            0.48609179415855347
        ]
    }
}