{
    "wml": {
        "accu": [
            0.44886363636363635
        ],
        "precision": [
            0.9640287769784173,
            0.3019451812555261,
            0.5611638954869359
        ],
        "recall": [
            0.19420289855072465,
            0.49492753623188407,
            0.6454918032786885
        ],
        "f1": [
            0.3232810615199035,
            0.37506864360241626,
            0.6003811944091486
        ]
    },
    "vpl": {
        "accu": [
            0.32859848484848486
        ],
        "precision": [
            0.39481268011527376,
            0.10849056603773585,
            0.28134715025906737
        ],
        "recall": [
            0.5614754098360656,
            0.016666666666666666,
            0.3934782608695652
        ],
        "f1": [
            0.46362098138747887,
            0.028894472361809045,
            0.32809667673716014
        ]
    }
}