{
    "wml": {
        "accu": [
            0.4872159090909091
        ],
        "precision": [
            0.5620689655172414,
            0.41336633663366334,
            0.4798034934497817
        ],
        "recall": [
            0.35434782608695653,
            0.1815217391304348,
            0.9006147540983607
        ],
        "f1": [
            0.43466666666666676,
            0.25226586102719034,
            0.6260683760683762
        ]
    },
    "vpl": {
        "accu": [
            0.3132102272727273
        ],
        "precision": [
            0.33458489778890277,
            0.18159806295399517,
            0.8333333333333334
        ],
        "recall": [
            0.8217213114754098,
            0.08152173913043478,
            0.005434782608695652
        ],
        "f1": [
            0.47554106136970054,
            0.11252813203300824,
            0.01079913606911447
        ]
    }
}