{
    "wml": {
        "accu": [
            0.2549715909090909
        ],
        "precision": [
            0.0,
            0.2983825989960959,
            0.3309222423146474
        ],
        "recall": [
            0.0,
            0.5619747899159664,
            0.19385593220338984
        ],
        "f1": [
            NaN,
            0.389799635701275,
            0.24448897795591182
        ]
    },
    "vpl": {
        "accu": [
            0.4989346590909091
        ],
        "precision": [
            0.6060606060606061,
            0.9367816091954023,
            0.3796849538294405
        ],
        "recall": [
            0.4025423728813559,
            0.35434782608695653,
            0.7342436974789915
        ],
        "f1": [
            0.48376830044557606,
            0.5141955835962145,
            0.5005370569280344
        ]
    }
}