{
    "wml": {
        "accu": [
            0.5571732954545454
        ],
        "precision": [
            0.6163391933815926,
            0.0,
            0.5285171102661597
        ],
        "recall": [
            0.6711711711711712,
            0.0,
            0.9969262295081968
        ],
        "f1": [
            0.6425876010781673,
            NaN,
            0.6908058217962372
        ]
    },
    "vpl": {
        "accu": [
            0.48011363636363635
        ],
        "precision": [
            0.020202020202020204,
            0.4759493670886076,
            0.5130548302872062
        ],
        "recall": [
            0.0020491803278688526,
            0.6351351351351351,
            0.8256302521008403
        ],
        "f1": [
            0.00372093023255814,
            0.5441389290882779,
            0.6328502415458936
        ]
    }
}