{
    "wml": {
        "accu": [
            0.4228219696969697
        ],
        "precision": [
            0.3987730061349693,
            0.17376133984647593,
            0.6326530612244898
        ],
        "recall": [
            0.2826086956521739,
            0.17436974789915966,
            0.8100282485875706
        ],
        "f1": [
            0.33078880407124683,
            0.17406501223348478,
            0.7104366676989781
        ]
    },
    "vpl": {
        "accu": [
            0.3939393939393939
        ],
        "precision": [
            0.2632794457274827,
            0.4913461538461538,
            0.3085914669783752
        ],
        "recall": [
            0.08050847457627118,
            0.7405797101449275,
            0.3697478991596639
        ],
        "f1": [
            0.12330989724175229,
            0.5907514450867052,
            0.3364128703408729
        ]
    }
}