{
    "wml": {
        "accu": [
            0.23757102272727273
        ],
        "precision": [
            0.11505681818181818,
            0.3518821603927987,
            0.41397849462365593
        ],
        "recall": [
            0.17608695652173914,
            0.4673913043478261,
            0.07889344262295082
        ],
        "f1": [
            0.13917525773195874,
            0.40149393090569563,
            0.1325301204819277
        ]
    },
    "vpl": {
        "accu": [
            0.2823153409090909
        ],
        "precision": [
            0.3186409550045914,
            0.21112255406797117,
            0.32142857142857145
        ],
        "recall": [
            0.3555327868852459,
            0.22282608695652173,
            0.26413043478260867
        ],
        "f1": [
            0.33607748184019376,
            0.2168164992067689,
            0.2899761336515513
        ]
    }
}