{
    "wml": {
        "accu": [
            0.4559659090909091
        ],
        "precision": [
            0.45146726862302483,
            0.6308243727598566,
            0.43352601156069365
        ],
        "recall": [
            0.7246376811594203,
            0.12324929971988796,
            0.5296610169491526
        ],
        "f1": [
            0.5563282336578581,
            0.2062097246631517,
            0.47679593134138587
        ]
    },
    "vpl": {
        "accu": [
            0.19412878787878787
        ],
        "precision": [
            0.21944739638682254,
            0.006053268765133172,
            0.26517150395778366
        ],
        "recall": [
            0.2916666666666667,
            0.0036231884057971015,
            0.2815126050420168
        ],
        "f1": [
            0.25045482110369927,
            0.0045330915684496835,
            0.27309782608695654
        ]
    }
}