{
    "wml": {
        "accu": [
            0.23579545454545456
        ],
        "precision": [
            0.0,
            0.2865612648221344,
            0.24082421120412106
        ],
        "recall": [
            0.0,
            0.30462184873949577,
            0.3831967213114754
        ],
        "f1": [
            NaN,
            0.2953156822810591,
            0.2957690786872281
        ]
    },
    "vpl": {
        "accu": [
            0.3916903409090909
        ],
        "precision": [
            0.4686971235194585,
            0.3655799037947622,
            0.4011299435028249
        ],
        "recall": [
            0.2838114754098361,
            0.7702702702702703,
            0.14915966386554622
        ],
        "f1": [
            0.35354179961710275,
            0.49583182312432045,
            0.21745788667687596
        ]
    }
}