{
    "wml": {
        "accu": [
            0.4822443181818182
        ],
        "precision": [
            0.4731846226862838,
            0.3864406779661017,
            0.5317616240995415
        ],
        "recall": [
            0.722463768115942,
            0.16521739130434782,
            0.5546448087431693
        ],
        "f1": [
            0.5718382563808431,
            0.2314720812182741,
            0.5429622199933133
        ]
    },
    "vpl": {
        "accu": [
            0.4140625
        ],
        "precision": [
            0.46675246675246673,
            0.5160281469898358,
            0.0016286644951140066
        ],
        "recall": [
            0.7431693989071039,
            0.4782608695652174,
            0.0007246376811594203
        ],
        "f1": [
            0.5733860342555994,
            0.49642722828130875,
            0.0010030090270812437
        ]
    }
}