{
    "wml": {
        "accu": [
            0.49609375
        ],
        "precision": [
            0.5696821515892421,
            0.3890625,
            0.4731296101159115
        ],
        "recall": [
            0.7597826086956522,
            0.2615546218487395,
            0.475635593220339
        ],
        "f1": [
            0.6511411271541686,
            0.31281407035175873,
            0.4743792921288959
        ]
    },
    "vpl": {
        "accu": [
            0.5614346590909091
        ],
        "precision": [
            0.44383860414394766,
            0.5885167464114832,
            0.7178899082568807
        ],
        "recall": [
            0.4311440677966102,
            0.9358695652173913,
            0.328781512605042
        ],
        "f1": [
            0.4373992477162816,
            0.7226185480486781,
            0.4510086455331412
        ]
    }
}