{
    "wml": {
        "accu": [
            0.4307528409090909
        ],
        "precision": [
            0.3268156424581006,
            0.5539568345323741,
            0.4599694033656298
        ],
        "recall": [
            0.2635135135135135,
            0.08088235294117647,
            0.9241803278688525
        ],
        "f1": [
            0.29177057356608477,
            0.14115490375802014,
            0.6142322097378278
        ]
    },
    "vpl": {
        "accu": [
            0.3856534090909091
        ],
        "precision": [
            1.0,
            0.46617008069522037,
            0.27680798004987534
        ],
        "recall": [
            0.0020491803278688526,
            0.8457207207207207,
            0.34978991596638653
        ],
        "f1": [
            0.00408997955010225,
            0.6010404161664665,
            0.3090487238979118
        ]
    }
}