{
    "wml": {
        "accu": [
            0.2864583333333333
        ],
        "precision": [
            0.3241359279697938,
            0.19957537154989385,
            0.0
        ],
        "recall": [
            0.808695652173913,
            0.06582633053221289,
            0.0
        ],
        "f1": [
            0.4627825005183496,
            0.09899947340705635,
            NaN
        ]
    },
    "vpl": {
        "accu": [
            0.4408143939393939
        ],
        "precision": [
            0.5287282117495158,
            0.4597776324395029,
            0.29668411867364747
        ],
        "recall": [
            0.5783898305084746,
            0.5094202898550725,
            0.23809523809523808
        ],
        "f1": [
            0.5524451939291738,
            0.4833276039876246,
            0.2641802641802642
        ]
    }
}