{
    "wml": {
        "accu": [
            0.22632575757575757
        ],
        "precision": [
            0.2495921696574225,
            0.0026595744680851063,
            0.2475209763539283
        ],
        "recall": [
            0.2217391304347826,
            0.0007246376811594203,
            0.44330601092896177
        ],
        "f1": [
            0.2348426707597851,
            0.0011389521640091116,
            0.3176700930004895
        ]
    },
    "vpl": {
        "accu": [
            0.421875
        ],
        "precision": [
            0.31696750902527077,
            NaN,
            0.47305389221556887
        ],
        "recall": [
            0.2998633879781421,
            0.0,
            0.9731884057971014
        ],
        "f1": [
            0.3081783081783082,
            NaN,
            0.6366437544441811
        ]
    }
}