{
    "wml": {
        "accu": [
            0.3799715909090909
        ],
        "precision": [
            0.502498215560314,
            0.2362555720653789,
            0.6956521739130435
        ],
        "recall": [
            0.7927927927927928,
            0.33403361344537813,
            0.04918032786885246
        ],
        "f1": [
            0.6151157710790738,
            0.27676240208877284,
            0.09186602870813397
        ]
    },
    "vpl": {
        "accu": [
            0.60546875
        ],
        "precision": [
            0.9983844911147012,
            0.4418726985796949,
            0.8344594594594594
        ],
        "recall": [
            0.6331967213114754,
            0.9459459459459459,
            0.25945378151260506
        ],
        "f1": [
            0.7749216300940439,
            0.6023664395840803,
            0.39583333333333337
        ]
    }
}