{
    "wml": {
        "accu": [
            0.6044034090909091
        ],
        "precision": [
            0.5241864555848724,
            0.3939393939393939,
            0.830225711481845
        ],
        "recall": [
            0.6711711711711712,
            0.27310924369747897,
            0.8668032786885246
        ],
        "f1": [
            0.588641975308642,
            0.3225806451612903,
            0.8481203007518796
        ]
    },
    "vpl": {
        "accu": [
            0.3235085227272727
        ],
        "precision": [
            0.014084507042253521,
            0.31105990783410137,
            0.5096930533117933
        ],
        "recall": [
            0.010245901639344262,
            0.30405405405405406,
            0.6628151260504201
        ],
        "f1": [
            0.011862396204033213,
            0.30751708428246016,
            0.5762557077625571
        ]
    }
}