{
    "wml": {
        "accu": [
            0.4708806818181818
        ],
        "precision": [
            0.43990237949969496,
            0.5373134328358209,
            0.4832347140039448
        ],
        "recall": [
            0.783695652173913,
            0.37815126050420167,
            0.2595338983050847
        ],
        "f1": [
            0.5635013677217663,
            0.4438964241676942,
            0.3376981392143349
        ]
    },
    "vpl": {
        "accu": [
            0.2940340909090909
        ],
        "precision": [
            0.5173652694610779,
            0.08023774145616643,
            0.26146788990825687
        ],
        "recall": [
            0.4576271186440678,
            0.058695652173913045,
            0.3592436974789916
        ],
        "f1": [
            0.4856661045531197,
            0.06779661016949153,
            0.3026548672566372
        ]
    }
}