{
    "wml": {
        "accu": [
            0.4833096590909091
        ],
        "precision": [
            0.8940568475452196,
            0.4325767690253672,
            0.4113095238095238
        ],
        "recall": [
            0.38963963963963966,
            0.3403361344537815,
            0.7079918032786885
        ],
        "f1": [
            0.5427450980392157,
            0.380952380952381,
            0.5203313253012049
        ]
    },
    "vpl": {
        "accu": [
            0.5095880681818182
        ],
        "precision": [
            0.44196951934349354,
            0.44047619047619047,
            0.8084291187739464
        ],
        "recall": [
            0.7725409836065574,
            0.2916666666666667,
            0.4432773109243697
        ],
        "f1": [
            0.5622669649515287,
            0.3509485094850949,
            0.5725915875169607
        ]
    }
}