{
    "wml": {
        "accu": [
            0.32078598484848486
        ],
        "precision": [
            0.0872093023255814,
            0.27944711538461536,
            0.388086642599278
        ],
        "recall": [
            0.021739130434782608,
            0.32563025210084034,
            0.6073446327683616
        ],
        "f1": [
            0.03480278422273782,
            0.3007761966364812,
            0.473568281938326
        ]
    },
    "vpl": {
        "accu": [
            0.44767992424242425
        ],
        "precision": [
            0.7454370797310279,
            0.2796961325966851,
            0.4092219020172911
        ],
        "recall": [
            0.5480225988700564,
            0.29347826086956524,
            0.49719887955182074
        ],
        "f1": [
            0.6316646316646317,
            0.28642149929278643,
            0.4489408789124249
        ]
    }
}