{
    "wml": {
        "accu": [
            0.41832386363636365
        ],
        "precision": [
            0.6864,
            0.33058305830583057,
            0.3967828418230563
        ],
        "recall": [
            0.46630434782608693,
            0.6532608695652173,
            0.15163934426229508
        ],
        "f1": [
            0.5553398058252427,
            0.43900657414170924,
            0.2194217939214233
        ]
    },
    "vpl": {
        "accu": [
            0.4833096590909091
        ],
        "precision": [
            0.45362473347547977,
            0.5513392857142857,
            0.5345528455284553
        ],
        "recall": [
            0.8719262295081968,
            0.2684782608695652,
            0.2858695652173913
        ],
        "f1": [
            0.596774193548387,
            0.3611111111111111,
            0.3725212464589235
        ]
    }
}