{
    "wml": {
        "accu": [
            0.5383522727272727
        ],
        "precision": [
            0.6449787835926449,
            0.41562269712601324,
            0.8888888888888888
        ],
        "recall": [
            0.991304347826087,
            0.592436974789916,
            0.0423728813559322
        ],
        "f1": [
            0.781491002570694,
            0.48852317020355135,
            0.08088978766430738
        ]
    },
    "vpl": {
        "accu": [
            0.48473011363636365
        ],
        "precision": [
            0.6185973207249803,
            0.3346456692913386,
            0.382830626450116
        ],
        "recall": [
            0.8315677966101694,
            0.09239130434782608,
            0.5199579831932774
        ],
        "f1": [
            0.7094441934026209,
            0.14480408858603067,
            0.44097995545657015
        ]
    }
}