{
    "wml": {
        "accu": [
            0.4318181818181818
        ],
        "precision": [
            0.0,
            0.37043478260869567,
            0.7090909090909091
        ],
        "recall": [
            0.0,
            0.8949579831932774,
            0.3855932203389831
        ],
        "f1": [
            NaN,
            0.5239852398523985,
            0.4995425434583715
        ]
    },
    "vpl": {
        "accu": [
            0.3783143939393939
        ],
        "precision": [
            0.42643764002987306,
            0.4210069444444444,
            0.3127524523946913
        ],
        "recall": [
            0.4032485875706215,
            0.35144927536231885,
            0.3795518207282913
        ],
        "f1": [
            0.414519056261343,
            0.3830963665086888,
            0.34292945270484027
        ]
    }
}