{
    "wml": {
        "accu": [
            0.23863636363636365
        ],
        "precision": [
            0.22936189201249443,
            0.0,
            0.2964352720450281
        ],
        "recall": [
            0.5788288288288288,
            0.0,
            0.16188524590163936
        ],
        "f1": [
            0.3285394694790668,
            NaN,
            0.20941020543406227
        ]
    },
    "vpl": {
        "accu": [
            0.7670454545454546
        ],
        "precision": [
            0.7740585774058577,
            0.8137730358874878,
            0.7172284644194756
        ],
        "recall": [
            0.5686475409836066,
            0.9448198198198198,
            0.8046218487394958
        ],
        "f1": [
            0.6556408741878322,
            0.8744137571651902,
            0.7584158415841585
        ]
    }
}