{
    "wml": {
        "accu": [
            0.6594460227272727
        ],
        "precision": [
            0.9778024417314095,
            NaN,
            0.5096605744125327
        ],
        "recall": [
            0.9921171171171171,
            0.0,
            1.0
        ],
        "f1": [
            0.9849077697037452,
            NaN,
            0.6751988931165687
        ]
    },
    "vpl": {
        "accu": [
            0.20738636363636365
        ],
        "precision": [
            0.23209328151027206,
            0.0,
            0.2927689594356261
        ],
        "recall": [
            0.42827868852459017,
            0.0,
            0.17436974789915966
        ],
        "f1": [
            0.3010442924018725,
            NaN,
            0.2185648452929559
        ]
    }
}