{
    "wml": {
        "accu": [
            0.44495738636363635
        ],
        "precision": [
            0.9421768707482994,
            0.3712021136063408,
            0.3937677053824363
        ],
        "recall": [
            0.3010869565217391,
            0.29516806722689076,
            0.736228813559322
        ],
        "f1": [
            0.45634266886326197,
            0.328847279110591,
            0.5131044665928387
        ]
    },
    "vpl": {
        "accu": [
            0.3583096590909091
        ],
        "precision": [
            0.8529411764705882,
            0.3431372549019608,
            0.3564356435643564
        ],
        "recall": [
            0.0614406779661017,
            0.7989130434782609,
            0.226890756302521
        ],
        "f1": [
            0.11462450592885376,
            0.4800783801436969,
            0.2772785622593068
        ]
    }
}