{
    "wml": {
        "accu": [
            0.4502840909090909
        ],
        "precision": [
            0.32885211995863495,
            0.7275574112734864,
            0.2839506172839506
        ],
        "recall": [
            0.3581081081081081,
            0.7321428571428571,
            0.25922131147540983
        ],
        "f1": [
            0.34285714285714286,
            0.7298429319371726,
            0.2710230316014997
        ]
    },
    "vpl": {
        "accu": [
            0.5067471590909091
        ],
        "precision": [
            0.5171990171990172,
            0.46053946053946054,
            0.5444555444555444
        ],
        "recall": [
            0.43135245901639346,
            0.5191441441441441,
            0.5724789915966386
        ],
        "f1": [
            0.47039106145251397,
            0.48808893594494446,
            0.5581157194060419
        ]
    }
}