{
    "wml": {
        "accu": [
            0.5550426136363636
        ],
        "precision": [
            0.7573770491803279,
            0.4957678355501814,
            0.5475059382422803
        ],
        "recall": [
            0.26013513513513514,
            0.43067226890756305,
            0.944672131147541
        ],
        "f1": [
            0.38725901089689857,
            0.46093310848791463,
            0.693233082706767
        ]
    },
    "vpl": {
        "accu": [
            0.25142045454545453
        ],
        "precision": [
            0.0205761316872428,
            0.2601952900631821,
            0.3004807692307692
        ],
        "recall": [
            0.005122950819672131,
            0.5101351351351351,
            0.26260504201680673
        ],
        "f1": [
            0.008203445447087777,
            0.3446177253708635,
            0.2802690582959641
        ]
    }
}