{
    "wml": {
        "accu": [
            0.6431107954545454
        ],
        "precision": [
            0.6336,
            0.5991228070175438,
            0.7887323943661971
        ],
        "recall": [
            0.8608695652173913,
            0.7423913043478261,
            0.3442622950819672
        ],
        "f1": [
            0.7299539170506913,
            0.6631067961165048,
            0.4793152639087018
        ]
    },
    "vpl": {
        "accu": [
            0.4073153409090909
        ],
        "precision": [
            0.5699404761904762,
            0.36959761549925485,
            0.16604244694132334
        ],
        "recall": [
            0.7848360655737705,
            0.26956521739130435,
            0.14456521739130435
        ],
        "f1": [
            0.6603448275862069,
            0.3117536140791955,
            0.15456130156885534
        ]
    }
}