{
    "wml": {
        "accu": [
            0.4474431818181818
        ],
        "precision": [
            0.4521306032097399,
            0.4788235294117647,
            0.22641509433962265
        ],
        "recall": [
            0.920045045045045,
            0.4275210084033613,
            0.036885245901639344
        ],
        "f1": [
            0.6063079777365492,
            0.45172031076581576,
            0.06343612334801763
        ]
    },
    "vpl": {
        "accu": [
            0.5546875
        ],
        "precision": [
            0.6704663212435233,
            0.5171650055370985,
            0.47257383966244726
        ],
        "recall": [
            0.6629098360655737,
            0.5259009009009009,
            0.47058823529411764
        ],
        "f1": [
            0.6666666666666666,
            0.5214963707426019,
            0.47157894736842104
        ]
    }
}