{
    "wml": {
        "accu": [
            0.5575284090909091
        ],
        "precision": [
            0.0,
            0.45907297830374755,
            0.8374836173001311
        ],
        "recall": [
            0.0,
            0.9779411764705882,
            0.6547131147540983
        ],
        "f1": [
            NaN,
            0.6248322147651006,
            0.7349051178838413
        ]
    },
    "vpl": {
        "accu": [
            0.3654119318181818
        ],
        "precision": [
            0.4751552795031056,
            0.5625,
            0.3336229365768897
        ],
        "recall": [
            0.1567622950819672,
            0.12162162162162163,
            0.8067226890756303
        ],
        "f1": [
            0.23574730354391374,
            0.20000000000000004,
            0.47203441917639827
        ]
    }
}