{
    "wml": {
        "accu": [
            0.41832386363636365
        ],
        "precision": [
            0.5010496850944717,
            0.1504237288135593,
            0.4273224043715847
        ],
        "recall": [
            0.8063063063063063,
            0.07457983193277311,
            0.40061475409836067
        ],
        "f1": [
            0.6180405697022011,
            0.0997191011235955,
            0.41353781068217876
        ]
    },
    "vpl": {
        "accu": [
            0.4968039772727273
        ],
        "precision": [
            1.0,
            0.9910112359550561,
            0.4022842639593909
        ],
        "recall": [
            0.007172131147540984,
            0.4966216216216216,
            0.9989495798319328
        ],
        "f1": [
            0.014242115971515769,
            0.6616654163540885,
            0.5735826296743064
        ]
    }
}