{
    "wml": {
        "accu": [
            0.54296875
        ],
        "precision": [
            0.5161290322580645,
            0.5597064709806537,
            0.5251989389920424
        ],
        "recall": [
            0.10810810810810811,
            0.8813025210084033,
            0.6086065573770492
        ],
        "f1": [
            0.1787709497206704,
            0.6846185230518155,
            0.5638348362600853
        ]
    },
    "vpl": {
        "accu": [
            0.16157670454545456
        ],
        "precision": [
            0.014588859416445624,
            0.5647668393782384,
            0.13484486873508353
        ],
        "recall": [
            0.011270491803278689,
            0.24549549549549549,
            0.23739495798319327
        ],
        "f1": [
            0.012716763005780347,
            0.3422291993720565,
            0.1719939117199391
        ]
    }
}