{
    "wml": {
        "accu": [
            0.2531960227272727
        ],
        "precision": [
            0.9908466819221968,
            0.10358974358974359,
            0.1274928774928775
        ],
        "recall": [
            0.48761261261261263,
            0.10609243697478991,
            0.1834016393442623
        ],
        "f1": [
            0.6535849056603774,
            0.10482615464452516,
            0.15042016806722688
        ]
    },
    "vpl": {
        "accu": [
            0.40660511363636365
        ],
        "precision": [
            0.27657572906867356,
            0.7066666666666667,
            0.40905602455871065
        ],
        "recall": [
            0.3012295081967213,
            0.3581081081081081,
            0.5598739495798319
        ],
        "f1": [
            0.2883766552231486,
            0.47533632286995514,
            0.4727272727272727
        ]
    }
}