{
    "wml": {
        "accu": [
            0.20348011363636365
        ],
        "precision": [
            0.15167095115681234,
            0.42507645259938837,
            0.0
        ],
        "recall": [
            0.3322072072072072,
            0.2920168067226891,
            0.0
        ],
        "f1": [
            0.20825979527003177,
            0.34620174346201743,
            NaN
        ]
    },
    "vpl": {
        "accu": [
            0.6051136363636364
        ],
        "precision": [
            0.5217100868403474,
            0.827217125382263,
            0.5744360902255639
        ],
        "recall": [
            0.8002049180327869,
            0.6092342342342343,
            0.4012605042016807
        ],
        "f1": [
            0.6316215123331985,
            0.701686121919585,
            0.47247990105132964
        ]
    }
}