{
    "wml": {
        "accu": [
            0.5916193181818182
        ],
        "precision": [
            0.6131805157593123,
            0.23140495867768596,
            0.6685633001422475
        ],
        "recall": [
            0.6978260869565217,
            0.09130434782608696,
            0.9631147540983607
        ],
        "f1": [
            0.6527707168276563,
            0.13094310210444268,
            0.7892527287993283
        ]
    },
    "vpl": {
        "accu": [
            0.3732244318181818
        ],
        "precision": [
            0.35165876777251187,
            0.887459807073955,
            0.2786206896551724
        ],
        "recall": [
            0.3801229508196721,
            0.3,
            0.4391304347826087
        ],
        "f1": [
            0.36533727227966517,
            0.4484159220146222,
            0.3409282700421941
        ]
    }
}