{
    "wml": {
        "accu": [
            0.5021306818181818
        ],
        "precision": [
            0.40798045602605865,
            0.563265306122449,
            0.5801457194899818
        ],
        "recall": [
            0.5445652173913044,
            0.28991596638655465,
            0.6747881355932204
        ],
        "f1": [
            0.46648044692737434,
            0.38280166435506247,
            0.623898139079334
        ]
    },
    "vpl": {
        "accu": [
            0.40767045454545453
        ],
        "precision": [
            0.35119617224880384,
            0.6904761904761905,
            0.4148471615720524
        ],
        "recall": [
            0.388771186440678,
            0.12608695652173912,
            0.6985294117647058
        ],
        "f1": [
            0.3690296631473102,
            0.21323529411764708,
            0.5205479452054794
        ]
    }
}