{
    "wml": {
        "accu": [
            0.5163352272727273
        ],
        "precision": [
            0.6520100502512562,
            0.11386138613861387,
            0.5016501650165016
        ],
        "recall": [
            0.5844594594594594,
            0.02415966386554622,
            0.9344262295081968
        ],
        "f1": [
            0.6163895486935866,
            0.03986135181975736,
            0.6528274874731567
        ]
    },
    "vpl": {
        "accu": [
            0.29651988636363635
        ],
        "precision": [
            0.3,
            0.0,
            0.29713804713804715
        ],
        "recall": [
            0.13217213114754098,
            0.0,
            0.7415966386554622
        ],
        "f1": [
            0.18349928876244667,
            NaN,
            0.4242788461538462
        ]
    }
}