{
    "wml": {
        "accu": [
            0.5227272727272727
        ],
        "precision": [
            0.9657534246575342,
            0.4540682414698163,
            0.498
        ],
        "recall": [
            0.31756756756756754,
            0.726890756302521,
            0.5102459016393442
        ],
        "f1": [
            0.4779661016949152,
            0.5589660743134087,
            0.5040485829959515
        ]
    },
    "vpl": {
        "accu": [
            0.3057528409090909
        ],
        "precision": [
            0.2041036717062635,
            0.30246913580246915,
            0.4713804713804714
        ],
        "recall": [
            0.19364754098360656,
            0.44144144144144143,
            0.29411764705882354
        ],
        "f1": [
            0.19873817034700314,
            0.358974358974359,
            0.3622250970245796
        ]
    }
}