{
    "wml": {
        "accu": [
            0.3718039772727273
        ],
        "precision": [
            0.4701086956521739,
            0.37537537537537535,
            0.26577437858508607
        ],
        "recall": [
            0.5641304347826087,
            0.26260504201680673,
            0.2944915254237288
        ],
        "f1": [
            0.5128458498023716,
            0.3090234857849196,
            0.2793969849246231
        ]
    },
    "vpl": {
        "accu": [
            0.3721590909090909
        ],
        "precision": [
            0.448563484708063,
            0.39858657243816253,
            0.0
        ],
        "recall": [
            0.5127118644067796,
            0.6130434782608696,
            0.0
        ],
        "f1": [
            0.4784972812654473,
            0.4830835117773019,
            NaN
        ]
    }
}