{
    "wml": {
        "accu": [
            0.46626420454545453
        ],
        "precision": [
            0.8461538461538461,
            0.3805739514348786,
            0.0
        ],
        "recall": [
            0.5078828828828829,
            0.9054621848739496,
            0.0
        ],
        "f1": [
            0.6347642505277973,
            0.5359030152315822,
            NaN
        ]
    },
    "vpl": {
        "accu": [
            0.44957386363636365
        ],
        "precision": [
            0.6029850746268657,
            0.4119897959183674,
            0.3957415565345081
        ],
        "recall": [
            0.4139344262295082,
            0.36373873873873874,
            0.5661764705882353
        ],
        "f1": [
            0.4908869987849332,
            0.3863636363636364,
            0.46585998271391527
        ]
    }
}