{
    "wml": {
        "accu": [
            0.3096590909090909
        ],
        "precision": [
            0.4,
            0.09081836327345309,
            0.3776810693192415
        ],
        "recall": [
            0.0014492753623188406,
            0.06594202898550725,
            0.8299180327868853
        ],
        "f1": [
            0.002888086642599278,
            0.0764063811922754,
            0.5191198461867123
        ]
    },
    "vpl": {
        "accu": [
            0.43986742424242425
        ],
        "precision": [
            0.4471355379599441,
            1.0,
            0.4296081277213353
        ],
        "recall": [
            0.6557377049180327,
            0.007246376811594203,
            0.6434782608695652
        ],
        "f1": [
            0.5317086679590141,
            0.014388489208633093,
            0.515230635335074
        ]
    }
}