{
    "wml": {
        "accu": [
            0.38423295454545453
        ],
        "precision": [
            0.6713483146067416,
            0.3183259353202283,
            0.1935483870967742
        ],
        "recall": [
            0.5382882882882883,
            0.5273109243697479,
            0.10450819672131148
        ],
        "f1": [
            0.5975,
            0.3969948596283116,
            0.13572854291417166
        ]
    },
    "vpl": {
        "accu": [
            0.2677556818181818
        ],
        "precision": [
            0.2127659574468085,
            0.3257918552036199,
            0.16548463356973994
        ],
        "recall": [
            0.18442622950819673,
            0.5675675675675675,
            0.07352941176470588
        ],
        "f1": [
            0.19758507135016465,
            0.41396303901437376,
            0.10181818181818182
        ]
    }
}