{
    "wml": {
        "accu": [
            0.3515625
        ],
        "precision": [
            1.0,
            0.045936395759717315,
            0.3854660347551343
        ],
        "recall": [
            0.0010869565217391304,
            0.014130434782608696,
            1.0
        ],
        "f1": [
            0.002171552660152009,
            0.021612635078969242,
            0.556442417331813
        ]
    },
    "vpl": {
        "accu": [
            0.10511363636363637
        ],
        "precision": [
            0.15046838407494145,
            0.03535811423390753,
            0.0
        ],
        "recall": [
            0.26331967213114754,
            0.042391304347826085,
            0.0
        ],
        "f1": [
            0.19150521609538004,
            0.03855659911023233,
            NaN
        ]
    }
}