{
    "wml": {
        "accu": [
            0.48011363636363635
        ],
        "precision": [
            0.5648148148148148,
            0.38482384823848237,
            1.0
        ],
        "recall": [
            0.48085585585585583,
            0.7457983193277311,
            0.22028688524590165
        ],
        "f1": [
            0.5194647201946472,
            0.5076868072935287,
            0.3610411418975651
        ]
    },
    "vpl": {
        "accu": [
            0.22407670454545456
        ],
        "precision": [
            0.0,
            0.24658069558421258,
            0.0
        ],
        "recall": [
            0.0,
            0.7105855855855856,
            0.0
        ],
        "f1": [
            NaN,
            0.3661154627212069,
            NaN
        ]
    }
}