{
    "wml": {
        "accu": [
            0.3718039772727273
        ],
        "precision": [
            NaN,
            0.34837209302325584,
            0.44744744744744747
        ],
        "recall": [
            0.0,
            0.7867647058823529,
            0.305327868852459
        ],
        "f1": [
            NaN,
            0.48291424887169565,
            0.3629719853836784
        ]
    },
    "vpl": {
        "accu": [
            0.4825994318181818
        ],
        "precision": [
            0.3912256897331524,
            1.0,
            0.017699115044247787
        ],
        "recall": [
            0.8862704918032787,
            0.5540540540540541,
            0.0021008403361344537
        ],
        "f1": [
            0.5428302478820207,
            0.7130434782608697,
            0.003755868544600939
        ]
    }
}