{
    "wml": {
        "accu": [
            0.4337121212121212
        ],
        "precision": [
            0.01,
            0.35771230502599655,
            0.6448748991121872
        ],
        "recall": [
            0.0007246376811594203,
            0.7226890756302521,
            0.5642655367231638
        ],
        "f1": [
            0.0013513513513513514,
            0.4785532112218873,
            0.6018832391713747
        ]
    },
    "vpl": {
        "accu": [
            0.4306344696969697
        ],
        "precision": [
            0.5477351916376306,
            0.4957983193277311,
            0.3169734151329243
        ],
        "recall": [
            0.5550847457627118,
            0.29927536231884055,
            0.4341736694677871
        ],
        "f1": [
            0.5513854787793756,
            0.3732489832806145,
            0.36643026004728135
        ]
    }
}