{
    "wml": {
        "accu": [
            0.3583096590909091
        ],
        "precision": [
            0.3852295409181637,
            0.08665105386416862,
            0.42249459264599853
        ],
        "recall": [
            0.41956521739130437,
            0.038865546218487396,
            0.6207627118644068
        ],
        "f1": [
            0.40166493236212275,
            0.053662073966642486,
            0.5027885027885026
        ]
    },
    "vpl": {
        "accu": [
            0.4225852272727273
        ],
        "precision": [
            0.5017241379310344,
            0.36737160120845924,
            0.0
        ],
        "recall": [
            0.6165254237288136,
            0.6608695652173913,
            0.0
        ],
        "f1": [
            0.5532319391634981,
            0.4722330097087379,
            NaN
        ]
    }
}