{
    "wml": {
        "accu": [
            0.68359375
        ],
        "precision": [
            0.8550185873605948,
            1.0,
            0.5588235294117647
        ],
        "recall": [
            1.0,
            0.07773109243697479,
            0.986228813559322
        ],
        "f1": [
            0.9218436873747495,
            0.14424951267056532,
            0.7134099616858237
        ]
    },
    "vpl": {
        "accu": [
            0.6079545454545454
        ],
        "precision": [
            0.5349544072948328,
            0.8516902944383861,
            0.20078740157480315
        ],
        "recall": [
            0.9322033898305084,
            0.8489130434782609,
            0.05357142857142857
        ],
        "f1": [
            0.6797991502510622,
            0.8502994011976048,
            0.0845771144278607
        ]
    }
}