{
    "wml": {
        "accu": [
            0.47123579545454547
        ],
        "precision": [
            0.44072948328267475,
            0.5023255813953489,
            0.49473684210526314
        ],
        "recall": [
            0.6531531531531531,
            0.3403361344537815,
            0.4334016393442623
        ],
        "f1": [
            0.5263157894736843,
            0.4057608015028178,
            0.4620425996723102
        ]
    },
    "vpl": {
        "accu": [
            0.4225852272727273
        ],
        "precision": [
            0.39814814814814814,
            0.434,
            0.4331955922865014
        ],
        "recall": [
            0.3524590163934426,
            0.24436936936936937,
            0.6607142857142857
        ],
        "f1": [
            0.3739130434782608,
            0.3126801152737752,
            0.5232945091514143
        ]
    }
}