{
    "wml": {
        "accu": [
            0.3728693181818182
        ],
        "precision": [
            0.5055555555555555,
            0.32124352331606215,
            0.35621662852784136
        ],
        "recall": [
            0.2967391304347826,
            0.32563025210084034,
            0.4947033898305085
        ],
        "f1": [
            0.37397260273972605,
            0.32342201356285866,
            0.4141906873614191
        ]
    },
    "vpl": {
        "accu": [
            0.44495738636363635
        ],
        "precision": [
            0.4192708333333333,
            0.46883468834688347,
            0.4514592019058964
        ],
        "recall": [
            0.3411016949152542,
            0.18804347826086956,
            0.7962184873949579
        ],
        "f1": [
            0.3761682242990654,
            0.2684251357641583,
            0.5762067654884074
        ]
    }
}