{
    "wml": {
        "accu": [
            0.5892518939393939
        ],
        "precision": [
            0.9225206611570248,
            0.48166501486620417,
            0.5040387722132472
        ],
        "recall": [
            0.6471014492753623,
            0.7043478260869566,
            0.4262295081967213
        ],
        "f1": [
            0.7606473594548552,
            0.572101236021189,
            0.46188008882309406
        ]
    },
    "vpl": {
        "accu": [
            0.4602272727272727
        ],
        "precision": [
            0.4547169811320755,
            0.5190023752969121,
            0.44142980189491815
        ],
        "recall": [
            0.3292349726775956,
            0.31666666666666665,
            0.7427536231884058
        ],
        "f1": [
            0.3819334389857369,
            0.3933393339333933,
            0.5537547271745002
        ]
    }
}