{
    "wml": {
        "accu": [
            0.4881628787878788
        ],
        "precision": [
            0.20199501246882792,
            0.42921739130434783,
            0.7879746835443038
        ],
        "recall": [
            0.058695652173913045,
            0.8641456582633054,
            0.527542372881356
        ],
        "f1": [
            0.09096013475575518,
            0.57355333488264,
            0.6319796954314721
        ]
    },
    "vpl": {
        "accu": [
            0.4348958333333333
        ],
        "precision": [
            0.7367875647668394,
            0.05555555555555555,
            0.35039001560062405
        ],
        "recall": [
            0.5021186440677966,
            0.002173913043478261,
            0.7864145658263305
        ],
        "f1": [
            0.5972280554388912,
            0.0041841004184100415,
            0.4847830779192748
        ]
    }
}