{
    "wml": {
        "accu": [
            0.3873106060606061
        ],
        "precision": [
            0.44629080118694364,
            0.3210702341137124,
            0.4134228187919463
        ],
        "recall": [
            0.5449275362318841,
            0.40336134453781514,
            0.2175141242937853
        ],
        "f1": [
            0.4907014681892333,
            0.3575418994413408,
            0.2850532161036557
        ]
    },
    "vpl": {
        "accu": [
            0.48484848484848486
        ],
        "precision": [
            0.5148601398601399,
            0.4951156812339332,
            0.4370044052863436
        ],
        "recall": [
            0.4159604519774011,
            0.6978260869565217,
            0.3473389355742297
        ],
        "f1": [
            0.46015625000000004,
            0.5792481203007519,
            0.38704642996488486
        ]
    }
}