{
    "wml": {
        "accu": [
            0.48473011363636365
        ],
        "precision": [
            0.46335078534031415,
            0.4230396902226525,
            0.8627450980392157
        ],
        "recall": [
            0.7972972972972973,
            0.45903361344537813,
            0.22540983606557377
        ],
        "f1": [
            0.5860927152317881,
            0.4403022670025189,
            0.3574329813160032
        ]
    },
    "vpl": {
        "accu": [
            0.25355113636363635
        ],
        "precision": [
            0.2018170019467878,
            0.1622103386809269,
            0.4369747899159664
        ],
        "recall": [
            0.31864754098360654,
            0.10247747747747747,
            0.3277310924369748
        ],
        "f1": [
            0.24711958680969406,
            0.12560386473429952,
            0.37454981992797126
        ]
    }
}