{
    "wml": {
        "accu": [
            0.45667613636363635
        ],
        "precision": [
            0.42747252747252745,
            0.057971014492753624,
            0.48611867174741424
        ],
        "recall": [
            0.42282608695652174,
            0.004201680672268907,
            0.9459745762711864
        ],
        "f1": [
            0.42513661202185793,
            0.007835455435847209,
            0.6422150305645452
        ]
    },
    "vpl": {
        "accu": [
            0.3995028409090909
        ],
        "precision": [
            0.4905335628227194,
            0.3215339233038348,
            0.4211822660098522
        ],
        "recall": [
            0.3019067796610169,
            0.35543478260869565,
            0.5388655462184874
        ],
        "f1": [
            0.37377049180327865,
            0.3376355188435725,
            0.47281105990783406
        ]
    }
}