{
    "wml": {
        "accu": [
            0.45667613636363635
        ],
        "precision": [
            0.48761149653121905,
            0.29388297872340424,
            0.543127962085308
        ],
        "recall": [
            0.5540540540540541,
            0.23214285714285715,
            0.5870901639344263
        ],
        "f1": [
            0.5187137585661571,
            0.2593896713615023,
            0.5642540620384047
        ]
    },
    "vpl": {
        "accu": [
            0.4424715909090909
        ],
        "precision": [
            0.7155025553662692,
            0.2545454545454545,
            0.3798449612403101
        ],
        "recall": [
            0.430327868852459,
            0.0472972972972973,
            0.8235294117647058
        ],
        "f1": [
            0.5374280230326295,
            0.07977207977207977,
            0.519893899204244
        ]
    }
}