{
    "wml": {
        "accu": [
            0.35973011363636365
        ],
        "precision": [
            0.4194236926360726,
            0.7096774193548387,
            0.31700605393505776
        ],
        "recall": [
            0.42717391304347824,
            0.046218487394957986,
            0.6101694915254238
        ],
        "f1": [
            0.4232633279483038,
            0.08678500986193294,
            0.41724013038754076
        ]
    },
    "vpl": {
        "accu": [
            0.3352272727272727
        ],
        "precision": [
            0.3352272727272727,
            NaN,
            NaN
        ],
        "recall": [
            1.0,
            0.0,
            0.0
        ],
        "f1": [
            0.502127659574468,
            NaN,
            NaN
        ]
    }
}