{
    "wml": {
        "accu": [
            0.34232954545454547
        ],
        "precision": [
            0.5433526011560693,
            0.2265246853823814,
            0.3950310559006211
        ],
        "recall": [
            0.10585585585585586,
            0.24579831932773108,
            0.6516393442622951
        ],
        "f1": [
            0.177191328934967,
            0.23576826196473552,
            0.4918793503480278
        ]
    },
    "vpl": {
        "accu": [
            0.5241477272727273
        ],
        "precision": [
            0.589142091152815,
            0.3953900709219858,
            0.4921052631578947
        ],
        "recall": [
            0.9006147540983607,
            0.2511261261261261,
            0.39285714285714285
        ],
        "f1": [
            0.7123176661264183,
            0.3071625344352617,
            0.43691588785046725
        ]
    }
}