{
    "wml": {
        "accu": [
            0.5059185606060606
        ],
        "precision": [
            0.7472527472527473,
            0.2856071964017991,
            0.510837727006444
        ],
        "recall": [
            0.6405797101449275,
            0.27608695652173915,
            0.5956284153005464
        ],
        "f1": [
            0.6898166211470933,
            0.28076639646278556,
            0.5499842321034374
        ]
    },
    "vpl": {
        "accu": [
            0.47798295454545453
        ],
        "precision": [
            0.6251236399604352,
            0.47230571060541005,
            0.3246606334841629
        ],
        "recall": [
            0.43169398907103823,
            0.7971014492753623,
            0.20797101449275363
        ],
        "f1": [
            0.5107070707070707,
            0.5931517929361014,
            0.2535335689045936
        ]
    }
}