{
    "wml": {
        "accu": [
            0.3522727272727273
        ],
        "precision": [
            0.8936170212765957,
            0.34276387377584333,
            0.4166666666666667
        ],
        "recall": [
            0.0472972972972973,
            0.9926470588235294,
            0.005122950819672131
        ],
        "f1": [
            0.08983957219251337,
            0.509571313022378,
            0.010121457489878541
        ]
    },
    "vpl": {
        "accu": [
            0.5699573863636364
        ],
        "precision": [
            0.47261434217955955,
            0.9380530973451328,
            0.7103004291845494
        ],
        "recall": [
            0.8575819672131147,
            0.11936936936936937,
            0.6953781512605042
        ],
        "f1": [
            0.6093920640698944,
            0.21178821178821183,
            0.7027600849256901
        ]
    }
}