{
    "wml": {
        "accu": [
            0.40198863636363635
        ],
        "precision": [
            0.425552353506244,
            0.112,
            0.38095238095238093
        ],
        "recall": [
            0.9630434782608696,
            0.015217391304347827,
            0.23770491803278687
        ],
        "f1": [
            0.5902731512325117,
            0.026794258373205742,
            0.29274447949526816
        ]
    },
    "vpl": {
        "accu": [
            0.3682528409090909
        ],
        "precision": [
            0.5586527293844367,
            0.4438943894389439,
            0.2127501853224611
        ],
        "recall": [
            0.492827868852459,
            0.29239130434782606,
            0.3119565217391304
        ],
        "f1": [
            0.5236799129014696,
            0.35255570117955437,
            0.25297487880123404
        ]
    }
}