{
    "wml": {
        "accu": [
            0.48473011363636365
        ],
        "precision": [
            0.5960144927536232,
            0.37207748830995324,
            0.6245110821382008
        ],
        "recall": [
            0.3704954954954955,
            0.5850840336134454,
            0.49077868852459017
        ],
        "f1": [
            0.4569444444444445,
            0.45487954267047775,
            0.5496270797475616
        ]
    },
    "vpl": {
        "accu": [
            0.46732954545454547
        ],
        "precision": [
            0.39227215455690884,
            0.9,
            0.26666666666666666
        ],
        "recall": [
            0.9569672131147541,
            0.42567567567567566,
            0.004201680672268907
        ],
        "f1": [
            0.5564492106047065,
            0.5779816513761467,
            0.008273009307135471
        ]
    }
}