{
    "wml": {
        "accu": [
            0.41358901515151514
        ],
        "precision": [
            0.5465288035450517,
            0.3695395513577332,
            0.3239795918367347
        ],
        "recall": [
            0.5362318840579711,
            0.438375350140056,
            0.2690677966101695
        ],
        "f1": [
            0.5413313825896122,
            0.40102498398462527,
            0.29398148148148145
        ]
    },
    "vpl": {
        "accu": [
            0.5419034090909091
        ],
        "precision": [
            0.5125,
            0.5401284109149278,
            0.6349557522123894
        ],
        "recall": [
            0.4632768361581921,
            0.9753623188405797,
            0.20098039215686275
        ],
        "f1": [
            0.48664688427299707,
            0.6952479338842976,
            0.3053191489361703
        ]
    }
}