{
    "wml": {
        "accu": [
            0.6505681818181818
        ],
        "precision": [
            0.6906019007391764,
            0.8683385579937304,
            0.5812903225806452
        ],
        "recall": [
            0.7108695652173913,
            0.29096638655462187,
            0.9544491525423728
        ],
        "f1": [
            0.7005891805034815,
            0.43587726199842647,
            0.7225340817963111
        ]
    },
    "vpl": {
        "accu": [
            0.3856534090909091
        ],
        "precision": [
            0.627906976744186,
            0.6767676767676768,
            0.33304721030042916
        ],
        "recall": [
            0.2574152542372881,
            0.07282608695652174,
            0.8151260504201681
        ],
        "f1": [
            0.36513899323816684,
            0.13150147203140333,
            0.47288238878732475
        ]
    }
}