{
    "wml": {
        "accu": [
            0.5323153409090909
        ],
        "precision": [
            0.4729637234770705,
            0.31736526946107785,
            0.7599531615925058
        ],
        "recall": [
            0.7510869565217392,
            0.17282608695652174,
            0.6649590163934426
        ],
        "f1": [
            0.5804283914321714,
            0.22378606615059818,
            0.7092896174863387
        ]
    },
    "vpl": {
        "accu": [
            0.6029829545454546
        ],
        "precision": [
            0.5401785714285714,
            0.7007376185458377,
            0.5550821667681071
        ],
        "recall": [
            0.12397540983606557,
            0.7228260869565217,
            0.991304347826087
        ],
        "f1": [
            0.20166666666666666,
            0.7116104868913858,
            0.7116660163870464
        ]
    }
}