{
    "wml": {
        "accu": [
            0.3366477272727273
        ],
        "precision": [
            0.2422907488986784,
            0.3591417910447761,
            0.6099476439790575
        ],
        "recall": [
            0.358695652173913,
            0.40441176470588236,
            0.2468220338983051
        ],
        "f1": [
            0.28921998247151626,
            0.3804347826086957,
            0.3514328808446455
        ]
    },
    "vpl": {
        "accu": [
            0.3526278409090909
        ],
        "precision": [
            0.26153846153846155,
            0.3868131868131868,
            0.4290512174643157
        ],
        "recall": [
            0.3241525423728814,
            0.19130434782608696,
            0.5367647058823529
        ],
        "f1": [
            0.28949858088930935,
            0.256,
            0.4769015398973402
        ]
    }
}