{
    "wml": {
        "accu": [
            0.44282670454545453
        ],
        "precision": [
            0.8775510204081632,
            0.803921568627451,
            0.38814453917986197
        ],
        "recall": [
            0.09684684684684684,
            0.21533613445378152,
            0.9795081967213115
        ],
        "f1": [
            0.17444219066937117,
            0.33968516984258496,
            0.5559755742948532
        ]
    },
    "vpl": {
        "accu": [
            0.2780539772727273
        ],
        "precision": [
            0.3139348638547784,
            0.12690355329949238,
            0.2641165755919854
        ],
        "recall": [
            0.6024590163934426,
            0.05630630630630631,
            0.15231092436974789
        ],
        "f1": [
            0.4127764127764128,
            0.07800312012480498,
            0.19320453031312457
        ]
    }
}