{
    "wml": {
        "accu": [
            0.47798295454545453
        ],
        "precision": [
            0.6271018793273986,
            0.3393939393939394,
            0.4360236220472441
        ],
        "recall": [
            0.45942028985507244,
            0.04057971014492753,
            0.9077868852459017
        ],
        "f1": [
            0.5303220409870346,
            0.07249190938511327,
            0.5890957446808511
        ]
    },
    "vpl": {
        "accu": [
            0.3262310606060606
        ],
        "precision": [
            0.3306801736613603,
            0.3459879206212252,
            0.22709923664122136
        ],
        "recall": [
            0.3121584699453552,
            0.5811594202898551,
            0.08623188405797101
        ],
        "f1": [
            0.3211524947294448,
            0.4337479718766901,
            0.125
        ]
    }
}