{
    "wml": {
        "accu": [
            0.6381392045454546
        ],
        "precision": [
            0.5839299920445505,
            0.5375494071146245,
            0.7511870845204178
        ],
        "recall": [
            0.8265765765765766,
            0.2857142857142857,
            0.8104508196721312
        ],
        "f1": [
            0.6843822843822844,
            0.3731138545953361,
            0.7796944307540661
        ]
    },
    "vpl": {
        "accu": [
            0.22975852272727273
        ],
        "precision": [
            0.1733430444282593,
            0.3753351206434316,
            0.18507890961262555
        ],
        "recall": [
            0.24385245901639344,
            0.3153153153153153,
            0.13550420168067226
        ],
        "f1": [
            0.2026394210302256,
            0.34271725826193394,
            0.1564584596725288
        ]
    }
}