{
    "wml": {
        "accu": [
            0.4325284090909091
        ],
        "precision": [
            0.3887423043095866,
            0.0,
            0.6423076923076924
        ],
        "recall": [
            0.9608695652173913,
            0.0,
            0.3422131147540984
        ],
        "f1": [
            0.5535378835316218,
            NaN,
            0.446524064171123
        ]
    },
    "vpl": {
        "accu": [
            0.5220170454545454
        ],
        "precision": [
            0.5732666190135811,
            NaN,
            0.47141848976711365
        ],
        "recall": [
            0.8217213114754098,
            0.0,
            0.7260869565217392
        ],
        "f1": [
            0.6753684210526315,
            NaN,
            0.5716730851519042
        ]
    }
}