{
    "wml": {
        "accu": [
            0.4051846590909091
        ],
        "precision": [
            0.4462279293739968,
            0.39398998330550916,
            0.3933500627352572
        ],
        "recall": [
            0.30217391304347824,
            0.24789915966386555,
            0.6641949152542372
        ],
        "f1": [
            0.36033700583279327,
            0.3043197936814958,
            0.4940898345153664
        ]
    },
    "vpl": {
        "accu": [
            0.51953125
        ],
        "precision": [
            0.5188387893761581,
            0.5057833859095688,
            0.5772357723577236
        ],
        "recall": [
            0.8898305084745762,
            0.5228260869565218,
            0.14915966386554622
        ],
        "f1": [
            0.6554818571985953,
            0.5141635489043292,
            0.2370617696160267
        ]
    }
}