{
    "wml": {
        "accu": [
            0.2772253787878788
        ],
        "precision": [
            0.2572877059569075,
            0.3164191419141914,
            0.19881305637982197
        ],
        "recall": [
            0.1471014492753623,
            0.5371148459383753,
            0.1419491525423729
        ],
        "f1": [
            0.18718303365606268,
            0.39823468328141226,
            0.16563658838071693
        ]
    },
    "vpl": {
        "accu": [
            0.6351799242424242
        ],
        "precision": [
            0.65055329062318,
            0.71996685998343,
            0.5361538461538462
        ],
        "recall": [
            0.7888418079096046,
            0.6297101449275362,
            0.4880952380952381
        ],
        "f1": [
            0.7130545802744973,
            0.671820641669888,
            0.5109970674486803
        ]
    }
}