{
    "wml": {
        "accu": [
            0.4659090909090909
        ],
        "precision": [
            0.37694419030192133,
            0.5425531914893617,
            0.457002457002457
        ],
        "recall": [
            0.46396396396396394,
            0.75,
            0.19057377049180327
        ],
        "f1": [
            0.41595153962645126,
            0.6296296296296297,
            0.26898047722342733
        ]
    },
    "vpl": {
        "accu": [
            0.38316761363636365
        ],
        "precision": [
            0.56875,
            0.2877656519241815,
            0.2782608695652174
        ],
        "recall": [
            0.5594262295081968,
            0.5641891891891891,
            0.03361344537815126
        ],
        "f1": [
            0.5640495867768596,
            0.3811335108406238,
            0.05998125585754451
        ]
    }
}