{
    "wml": {
        "accu": [
            0.4559659090909091
        ],
        "precision": [
            0.539440203562341,
            0.31007751937984496,
            0.47653429602888087
        ],
        "recall": [
            0.4608695652173913,
            0.21739130434782608,
            0.6762295081967213
        ],
        "f1": [
            0.49706916764361075,
            0.25559105431309903,
            0.5590851334180431
        ]
    },
    "vpl": {
        "accu": [
            0.39488636363636365
        ],
        "precision": [
            0.45,
            0.3457382953181273,
            0.4824561403508772
        ],
        "recall": [
            0.26741803278688525,
            0.6260869565217392,
            0.29891304347826086
        ],
        "f1": [
            0.33547557840616965,
            0.4454756380510441,
            0.36912751677852346
        ]
    }
}