{
    "wml": {
        "accu": [
            0.4968039772727273
        ],
        "precision": [
            0.8753148614609572,
            0.37606837606837606,
            0.0
        ],
        "recall": [
            0.7826576576576577,
            0.7394957983193278,
            0.0
        ],
        "f1": [
            0.8263971462544591,
            0.4985835694050992,
            NaN
        ]
    },
    "vpl": {
        "accu": [
            0.2840909090909091
        ],
        "precision": [
            0.35133333333333333,
            0.3613013698630137,
            0.08469945355191257
        ],
        "recall": [
            0.5399590163934426,
            0.2376126126126126,
            0.06512605042016807
        ],
        "f1": [
            0.42568659127625197,
            0.2866847826086956,
            0.07363420427553444
        ]
    }
}