{
    "wml": {
        "accu": [
            0.4250710227272727
        ],
        "precision": [
            0.5092592592592593,
            0.4465592972181552,
            0.3784511784511784
        ],
        "recall": [
            0.3716216216216216,
            0.32037815126050423,
            0.5758196721311475
        ],
        "f1": [
            0.4296875,
            0.3730886850152905,
            0.45672490857375053
        ]
    },
    "vpl": {
        "accu": [
            0.44176136363636365
        ],
        "precision": [
            0.5090311986863711,
            0.4367469879518072,
            0.16296296296296298
        ],
        "recall": [
            0.6352459016393442,
            0.6531531531531531,
            0.046218487394957986
        ],
        "f1": [
            0.5651777575205104,
            0.5234657039711191,
            0.07201309328968904
        ]
    }
}