{
    "wml": {
        "accu": [
            0.4524147727272727
        ],
        "precision": [
            0.48930971288943187,
            0.3673469387755102,
            0.6333333333333333
        ],
        "recall": [
            0.902027027027027,
            0.39705882352941174,
            0.09733606557377049
        ],
        "f1": [
            0.6344554455445545,
            0.38162544169611307,
            0.16873889875666073
        ]
    },
    "vpl": {
        "accu": [
            0.24751420454545456
        ],
        "precision": [
            0.2084592145015106,
            0.16948051948051948,
            0.38835978835978835
        ],
        "recall": [
            0.0706967213114754,
            0.2939189189189189,
            0.3855042016806723
        ],
        "f1": [
            0.10558530986993114,
            0.21499176276771004,
            0.3869267264101212
        ]
    }
}