{
    "wml": {
        "accu": [
            0.35913825757575757
        ],
        "precision": [
            0.4025974025974026,
            0.036011080332409975,
            0.42627737226277373
        ],
        "recall": [
            0.02246376811594203,
            0.01884057971014493,
            0.9972677595628415
        ],
        "f1": [
            0.04255319148936171,
            0.024738344433872503,
            0.5972591532010637
        ]
    },
    "vpl": {
        "accu": [
            0.5542140151515151
        ],
        "precision": [
            0.44076273835573615,
            0.9946452476572959,
            0.6762589928057554
        ],
        "recall": [
            0.9631147540983607,
            0.5384057971014493,
            0.13623188405797101
        ],
        "f1": [
            0.6047608835513617,
            0.6986365773389752,
            0.22677925211097708
        ]
    }
}