{
    "wml": {
        "accu": [
            0.4375
        ],
        "precision": [
            0.39200863930885527,
            0.5167930660888408,
            0.7073170731707317
        ],
        "recall": [
            0.8175675675675675,
            0.5010504201680672,
            0.02971311475409836
        ],
        "f1": [
            0.5299270072992701,
            0.5087999999999999,
            0.057030481809242875
        ]
    },
    "vpl": {
        "accu": [
            0.46519886363636365
        ],
        "precision": [
            0.44967074317968014,
            0.4954954954954955,
            1.0
        ],
        "recall": [
            0.9795081967213115,
            0.3716216216216216,
            0.025210084033613446
        ],
        "f1": [
            0.6163765312701484,
            0.42471042471042475,
            0.049180327868852465
        ]
    }
}