{
    "wml": {
        "accu": [
            0.26136363636363635
        ],
        "precision": [
            0.22739916550764952,
            1.0,
            0.2952727272727273
        ],
        "recall": [
            0.36824324324324326,
            0.0031512605042016808,
            0.41598360655737704
        ],
        "f1": [
            0.28116938950988823,
            0.0062827225130890054,
            0.3453849425776266
        ]
    },
    "vpl": {
        "accu": [
            0.5131392045454546
        ],
        "precision": [
            0.4793346774193548,
            0.6314935064935064,
            0.4861111111111111
        ],
        "recall": [
            0.9743852459016393,
            0.4380630630630631,
            0.11029411764705882
        ],
        "f1": [
            0.6425675675675676,
            0.5172872340425533,
            0.1797945205479452
        ]
    }
}