{
    "wml": {
        "accu": [
            0.27485795454545453
        ],
        "precision": [
            0.3236842105263158,
            0.11458333333333333,
            0.23550724637681159
        ],
        "recall": [
            0.5347826086956522,
            0.02391304347826087,
            0.26639344262295084
        ],
        "f1": [
            0.4032786885245902,
            0.039568345323741004,
            0.25000000000000006
        ]
    },
    "vpl": {
        "accu": [
            0.5990767045454546
        ],
        "precision": [
            0.7066532258064516,
            0.5372492836676218,
            0.5514018691588785
        ],
        "recall": [
            0.7182377049180327,
            0.8152173913043478,
            0.2565217391304348
        ],
        "f1": [
            0.7123983739837398,
            0.6476683937823835,
            0.35014836795252224
        ]
    }
}