{
    "wml": {
        "accu": [
            0.45928030303030304
        ],
        "precision": [
            0.48496530454895914,
            0.3235294117647059,
            0.6497890295358649
        ],
        "recall": [
            0.9115942028985508,
            0.2710144927536232,
            0.2103825136612022
        ],
        "f1": [
            0.6331152491192753,
            0.2949526813880126,
            0.31785345717234265
        ]
    },
    "vpl": {
        "accu": [
            0.43205492424242425
        ],
        "precision": [
            0.5484903934126258,
            0.5807692307692308,
            0.2134387351778656
        ],
        "recall": [
            0.8189890710382514,
            0.21884057971014492,
            0.23478260869565218
        ],
        "f1": [
            0.656986301369863,
            0.3178947368421053,
            0.2236024844720497
        ]
    }
}