{
    "wml": {
        "accu": [
            0.24053030303030304
        ],
        "precision": [
            0.01478953356086462,
            0.3488372093023256,
            0.22507552870090636
        ],
        "recall": [
            0.009420289855072464,
            0.5108695652173914,
            0.20355191256830601
        ],
        "f1": [
            0.011509517485613106,
            0.4145839458982653,
            0.21377331420373027
        ]
    },
    "vpl": {
        "accu": [
            0.4630681818181818
        ],
        "precision": [
            0.3998678122934567,
            0.9355246523388117,
            0.3182291666666667
        ],
        "recall": [
            0.41325136612021857,
            0.5362318840579711,
            0.4427536231884058
        ],
        "f1": [
            0.40644944575075576,
            0.6817134960847537,
            0.37030303030303025
        ]
    }
}