{
    "wml": {
        "accu": [
            0.6257102272727273
        ],
        "precision": [
            0.7407071622846781,
            0.09821428571428571,
            0.5833853841349157
        ],
        "recall": [
            0.8880434782608696,
            0.011554621848739496,
            0.989406779661017
        ],
        "f1": [
            0.8077113198220465,
            0.020676691729323307,
            0.7339882121807467
        ]
    },
    "vpl": {
        "accu": [
            0.6392045454545454
        ],
        "precision": [
            0.771689497716895,
            0.6040100250626567,
            0.5124593716143012
        ],
        "recall": [
            0.8951271186440678,
            0.5239130434782608,
            0.49684873949579833
        ],
        "f1": [
            0.8288376655223149,
            0.5611175785797439,
            0.5045333333333333
        ]
    }
}