{
    "wml": {
        "accu": [
            0.3341619318181818
        ],
        "precision": [
            NaN,
            0.0,
            0.3345183078563811
        ],
        "recall": [
            0.0,
            0.0,
            0.996822033898305
        ],
        "f1": [
            NaN,
            NaN,
            0.5009315943571999
        ]
    },
    "vpl": {
        "accu": [
            0.4325284090909091
        ],
        "precision": [
            0.5434782608695652,
            0.37869198312236285,
            NaN
        ],
        "recall": [
            0.5296610169491526,
            0.7804347826086957,
            0.0
        ],
        "f1": [
            0.536480686695279,
            0.5099431818181818,
            NaN
        ]
    }
}