{
    "wml": {
        "accu": [
            0.4861505681818182
        ],
        "precision": [
            0.46326276463262767,
            0.38232558139534883,
            0.6247334754797441
        ],
        "recall": [
            0.4043478260869565,
            0.4467391304347826,
            0.6004098360655737
        ],
        "f1": [
            0.43180499129425426,
            0.4120300751879699,
            0.612330198537095
        ]
    },
    "vpl": {
        "accu": [
            0.46732954545454547
        ],
        "precision": [
            0.5653923541247485,
            0.44014732965009207,
            0.29923273657289
        ],
        "recall": [
            0.8637295081967213,
            0.2597826086956522,
            0.2543478260869565
        ],
        "f1": [
            0.6834211593027969,
            0.3267259056732741,
            0.27497062279670975
        ]
    }
}