{
    "wml": {
        "accu": [
            0.4850852272727273
        ],
        "precision": [
            0.556795797767564,
            0.08441558441558442,
            0.4433713784021071
        ],
        "recall": [
            0.954954954954955,
            0.01365546218487395,
            0.5174180327868853
        ],
        "f1": [
            0.7034425549564497,
            0.023508137432188065,
            0.47754137115839246
        ]
    },
    "vpl": {
        "accu": [
            0.2784090909090909
        ],
        "precision": [
            0.2885572139303483,
            0.12310286677908938,
            0.6150234741784038
        ],
        "recall": [
            0.5942622950819673,
            0.08220720720720721,
            0.13760504201680673
        ],
        "f1": [
            0.38847957133288685,
            0.0985820391627279,
            0.22489270386266097
        ]
    }
}