{
    "wml": {
        "accu": [
            0.4680397727272727
        ],
        "precision": [
            0.5705521472392638,
            0.0,
            0.42671335667833915
        ],
        "recall": [
            0.5236486486486487,
            0.0,
            0.8739754098360656
        ],
        "f1": [
            0.5460951262477981,
            NaN,
            0.5734453781512605
        ]
    },
    "vpl": {
        "accu": [
            0.19992897727272727
        ],
        "precision": [
            0.194377990430622,
            0.33069620253164556,
            0.056640625
        ],
        "recall": [
            0.33299180327868855,
            0.23536036036036037,
            0.03046218487394958
        ],
        "f1": [
            0.24546827794561932,
            0.275,
            0.03961748633879781
        ]
    }
}