{
    "wml": {
        "accu": [
            0.43785511363636365
        ],
        "precision": [
            0.3537190082644628,
            0.24719101123595505,
            0.715258855585831
        ],
        "recall": [
            0.722972972972973,
            0.06932773109243698,
            0.5379098360655737
        ],
        "f1": [
            0.47502774694783567,
            0.10828547990155865,
            0.6140350877192983
        ]
    },
    "vpl": {
        "accu": [
            0.2919034090909091
        ],
        "precision": [
            0.19572368421052633,
            0.5580774365821095,
            0.19533927347498287
        ],
        "recall": [
            0.12192622950819672,
            0.47072072072072074,
            0.29936974789915966
        ],
        "f1": [
            0.15025252525252525,
            0.5106902871105682,
            0.23641642472003319
        ]
    }
}