{
    "wml": {
        "accu": [
            0.3778409090909091
        ],
        "precision": [
            0.0,
            0.36722721939773173,
            0.4844961240310077
        ],
        "recall": [
            0.0,
            0.9863445378151261,
            0.12807377049180327
        ],
        "f1": [
            NaN,
            0.5351952123111998,
            0.2025931928687196
        ]
    },
    "vpl": {
        "accu": [
            0.43892045454545453
        ],
        "precision": [
            0.5751231527093597,
            0.3441208198489752,
            0.4178272980501393
        ],
        "recall": [
            0.47848360655737704,
            0.35923423423423423,
            0.4726890756302521
        ],
        "f1": [
            0.5223713646532439,
            0.3515151515151515,
            0.4435682602267127
        ]
    }
}