{
    "wml": {
        "accu": [
            0.23970170454545456
        ],
        "precision": [
            0.052123552123552123,
            0.3102310231023102,
            0.43133802816901406
        ],
        "recall": [
            0.060810810810810814,
            0.3949579831932773,
            0.2510245901639344
        ],
        "f1": [
            0.05613305613305614,
            0.34750462107208874,
            0.31735751295336784
        ]
    },
    "vpl": {
        "accu": [
            0.3664772727272727
        ],
        "precision": [
            0.3333333333333333,
            0.33939818054583626,
            0.5150214592274678
        ],
        "recall": [
            0.3145491803278688,
            0.5461711711711712,
            0.25210084033613445
        ],
        "f1": [
            0.3236689509752241,
            0.41864479930945186,
            0.3385049365303244
        ]
    }
}