{
    "wml": {
        "accu": [
            0.2528409090909091
        ],
        "precision": [
            0.11568123393316196,
            0.3770053475935829,
            0.11063372717508056
        ],
        "recall": [
            0.05067567567567568,
            0.592436974789916,
            0.10553278688524591
        ],
        "f1": [
            0.07047768206734534,
            0.46078431372549017,
            0.10802307288935502
        ]
    },
    "vpl": {
        "accu": [
            0.5504261363636364
        ],
        "precision": [
            0.5749697702539298,
            0.5340136054421769,
            0.45714285714285713
        ],
        "recall": [
            0.9743852459016393,
            0.5304054054054054,
            0.13445378151260504
        ],
        "f1": [
            0.7231939163498099,
            0.5322033898305084,
            0.20779220779220778
        ]
    }
}