{
    "wml": {
        "accu": [
            0.18110795454545456
        ],
        "precision": [
            0.07196401799100449,
            0.18782791185729275,
            0.23662207357859533
        ],
        "recall": [
            0.05405405405405406,
            0.1880252100840336,
            0.2899590163934426
        ],
        "f1": [
            0.06173633440514469,
            0.18792650918635168,
            0.2605893186003683
        ]
    },
    "vpl": {
        "accu": [
            0.2421875
        ],
        "precision": [
            0.1800232288037166,
            0.45089285714285715,
            0.026347305389221556
        ],
        "recall": [
            0.15881147540983606,
            0.5686936936936937,
            0.023109243697478993
        ],
        "f1": [
            0.16875340228633642,
            0.5029880478087649,
            0.024622271964185784
        ]
    }
}