{
    "wml": {
        "accu": [
            0.31392045454545453
        ],
        "precision": [
            0.3739495798319328,
            0.18181818181818182,
            0.24489795918367346
        ],
        "recall": [
            0.8018018018018018,
            0.15546218487394958,
            0.02459016393442623
        ],
        "f1": [
            0.5100286532951289,
            0.16761041902604756,
            0.0446927374301676
        ]
    },
    "vpl": {
        "accu": [
            0.3213778409090909
        ],
        "precision": [
            0.3417593528816987,
            0.05604719764011799,
            0.46040034812880765
        ],
        "recall": [
            0.3463114754098361,
            0.04279279279279279,
            0.555672268907563
        ],
        "f1": [
            0.3440203562340967,
            0.04853128991060026,
            0.5035697287006187
        ]
    }
}