{
    "wml": {
        "accu": [
            0.4509943181818182
        ],
        "precision": [
            0.2563176895306859,
            0.41645569620253164,
            0.5641293013555787
        ],
        "recall": [
            0.07995495495495496,
            0.6911764705882353,
            0.5543032786885246
        ],
        "f1": [
            0.12188841201716737,
            0.5197472353870458,
            0.5591731266149871
        ]
    },
    "vpl": {
        "accu": [
            0.35795454545454547
        ],
        "precision": [
            0.234,
            0.0,
            0.39688195991091313
        ],
        "recall": [
            0.11987704918032786,
            0.0,
            0.9359243697478992
        ],
        "f1": [
            0.15853658536585366,
            NaN,
            0.5573975602126994
        ]
    }
}