{
    "wml": {
        "accu": [
            0.31226325757575757
        ],
        "precision": [
            0.16016260162601625,
            0.36404293381037567,
            0.40633245382585753
        ],
        "recall": [
            0.1427536231884058,
            0.5700280112044818,
            0.2175141242937853
        ],
        "f1": [
            0.15095785440613027,
            0.4443231441048035,
            0.28334866605335784
        ]
    },
    "vpl": {
        "accu": [
            0.43513257575757575
        ],
        "precision": [
            0.5173978819969742,
            0.15165876777251186,
            0.3842364532019704
        ],
        "recall": [
            0.7245762711864406,
            0.02318840579710145,
            0.5462184873949579
        ],
        "f1": [
            0.6037069726390115,
            0.04022627278441231,
            0.45112781954887216
        ]
    }
}