{
    "wml": {
        "accu": [
            0.38139204545454547
        ],
        "precision": [
            0.3505311077389985,
            0.17465753424657535,
            0.47107438016528924
        ],
        "recall": [
            0.26013513513513514,
            0.10714285714285714,
            0.7592213114754098
        ],
        "f1": [
            0.2986425339366516,
            0.1328125,
            0.581404472342095
        ]
    },
    "vpl": {
        "accu": [
            0.4889914772727273
        ],
        "precision": [
            0.46916146916146917,
            0.3777429467084639,
            0.6244897959183674
        ],
        "recall": [
            0.6936475409836066,
            0.2713963963963964,
            0.48214285714285715
        ],
        "f1": [
            0.5597354278627532,
            0.31585845347313235,
            0.5441612329579135
        ]
    }
}