{
    "wml": {
        "accu": [
            0.2421875
        ],
        "precision": [
            0.26768968456947995,
            0.11764705882352941,
            0.07142857142857142
        ],
        "recall": [
            0.7072072072072072,
            0.0546218487394958,
            0.0020491803278688526
        ],
        "f1": [
            0.38837353123067403,
            0.0746054519368723,
            0.00398406374501992
        ]
    },
    "vpl": {
        "accu": [
            0.3916903409090909
        ],
        "precision": [
            0.31601731601731603,
            0.49837486457204766,
            0.3622291021671827
        ],
        "recall": [
            0.29918032786885246,
            0.5180180180180181,
            0.36869747899159666
        ],
        "f1": [
            0.30736842105263157,
            0.508006626173385,
            0.36543466944299846
        ]
    }
}