{
    "wml": {
        "accu": [
            0.5092329545454546
        ],
        "precision": [
            0.7847222222222222,
            0.5515463917525774,
            0.47354886113152095
        ],
        "recall": [
            0.08188405797101449,
            0.5245098039215687,
            0.9103107344632768
        ],
        "f1": [
            0.14829396325459315,
            0.5376884422110553,
            0.623006283228613
        ]
    },
    "vpl": {
        "accu": [
            0.3016098484848485
        ],
        "precision": [
            0.21969006381039197,
            0.47639034627492133,
            0.26632934682612697
        ],
        "recall": [
            0.17019774011299435,
            0.3289855072463768,
            0.4054621848739496
        ],
        "f1": [
            0.19180262634301634,
            0.3891984569224175,
            0.3214880621876735
        ]
    }
}