{
    "wml": {
        "accu": [
            0.32066761363636365
        ],
        "precision": [
            0.03133903133903134,
            0.2927241962774958,
            0.3836712913553895
        ],
        "recall": [
            0.012387387387387387,
            0.18172268907563024,
            0.7366803278688525
        ],
        "f1": [
            0.01775625504439064,
            0.22423849643551522,
            0.504561403508772
        ]
    },
    "vpl": {
        "accu": [
            0.34517045454545453
        ],
        "precision": [
            0.08925619834710743,
            0.6138763197586727,
            0.3301033591731266
        ],
        "recall": [
            0.055327868852459015,
            0.4583333333333333,
            0.5367647058823529
        ],
        "f1": [
            0.06831119544592029,
            0.524822695035461,
            0.4088
        ]
    }
}