{
    "wml": {
        "accu": [
            0.3174715909090909
        ],
        "precision": [
            0.19448275862068964,
            0.366303436714166,
            0.3518930957683742
        ],
        "recall": [
            0.1532608695652174,
            0.45903361344537813,
            0.3347457627118644
        ],
        "f1": [
            0.17142857142857143,
            0.4074592074592075,
            0.3431053203040174
        ]
    },
    "vpl": {
        "accu": [
            0.5795454545454546
        ],
        "precision": [
            0.6663254861821903,
            0.5676937441643324,
            0.4856770833333333
        ],
        "recall": [
            0.6896186440677966,
            0.6608695652173913,
            0.3918067226890756
        ],
        "f1": [
            0.6777719937532536,
            0.610748367654445,
            0.43372093023255814
        ]
    }
}