{
    "wml": {
        "accu": [
            0.24467329545454544
        ],
        "precision": [
            0.14382632293080055,
            0.3108252947481243,
            0.014084507042253521
        ],
        "recall": [
            0.11936936936936937,
            0.6092436974789915,
            0.0030737704918032786
        ],
        "f1": [
            0.13046153846153846,
            0.4116394606103619,
            0.005046257359125316
        ]
    },
    "vpl": {
        "accu": [
            0.4012784090909091
        ],
        "precision": [
            0.667779632721202,
            0.43160127253446445,
            0.25353218210361067
        ],
        "recall": [
            0.4098360655737705,
            0.4583333333333333,
            0.3392857142857143
        ],
        "f1": [
            0.5079365079365079,
            0.4445658110322228,
            0.29020664869721474
        ]
    }
}