{
    "wml": {
        "accu": [
            0.3504971590909091
        ],
        "precision": [
            1.0,
            0.43020485945688425,
            0.10339943342776203
        ],
        "recall": [
            0.012387387387387387,
            0.9485294117647058,
            0.07479508196721311
        ],
        "f1": [
            0.02447163515016685,
            0.591937069813176,
            0.0868014268727705
        ]
    },
    "vpl": {
        "accu": [
            0.38245738636363635
        ],
        "precision": [
            0.5382513661202186,
            0.4292682926829268,
            0.0
        ],
        "recall": [
            0.20184426229508196,
            0.990990990990991,
            0.0
        ],
        "f1": [
            0.2935916542473919,
            0.5990469707283866,
            NaN
        ]
    }
}