{
    "wml": {
        "accu": [
            0.35298295454545453
        ],
        "precision": [
            0.4638678596008259,
            0.02412280701754386,
            0.340683572216097
        ],
        "recall": [
            0.7326086956521739,
            0.011554621848739496,
            0.3273305084745763
        ],
        "f1": [
            0.5680573114201433,
            0.015625,
            0.3338735818476499
        ]
    },
    "vpl": {
        "accu": [
            0.6395596590909091
        ],
        "precision": [
            0.8814016172506739,
            0.5280046674445741,
            0.7783857729138167
        ],
        "recall": [
            0.3463983050847458,
            0.9836956521739131,
            0.5976890756302521
        ],
        "f1": [
            0.49733840304182514,
            0.6871678056188306,
            0.6761734997029115
        ]
    }
}