{
    "wml": {
        "accu": [
            0.3430397727272727
        ],
        "precision": [
            0.3385469223007064,
            0.4659090909090909,
            0.34048257372654156
        ],
        "recall": [
            0.7293478260869565,
            0.0430672268907563,
            0.2690677966101695
        ],
        "f1": [
            0.46243969676085456,
            0.07884615384615384,
            0.30059171597633133
        ]
    },
    "vpl": {
        "accu": [
            0.35688920454545453
        ],
        "precision": [
            0.45368171021377673,
            0.20684736091298145,
            0.3368544600938967
        ],
        "recall": [
            0.6069915254237288,
            0.15760869565217392,
            0.3014705882352941
        ],
        "f1": [
            0.5192569098323516,
            0.17890191239975325,
            0.3181818181818182
        ]
    }
}