{
    "wml": {
        "accu": [
            0.2942708333333333
        ],
        "precision": [
            0.2634905201750122,
            0.5276967930029155,
            0.13884007029876977
        ],
        "recall": [
            0.3927536231884058,
            0.3934782608695652,
            0.10792349726775956
        ],
        "f1": [
            0.3153913296479488,
            0.4508094645080946,
            0.12144504227517294
        ]
    },
    "vpl": {
        "accu": [
            0.6356534090909091
        ],
        "precision": [
            0.49173553719008267,
            0.9620253164556962,
            0.497172859450727
        ],
        "recall": [
            0.16256830601092895,
            0.881159420289855,
            0.8920289855072464
        ],
        "f1": [
            0.24435318275154003,
            0.9198184568835098,
            0.6384854771784233
        ]
    }
}