{
    "wml": {
        "accu": [
            0.3966619318181818
        ],
        "precision": [
            0.8212927756653993,
            0.40115761353517365,
            0.0
        ],
        "recall": [
            0.23478260869565218,
            0.9464285714285714,
            0.0
        ],
        "f1": [
            0.3651732882502113,
            0.5634771732332708,
            NaN
        ]
    },
    "vpl": {
        "accu": [
            0.3057528409090909
        ],
        "precision": [
            0.2286527514231499,
            0.547945205479452,
            0.2131782945736434
        ],
        "recall": [
            0.2552966101694915,
            0.43478260869565216,
            0.23109243697478993
        ],
        "f1": [
            0.24124124124124122,
            0.4848484848484848,
            0.2217741935483871
        ]
    }
}