{
    "wml": {
        "accu": [
            0.3380681818181818
        ],
        "precision": [
            0.6354883081155434,
            0.26053310404127256,
            0.2019438444924406
        ],
        "recall": [
            0.5202702702702703,
            0.3182773109243697,
            0.1915983606557377
        ],
        "f1": [
            0.5721362229102168,
            0.2865248226950354,
            0.19663512092534177
        ]
    },
    "vpl": {
        "accu": [
            0.6079545454545454
        ],
        "precision": [
            0.699867197875166,
            0.5804347826086956,
            0.5695538057742782
        ],
        "recall": [
            0.5399590163934426,
            0.6013513513513513,
            0.6838235294117647
        ],
        "f1": [
            0.6096009253903991,
            0.5907079646017699,
            0.6214797136038186
        ]
    }
}