{
    "wml": {
        "accu": [
            0.5774147727272727
        ],
        "precision": [
            0.6390315480557593,
            NaN,
            0.5196145905024088
        ],
        "recall": [
            0.9808558558558559,
            0.0,
            0.7735655737704918
        ],
        "f1": [
            0.7738782763216349,
            NaN,
            0.6216550020584602
        ]
    },
    "vpl": {
        "accu": [
            0.1875
        ],
        "precision": [
            0.07971014492753623,
            0.19954954954954954,
            0.9318181818181818
        ],
        "recall": [
            0.045081967213114756,
            0.4988738738738739,
            0.0430672268907563
        ],
        "f1": [
            0.05759162303664922,
            0.28507078507078504,
            0.0823293172690763
        ]
    }
}