{
    "wml": {
        "accu": [
            0.21129261363636365
        ],
        "precision": [
            0.24449877750611246,
            0.3471337579617834,
            0.09930715935334873
        ],
        "recall": [
            0.43478260869565216,
            0.11847826086956521,
            0.08811475409836066
        ],
        "f1": [
            0.3129890453834116,
            0.1766612641815235,
            0.09337676438653637
        ]
    },
    "vpl": {
        "accu": [
            0.43004261363636365
        ],
        "precision": [
            0.0,
            0.5276497695852534,
            0.3651567944250871
        ],
        "recall": [
            0.0,
            0.7467391304347826,
            0.5695652173913044
        ],
        "f1": [
            NaN,
            0.6183618361836184,
            0.44501061571125267
        ]
    }
}