{
    "wml": {
        "accu": [
            0.37535511363636365
        ],
        "precision": [
            0.4238197424892704,
            0.33875338753387535,
            0.35951134380453753
        ],
        "recall": [
            0.42934782608695654,
            0.26260504201680673,
            0.4364406779661017
        ],
        "f1": [
            0.42656587473002155,
            0.2958579881656805,
            0.3942583732057416
        ]
    },
    "vpl": {
        "accu": [
            0.24147727272727273
        ],
        "precision": [
            0.75,
            0.21899012074643248,
            0.2789046653144016
        ],
        "recall": [
            0.006355932203389831,
            0.43369565217391304,
            0.28886554621848737
        ],
        "f1": [
            0.012605042016806723,
            0.2910284463894967,
            0.2837977296181631
        ]
    }
}