{
    "wml": {
        "accu": [
            0.5009469696969697
        ],
        "precision": [
            0.8302094818081588,
            0.3093681917211329,
            0.4829896907216495
        ],
        "recall": [
            0.5456521739130434,
            0.30869565217391304,
            0.6400273224043715
        ],
        "f1": [
            0.6585045911674683,
            0.30903155603917304,
            0.5505287896592245
        ]
    },
    "vpl": {
        "accu": [
            0.5333806818181818
        ],
        "precision": [
            0.6407249466950959,
            0.5411415863602669,
            0.3213213213213213
        ],
        "recall": [
            0.8210382513661202,
            0.5289855072463768,
            0.2326086956521739
        ],
        "f1": [
            0.7197604790419161,
            0.5349945034811288,
            0.2698612862547289
        ]
    }
}