{
    "wml": {
        "accu": [
            0.359375
        ],
        "precision": [
            0.3448709880427942,
            0.378158109209454,
            NaN
        ],
        "recall": [
            0.6171171171171171,
            0.48739495798319327,
            0.0
        ],
        "f1": [
            0.44247073072264836,
            0.42588343276732443,
            NaN
        ]
    },
    "vpl": {
        "accu": [
            0.45845170454545453
        ],
        "precision": [
            0.5584615384615385,
            0.37269129287598945,
            NaN
        ],
        "recall": [
            0.7438524590163934,
            0.6362612612612613,
            0.0
        ],
        "f1": [
            0.6379613356766256,
            0.4700499168053245,
            NaN
        ]
    }
}