{
    "wml": {
        "accu": [
            0.39417613636363635
        ],
        "precision": [
            0.5130813953488372,
            0.3170731707317073,
            0.3607863974495218
        ],
        "recall": [
            0.38369565217391305,
            0.0819327731092437,
            0.7192796610169492
        ],
        "f1": [
            0.4390547263681592,
            0.1302170283806344,
            0.48053786270346777
        ]
    },
    "vpl": {
        "accu": [
            0.4591619318181818
        ],
        "precision": [
            NaN,
            0.6262626262626263,
            0.40461610927932173
        ],
        "recall": [
            0.0,
            0.4717391304347826,
            0.9023109243697479
        ],
        "f1": [
            NaN,
            0.5381277123372598,
            0.5586991869918699
        ]
    }
}