{
    "wml": {
        "accu": [
            0.38245738636363635
        ],
        "precision": [
            0.17303370786516853,
            0.1253731343283582,
            0.47053045186640474
        ],
        "recall": [
            0.08671171171171171,
            0.04411764705882353,
            0.9815573770491803
        ],
        "f1": [
            0.11552888222055514,
            0.06526806526806526,
            0.6361221779548473
        ]
    },
    "vpl": {
        "accu": [
            0.6725852272727273
        ],
        "precision": [
            0.6663254861821903,
            0.6638655462184874,
            0.6888387824126269
        ],
        "recall": [
            0.6670081967213115,
            0.7117117117117117,
            0.6418067226890757
        ],
        "f1": [
            0.6666666666666667,
            0.6869565217391305,
            0.6644915715062534
        ]
    }
}