{
    "wml": {
        "accu": [
            0.35404829545454547
        ],
        "precision": [
            0.09554140127388536,
            0.3765490943755958,
            0.36459627329192545
        ],
        "recall": [
            0.016304347826086956,
            0.42934782608695654,
            0.6014344262295082
        ],
        "f1": [
            0.027855153203342618,
            0.4012188928390046,
            0.4539829853054911
        ]
    },
    "vpl": {
        "accu": [
            0.5046164772727273
        ],
        "precision": [
            0.9579349904397706,
            0.4012211077191452,
            NaN
        ],
        "recall": [
            0.5133196721311475,
            1.0,
            0.0
        ],
        "f1": [
            0.6684456304202802,
            0.5726735138499844,
            NaN
        ]
    }
}