{
    "wml": {
        "accu": [
            0.5582386363636364
        ],
        "precision": [
            0.5170863309352518,
            0.37697160883280756,
            0.708411214953271
        ],
        "recall": [
            0.625,
            0.2510504201680672,
            0.8029661016949152
        ],
        "f1": [
            0.5659448818897638,
            0.3013871374527112,
            0.7527308838133068
        ]
    },
    "vpl": {
        "accu": [
            0.55078125
        ],
        "precision": [
            0.7342436974789915,
            0.5017513134851138,
            0.3864265927977839
        ],
        "recall": [
            0.7404661016949152,
            0.6228260869565218,
            0.2930672268907563
        ],
        "f1": [
            0.7373417721518987,
            0.5557710960232783,
            0.3333333333333333
        ]
    }
}