{
    "wml": {
        "accu": [
            0.23259943181818182
        ],
        "precision": [
            0.14210526315789473,
            0.1962290502793296,
            0.35995085995085996
        ],
        "recall": [
            0.08804347826086957,
            0.29516806722689076,
            0.3103813559322034
        ],
        "f1": [
            0.10872483221476512,
            0.23573825503355703,
            0.3333333333333333
        ]
    },
    "vpl": {
        "accu": [
            0.49467329545454547
        ],
        "precision": [
            0.4862795149968092,
            1.0,
            0.4325068870523416
        ],
        "recall": [
            0.8072033898305084,
            0.17391304347826086,
            0.4947478991596639
        ],
        "f1": [
            0.6069295101553167,
            0.29629629629629634,
            0.4615384615384615
        ]
    }
}