{
    "wml": {
        "accu": [
            0.4108664772727273
        ],
        "precision": [
            0.35825358851674644,
            0.23427331887201736,
            0.6588579795021962
        ],
        "recall": [
            0.6745495495495496,
            0.1134453781512605,
            0.4610655737704918
        ],
        "f1": [
            0.46796875000000004,
            0.15286624203821655,
            0.54249547920434
        ]
    },
    "vpl": {
        "accu": [
            0.2879971590909091
        ],
        "precision": [
            0.1890359168241966,
            0.5046296296296297,
            0.2906808305166586
        ],
        "recall": [
            0.10245901639344263,
            0.12274774774774774,
            0.6323529411764706
        ],
        "f1": [
            0.132890365448505,
            0.19746376811594202,
            0.3982798544492226
        ]
    }
}