{
    "wml": {
        "accu": [
            0.33842329545454547
        ],
        "precision": [
            0.20209059233449478,
            0.5645730416372619,
            0.044848484848484846
        ],
        "recall": [
            0.13063063063063063,
            0.8403361344537815,
            0.03790983606557377
        ],
        "f1": [
            0.15868673050615595,
            0.6753904601097509,
            0.041088284286507494
        ]
    },
    "vpl": {
        "accu": [
            0.5571732954545454
        ],
        "precision": [
            0.0,
            0.7622317596566524,
            0.42088998763906055
        ],
        "recall": [
            0.0,
            1.0,
            0.7153361344537815
        ],
        "f1": [
            NaN,
            0.8650754992693619,
            0.5299610894941634
        ]
    }
}