{
    "wml": {
        "accu": [
            0.41761363636363635
        ],
        "precision": [
            1.0,
            0.3854166666666667,
            0.3552437223042836
        ],
        "recall": [
            0.240990990990991,
            0.5052521008403361,
            0.492827868852459
        ],
        "f1": [
            0.38838475499092556,
            0.43727272727272726,
            0.41287553648068664
        ]
    },
    "vpl": {
        "accu": [
            0.36754261363636365
        ],
        "precision": [
            0.4397410358565737,
            0.391812865497076,
            0.13343799058084774
        ],
        "recall": [
            0.9047131147540983,
            0.07545045045045046,
            0.08928571428571429
        ],
        "f1": [
            0.5918230563002681,
            0.12653446647780925,
            0.10698552548772813
        ]
    }
}