{
    "wml": {
        "accu": [
            0.2716619318181818
        ],
        "precision": [
            0.237829209896249,
            1.0,
            0.29653401797175866
        ],
        "recall": [
            0.3355855855855856,
            0.005252100840336135,
            0.4733606557377049
        ],
        "f1": [
            0.27837459131247083,
            0.01044932079414838,
            0.3646408839779005
        ]
    },
    "vpl": {
        "accu": [
            0.5617897727272727
        ],
        "precision": [
            0.6182965299684543,
            0.7526315789473684,
            0.4362934362934363
        ],
        "recall": [
            0.6024590163934426,
            0.4831081081081081,
            0.5934873949579832
        ],
        "f1": [
            0.610275038920602,
            0.5884773662551439,
            0.5028927458834002
        ]
    }
}