{
    "wml": {
        "accu": [
            0.5433238636363636
        ],
        "precision": [
            0.5801526717557252,
            0.38649789029535864,
            0.6937669376693767
        ],
        "recall": [
            0.34234234234234234,
            0.4810924369747899,
            0.7868852459016393
        ],
        "f1": [
            0.43059490084985835,
            0.4286382779597567,
            0.7373979836773884
        ]
    },
    "vpl": {
        "accu": [
            0.4754971590909091
        ],
        "precision": [
            0.4135753749013418,
            0.5097613882863341,
            0.5330882352941176
        ],
        "recall": [
            0.5368852459016393,
            0.26463963963963966,
            0.6092436974789915
        ],
        "f1": [
            0.4672313865358894,
            0.3484062268346924,
            0.5686274509803921
        ]
    }
}