{
    "wml": {
        "accu": [
            0.4279119318181818
        ],
        "precision": [
            0.8752079866888519,
            0.3556531284302964,
            0.27223926380368096
        ],
        "recall": [
            0.5923423423423423,
            0.3403361344537815,
            0.3637295081967213
        ],
        "f1": [
            0.7065144392209536,
            0.3478260869565218,
            0.31140350877192985
        ]
    },
    "vpl": {
        "accu": [
            0.42720170454545453
        ],
        "precision": [
            0.038834951456310676,
            0.41092973740241306,
            0.4754601226993865
        ],
        "recall": [
            0.004098360655737705,
            0.652027027027027,
            0.6512605042016807
        ],
        "f1": [
            0.0074142724745134385,
            0.5041358293426208,
            0.549645390070922
        ]
    }
}