{
    "wml": {
        "accu": [
            0.3861268939393939
        ],
        "precision": [
            0.8741092636579573,
            0.1753155680224404,
            0.36828478964401296
        ],
        "recall": [
            0.26666666666666666,
            0.09057971014492754,
            0.7773224043715847
        ],
        "f1": [
            0.40866185452526377,
            0.11944577161968466,
            0.4997804128238911
        ]
    },
    "vpl": {
        "accu": [
            0.4303977272727273
        ],
        "precision": [
            0.43448275862068964,
            0.44385216773276476,
            0.39553571428571427
        ],
        "recall": [
            0.0860655737704918,
            0.9050724637681159,
            0.3210144927536232
        ],
        "f1": [
            0.1436716077537058,
            0.5956127801621364,
            0.3544
        ]
    }
}