{
    "wml": {
        "accu": [
            0.5743371212121212
        ],
        "precision": [
            0.6005931784478498,
            NaN,
            0.5502044525215811
        ],
        "recall": [
            0.8804347826086957,
            0.0,
            0.8271857923497268
        ],
        "f1": [
            0.7140758154569496,
            NaN,
            0.6608458390177354
        ]
    },
    "vpl": {
        "accu": [
            0.3527462121212121
        ],
        "precision": [
            0.38825448613376834,
            0.2959905660377358,
            0.391644908616188
        ],
        "recall": [
            0.16256830601092895,
            0.36376811594202896,
            0.5434782608695652
        ],
        "f1": [
            0.22917669715936442,
            0.32639791937581275,
            0.4552352048558422
        ]
    }
}