{
    "wml": {
        "accu": [
            0.421875
        ],
        "precision": [
            0.9816326530612245,
            0.3416578108395324,
            0.14414414414414414
        ],
        "recall": [
            0.5416666666666666,
            0.6754201680672269,
            0.06557377049180328
        ],
        "f1": [
            0.6981132075471699,
            0.4537755822159492,
            0.09014084507042254
        ]
    },
    "vpl": {
        "accu": [
            0.4094460227272727
        ],
        "precision": [
            0.3134057971014493,
            0.3929824561403509,
            0.4386053562405255
        ],
        "recall": [
            0.17725409836065573,
            0.12612612612612611,
            0.9117647058823529
        ],
        "f1": [
            0.22643979057591623,
            0.19096334185848252,
            0.5922893210508359
        ]
    }
}