{
    "wml": {
        "accu": [
            0.2549715909090909
        ],
        "precision": [
            0.15677491601343785,
            0.2753623188405797,
            0.33455433455433453
        ],
        "recall": [
            0.15765765765765766,
            0.31932773109243695,
            0.2807377049180328
        ],
        "f1": [
            0.15721504772599662,
            0.29571984435797666,
            0.3052924791086351
        ]
    },
    "vpl": {
        "accu": [
            0.4286221590909091
        ],
        "precision": [
            0.39004707464694016,
            0.4429460580912863,
            0.547945205479452
        ],
        "recall": [
            0.5942622950819673,
            0.48085585585585583,
            0.21008403361344538
        ],
        "f1": [
            0.47097036134794973,
            0.46112311015118795,
            0.30372057706909644
        ]
    }
}