{
    "wml": {
        "accu": [
            0.31995738636363635
        ],
        "precision": [
            0.36260454002389486,
            0.21719955898566704,
            0.4127659574468085
        ],
        "recall": [
            0.6835585585585585,
            0.20693277310924368,
            0.09938524590163934
        ],
        "f1": [
            0.47384855581576896,
            0.21194190424959652,
            0.1601981833195706
        ]
    },
    "vpl": {
        "accu": [
            0.4609375
        ],
        "precision": [
            0.5495726495726496,
            0.34612490594431905,
            0.6151419558359621
        ],
        "recall": [
            0.6588114754098361,
            0.5180180180180181,
            0.20483193277310924
        ],
        "f1": [
            0.5992544268406337,
            0.4149751917004962,
            0.3073286052009456
        ]
    }
}