{
    "wml": {
        "accu": [
            0.43915719696969696
        ],
        "precision": [
            0.5496872828353023,
            0.3500828271673109,
            0.4414784394250513
        ],
        "recall": [
            0.5731884057971014,
            0.45942028985507244,
            0.2937158469945355
        ],
        "f1": [
            0.561191912025541,
            0.3973675963647759,
            0.35274815422477435
        ]
    },
    "vpl": {
        "accu": [
            0.37452651515151514
        ],
        "precision": [
            0.1642685851318945,
            0.6121134020618557,
            0.3710788064269319
        ],
        "recall": [
            0.0935792349726776,
            0.3442028985507246,
            0.7028985507246377
        ],
        "f1": [
            0.11923411662315059,
            0.44063079777365494,
            0.48572859288933395
        ]
    }
}