{
    "wml": {
        "accu": [
            0.4549005681818182
        ],
        "precision": [
            0.5255172413793103,
            0.33138969873663754,
            0.5263653483992468
        ],
        "recall": [
            0.42905405405405406,
            0.3581932773109244,
            0.5727459016393442
        ],
        "f1": [
            0.47241165530068197,
            0.34427057041898035,
            0.5485770363101081
        ]
    },
    "vpl": {
        "accu": [
            0.37464488636363635
        ],
        "precision": [
            0.005405405405405406,
            0.38783269961977185,
            0.40202702702702703
        ],
        "recall": [
            0.0010245901639344263,
            0.11486486486486487,
            1.0
        ],
        "f1": [
            0.0017226528854435831,
            0.17723718505647262,
            0.5734939759036145
        ]
    }
}