{
    "wml": {
        "accu": [
            0.4005681818181818
        ],
        "precision": [
            0.3564356435643564,
            0.19411764705882353,
            0.9379157427937915
        ],
        "recall": [
            0.6081081081081081,
            0.17331932773109243,
            0.4334016393442623
        ],
        "f1": [
            0.449438202247191,
            0.18312985571587123,
            0.5928521373510862
        ]
    },
    "vpl": {
        "accu": [
            0.6075994318181818
        ],
        "precision": [
            0.5094709340300457,
            0.6595528455284553,
            0.9368770764119602
        ],
        "recall": [
            0.7991803278688525,
            0.7308558558558559,
            0.296218487394958
        ],
        "f1": [
            0.6222576785001994,
            0.6933760683760684,
            0.45011971268954515
        ]
    }
}