{
    "wml": {
        "accu": [
            0.4277935606060606
        ],
        "precision": [
            0.5339120998372219,
            0.28994490358126723,
            0.4327233584499462
        ],
        "recall": [
            0.7130434782608696,
            0.29481792717086835,
            0.2838983050847458
        ],
        "f1": [
            0.6106112317716413,
            0.2923611111111112,
            0.34285714285714286
        ]
    },
    "vpl": {
        "accu": [
            0.40980113636363635
        ],
        "precision": [
            0.4521276595744681,
            0.0,
            0.4181696726786907
        ],
        "recall": [
            0.780367231638418,
            0.0,
            0.438375350140056
        ],
        "f1": [
            0.572538860103627,
            NaN,
            0.428034188034188
        ]
    }
}