{
    "wml": {
        "accu": [
            0.5149147727272727
        ],
        "precision": [
            0.5028968713789108,
            0.4930939226519337,
            0.8502673796791443
        ],
        "recall": [
            0.9434782608695652,
            0.5,
            0.11228813559322035
        ],
        "f1": [
            0.6560846560846562,
            0.49652294853963835,
            0.19837804117280103
        ]
    },
    "vpl": {
        "accu": [
            0.4775094696969697
        ],
        "precision": [
            0.4818744473916888,
            0.5574204946996466,
            0.4288628250892402
        ],
        "recall": [
            0.3848870056497175,
            0.4572463768115942,
            0.5889355742296919
        ],
        "f1": [
            0.42795445622300743,
            0.5023885350318471,
            0.49631159634110356
        ]
    }
}