{
    "wml": {
        "accu": [
            0.5437973484848485
        ],
        "precision": [
            0.8247298919567827,
            0.5734597156398105,
            0.430222602739726
        ],
        "recall": [
            0.49782608695652175,
            0.4384057971014493,
            0.6864754098360656
        ],
        "f1": [
            0.6208766380478987,
            0.4969199178644765,
            0.5289473684210527
        ]
    },
    "vpl": {
        "accu": [
            0.43016098484848486
        ],
        "precision": [
            0.6679636835278858,
            0.37706342311033886,
            NaN
        ],
        "recall": [
            0.351775956284153,
            0.9434782608695652,
            0.0
        ],
        "f1": [
            0.4608501118568232,
            0.5387957790192428,
            NaN
        ]
    }
}