{
    "wml": {
        "accu": [
            0.30705492424242425
        ],
        "precision": [
            0.4258064516129032,
            0.3239139603542809,
            0.0016313213703099511
        ],
        "recall": [
            0.3826086956521739,
            0.5565217391304348,
            0.0006830601092896175
        ],
        "f1": [
            0.40305343511450376,
            0.4094908024526793,
            0.0009629272989889262
        ]
    },
    "vpl": {
        "accu": [
            0.28480113636363635
        ],
        "precision": [
            0.28444444444444444,
            0.3019246190858059,
            0.2515625
        ],
        "recall": [
            0.08743169398907104,
            0.5456521739130434,
            0.23333333333333334
        ],
        "f1": [
            0.13375130616509925,
            0.3887454827052142,
            0.24210526315789477
        ]
    }
}