{
    "wml": {
        "accu": [
            0.3991477272727273
        ],
        "precision": [
            0.3560606060606061,
            0.48074921956295524,
            0.5714285714285714
        ],
        "recall": [
            0.7152173913043478,
            0.4852941176470588,
            0.00423728813559322
        ],
        "f1": [
            0.47543352601156064,
            0.48301097752221633,
            0.008412197686645636
        ]
    },
    "vpl": {
        "accu": [
            0.2176846590909091
        ],
        "precision": [
            0.32865907099035935,
            0.1574468085106383,
            0.12244897959183673
        ],
        "recall": [
            0.3972457627118644,
            0.1608695652173913,
            0.09453781512605042
        ],
        "f1": [
            0.3597122302158273,
            0.15913978494623657,
            0.1066982809721399
        ]
    }
}