{
    "wml": {
        "accu": [
            0.15364583333333334
        ],
        "precision": [
            0.13920124079100427,
            0.45871559633027525,
            0.07444168734491315
        ],
        "recall": [
            0.26014492753623186,
            0.14492753623188406,
            0.06147540983606557
        ],
        "f1": [
            0.18135892902248044,
            0.22026431718061676,
            0.06734006734006734
        ]
    },
    "vpl": {
        "accu": [
            0.5982481060606061
        ],
        "precision": [
            0.5509433962264151,
            0.8290598290598291,
            0.0
        ],
        "recall": [
            0.9972677595628415,
            0.7731884057971015,
            0.0
        ],
        "f1": [
            0.7097715119105493,
            0.8001499812523434,
            NaN
        ]
    }
}