{
    "wml": {
        "accu": [
            0.33451704545454547
        ],
        "precision": [
            0.4413489736070381,
            0.3163163163163163,
            0.052980132450331126
        ],
        "recall": [
            0.6543478260869565,
            0.34347826086956523,
            0.02459016393442623
        ],
        "f1": [
            0.5271453590192644,
            0.32933819697759253,
            0.03358992302309308
        ]
    },
    "vpl": {
        "accu": [
            0.46519886363636365
        ],
        "precision": [
            0.21301775147928995,
            0.7759562841530054,
            0.36866840731070494
        ],
        "recall": [
            0.036885245901639344,
            0.6173913043478261,
            0.7673913043478261
        ],
        "f1": [
            0.06288209606986898,
            0.6876513317191284,
            0.49805996472663133
        ]
    }
}