{
    "wml": {
        "accu": [
            0.35014204545454547
        ],
        "precision": [
            0.3316412859560068,
            0.4248927038626609,
            0.018018018018018018
        ],
        "recall": [
            0.6391304347826087,
            0.43043478260869567,
            0.0020491803278688526
        ],
        "f1": [
            0.43668770887486075,
            0.42764578833693306,
            0.0036798528058877645
        ]
    },
    "vpl": {
        "accu": [
            0.32421875
        ],
        "precision": [
            0.11995863495346432,
            0.8706467661691543,
            0.3774271844660194
        ],
        "recall": [
            0.11885245901639344,
            0.19021739130434784,
            0.6760869565217391
        ],
        "f1": [
            0.11940298507462686,
            0.312221231043711,
            0.484423676012461
        ]
    }
}