{
    "wml": {
        "accu": [
            0.6754261363636364
        ],
        "precision": [
            0.696078431372549,
            0.7355623100303952,
            0.6475800954328562
        ],
        "recall": [
            0.7995495495495496,
            0.2542016806722689,
            0.9733606557377049
        ],
        "f1": [
            0.7442348008385744,
            0.37782982045277125,
            0.7777322963569382
        ]
    },
    "vpl": {
        "accu": [
            0.48579545454545453
        ],
        "precision": [
            0.539308176100629,
            0.4159935379644588,
            0.545751633986928
        ],
        "recall": [
            0.7028688524590164,
            0.579954954954955,
            0.17542016806722688
        ],
        "f1": [
            0.6103202846975089,
            0.48447789275634995,
            0.2655007949125596
        ]
    }
}