{
    "wml": {
        "accu": [
            0.5319602272727273
        ],
        "precision": [
            0.8985801217038539,
            0.5260347129506008,
            0.4199491740787802
        ],
        "recall": [
            0.4815217391304348,
            0.41386554621848737,
            0.7002118644067796
        ],
        "f1": [
            0.6270346779900919,
            0.4632569077013521,
            0.5250198570293884
        ]
    },
    "vpl": {
        "accu": [
            0.4783380681818182
        ],
        "precision": [
            0.40327719617660446,
            0.007518796992481203,
            0.9465020576131687
        ],
        "recall": [
            0.9385593220338984,
            0.0010869565217391304,
            0.4831932773109244
        ],
        "f1": [
            0.5641515440942375,
            0.0018993352326685659,
            0.639777468706537
        ]
    }
}