{
    "wml": {
        "accu": [
            0.46342329545454547
        ],
        "precision": [
            0.3468858131487889,
            0.2647058823529412,
            0.6259720062208398
        ],
        "recall": [
            0.45157657657657657,
            0.10399159663865547,
            0.8247950819672131
        ],
        "f1": [
            0.39236790606653615,
            0.1493212669683258,
            0.7117595048629533
        ]
    },
    "vpl": {
        "accu": [
            0.28870738636363635
        ],
        "precision": [
            0.5153846153846153,
            0.15106117353308365,
            0.33156498673740054
        ],
        "recall": [
            0.06864754098360656,
            0.13626126126126126,
            0.6565126050420168
        ],
        "f1": [
            0.12115732368896927,
            0.1432800473653049,
            0.4406062742333451
        ]
    }
}