{
    "wml": {
        "accu": [
            0.5138494318181818
        ],
        "precision": [
            0.4165202108963093,
            0.45760869565217394,
            0.9041769041769042
        ],
        "recall": [
            0.2668918918918919,
            0.884453781512605,
            0.3770491803278688
        ],
        "f1": [
            0.32532601235415237,
            0.6031518624641834,
            0.5321764280549529
        ]
    },
    "vpl": {
        "accu": [
            0.3884943181818182
        ],
        "precision": [
            0.23943661971830985,
            0.6018518518518519,
            0.37445630684064846
        ],
        "recall": [
            0.017418032786885244,
            0.1463963963963964,
            0.9947478991596639
        ],
        "f1": [
            0.03247373447946514,
            0.2355072463768116,
            0.54409652398736
        ]
    }
}