{
    "wml": {
        "accu": [
            0.4666193181818182
        ],
        "precision": [
            0.4352869352869353,
            0.48322756119673616,
            0.9066666666666666
        ],
        "recall": [
            0.8029279279279279,
            0.5598739495798319,
            0.06967213114754098
        ],
        "f1": [
            0.564528899445764,
            0.5187347931873478,
            0.12940057088487153
        ]
    },
    "vpl": {
        "accu": [
            0.4051846590909091
        ],
        "precision": [
            NaN,
            0.35873472322070454,
            0.45052631578947366
        ],
        "recall": [
            0.0,
            0.5619369369369369,
            0.6743697478991597
        ],
        "f1": [
            NaN,
            0.43791136463361124,
            0.5401766933108961
        ]
    }
}