{
    "wml": {
        "accu": [
            0.4081439393939394
        ],
        "precision": [
            0.3283705541770058,
            0.3132102272727273,
            0.551337896701929
        ],
        "recall": [
            0.2876811594202899,
            0.3088235294117647,
            0.6257062146892656
        ],
        "f1": [
            0.30668211664735423,
            0.31100141043723556,
            0.5861726761495204
        ]
    },
    "vpl": {
        "accu": [
            0.3633996212121212
        ],
        "precision": [
            0.34208798424162834,
            0.401673640167364,
            0.44468546637744033
        ],
        "recall": [
            0.7358757062146892,
            0.20869565217391303,
            0.14355742296918766
        ],
        "f1": [
            0.46705513222770056,
            0.27467811158798283,
            0.2170460561143462
        ]
    }
}