{
    "wml": {
        "accu": [
            0.3572443181818182
        ],
        "precision": [
            0.11794871794871795,
            0.4954128440366973,
            0.3698248407643312
        ],
        "recall": [
            0.0259009009009009,
            0.05672268907563025,
            0.951844262295082
        ],
        "f1": [
            0.042474607571560484,
            0.10179076343072573,
            0.5326834862385321
        ]
    },
    "vpl": {
        "accu": [
            0.3181818181818182
        ],
        "precision": [
            0.260797342192691,
            0.46016869728209936,
            0.21621621621621623
        ],
        "recall": [
            0.16086065573770492,
            0.5529279279279279,
            0.2605042016806723
        ],
        "f1": [
            0.19898605830164764,
            0.5023017902813299,
            0.23630300142925204
        ]
    }
}