{
    "wml": {
        "accu": [
            0.4356060606060606
        ],
        "precision": [
            0.48404255319148937,
            0.3909502262443439,
            0.44933469805527126
        ],
        "recall": [
            0.06594202898550725,
            0.3025210084033613,
            0.9300847457627118
        ],
        "f1": [
            0.11607142857142856,
            0.3410975128306356,
            0.6059351276742581
        ]
    },
    "vpl": {
        "accu": [
            0.5037878787878788
        ],
        "precision": [
            0.5616557734204793,
            NaN,
            0.43494038361845516
        ],
        "recall": [
            0.9103107344632768,
            0.0,
            0.5875350140056023
        ],
        "f1": [
            0.6946914578280787,
            NaN,
            0.49985105749180814
        ]
    }
}