{
    "wml": {
        "accu": [
            0.43714488636363635
        ],
        "precision": [
            0.5181818181818182,
            0.522077922077922,
            0.3987603305785124
        ],
        "recall": [
            0.06418918918918919,
            0.4222689075630252,
            0.7909836065573771
        ],
        "f1": [
            0.11422845691382766,
            0.4668989547038328,
            0.5302197802197802
        ]
    },
    "vpl": {
        "accu": [
            0.3171164772727273
        ],
        "precision": [
            0.21307506053268765,
            0.35194009530292714,
            0.3083511777301927
        ],
        "recall": [
            0.09016393442622951,
            0.5822072072072072,
            0.3025210084033613
        ],
        "f1": [
            0.12670986321094313,
            0.4386932541366143,
            0.30540827147401906
        ]
    }
}