{
    "wml": {
        "accu": [
            0.5603693181818182
        ],
        "precision": [
            0.8318681318681319,
            0.43670212765957445,
            0.0
        ],
        "recall": [
            0.8524774774774775,
            0.8623949579831933,
            0.0
        ],
        "f1": [
            0.8420467185761957,
            0.5798022598870056,
            NaN
        ]
    },
    "vpl": {
        "accu": [
            0.17365056818181818
        ],
        "precision": [
            0.10548523206751055,
            0.0,
            0.36436436436436437
        ],
        "recall": [
            0.12807377049180327,
            0.0,
            0.38235294117647056
        ],
        "f1": [
            0.11568718186024987,
            NaN,
            0.37314197847257813
        ]
    }
}