{
    "wml": {
        "accu": [
            0.3810369318181818
        ],
        "precision": [
            0.3886152162014231,
            0.42549019607843136,
            0.3048016701461378
        ],
        "recall": [
            0.7717391304347826,
            0.22794117647058823,
            0.15466101694915255
        ],
        "f1": [
            0.5169275573352748,
            0.2968536251709986,
            0.20520028109627547
        ]
    },
    "vpl": {
        "accu": [
            0.37357954545454547
        ],
        "precision": [
            0.32701202590194267,
            0.6954545454545454,
            0.1822429906542056
        ],
        "recall": [
            0.7489406779661016,
            0.33260869565217394,
            0.04096638655462185
        ],
        "f1": [
            0.45524790727623954,
            0.45,
            0.06689536878216124
        ]
    }
}