{
    "wml": {
        "accu": [
            0.3135653409090909
        ],
        "precision": [
            NaN,
            0.3448275862068966,
            0.17714285714285713
        ],
        "recall": [
            0.0,
            0.8298319327731093,
            0.09528688524590163
        ],
        "f1": [
            NaN,
            0.48720320690718477,
            0.12391738840772817
        ]
    },
    "vpl": {
        "accu": [
            0.5379971590909091
        ],
        "precision": [
            0.20535714285714285,
            0.8610129564193169,
            0.4102425876010782
        ],
        "recall": [
            0.0235655737704918,
            0.8231981981981982,
            0.7993697478991597
        ],
        "f1": [
            0.04227941176470588,
            0.8416810592976396,
            0.5422158888493053
        ]
    }
}