{
    "wml": {
        "accu": [
            0.5678267045454546
        ],
        "precision": [
            0.578226387887527,
            0.04838709677419355,
            0.5808339429407462
        ],
        "recall": [
            0.9031531531531531,
            0.0031512605042016808,
            0.8135245901639344
        ],
        "f1": [
            0.7050549450549449,
            0.00591715976331361,
            0.6777635510029877
        ]
    },
    "vpl": {
        "accu": [
            0.27769886363636365
        ],
        "precision": [
            0.39906103286384975,
            0.24569855471438404,
            0.0
        ],
        "recall": [
            0.4354508196721312,
            0.40202702702702703,
            0.0
        ],
        "f1": [
            0.4164625183733464,
            0.30499786416061514,
            NaN
        ]
    }
}