{
    "wml": {
        "accu": [
            0.2713068181818182
        ],
        "precision": [
            0.013043478260869565,
            0.2284887924801157,
            0.5908479138627187
        ],
        "recall": [
            0.009782608695652175,
            0.3319327731092437,
            0.4650423728813559
        ],
        "f1": [
            0.011180124223602485,
            0.27066381156316915,
            0.5204505038529934
        ]
    },
    "vpl": {
        "accu": [
            0.32386363636363635
        ],
        "precision": [
            0.09734513274336283,
            0.46987951807228917,
            0.346723044397463
        ],
        "recall": [
            0.0815677966101695,
            0.5510869565217391,
            0.3445378151260504
        ],
        "f1": [
            0.08876080691642653,
            0.5072536268134067,
            0.345626975763962
        ]
    }
}