{
    "wml": {
        "accu": [
            0.44886363636363635
        ],
        "precision": [
            0.7212475633528265,
            0.3157894736842105,
            0.398414271555996
        ],
        "recall": [
            0.40217391304347827,
            0.09453781512605042,
            0.8516949152542372
        ],
        "f1": [
            0.5163991625959525,
            0.14551333872271624,
            0.5428764348413234
        ]
    },
    "vpl": {
        "accu": [
            0.33238636363636365
        ],
        "precision": [
            0.35646687697160884,
            0.0,
            0.12260536398467432
        ],
        "recall": [
            0.9576271186440678,
            0.0,
            0.03361344537815126
        ],
        "f1": [
            0.5195402298850574,
            NaN,
            0.05276174773289365
        ]
    }
}