{
    "wml": {
        "accu": [
            0.46910511363636365
        ],
        "precision": [
            0.3926247288503254,
            0.5785714285714286,
            0.41533546325878595
        ],
        "recall": [
            0.6114864864864865,
            0.680672268907563,
            0.13319672131147542
        ],
        "f1": [
            0.4782034346103039,
            0.6254826254826256,
            0.20170674941815364
        ]
    },
    "vpl": {
        "accu": [
            0.3845880681818182
        ],
        "precision": [
            0.802710843373494,
            0.3147599288678127,
            0.04086021505376344
        ],
        "recall": [
            0.5461065573770492,
            0.597972972972973,
            0.01995798319327731
        ],
        "f1": [
            0.65,
            0.4124271844660194,
            0.026817219477769935
        ]
    }
}