{
    "wml": {
        "accu": [
            0.19673295454545456
        ],
        "precision": [
            0.1623003194888179,
            0.29848866498740556,
            0.13785557986870897
        ],
        "recall": [
            0.28603603603603606,
            0.24894957983193278,
            0.06454918032786885
        ],
        "f1": [
            0.20709335507541787,
            0.2714776632302406,
            0.08792742498255408
        ]
    },
    "vpl": {
        "accu": [
            0.37748579545454547
        ],
        "precision": [
            0.44103648863035433,
            0.2579185520361991,
            0.024390243902439025
        ],
        "recall": [
            0.8545081967213115,
            0.25675675675675674,
            0.0010504201680672268
        ],
        "f1": [
            0.5817928147889779,
            0.25733634311512416,
            0.002014098690835851
        ]
    }
}