{
    "wml": {
        "accu": [
            0.16524621212121213
        ],
        "precision": [
            0.36363636363636365,
            0.24838709677419354,
            0.09735269000853972
        ],
        "recall": [
            0.005797101449275362,
            0.3235294117647059,
            0.16101694915254236
        ],
        "f1": [
            0.011412268188302425,
            0.281021897810219,
            0.12134113890367217
        ]
    },
    "vpl": {
        "accu": [
            0.3977272727272727
        ],
        "precision": [
            0.5042735042735043,
            0.4577742699289661,
            0.3107372587827808
        ],
        "recall": [
            0.3333333333333333,
            0.42028985507246375,
            0.43977591036414565
        ],
        "f1": [
            0.40136054421768713,
            0.438231960710238,
            0.3641635256596115
        ]
    }
}