{
    "wml": {
        "accu": [
            0.38446969696969696
        ],
        "precision": [
            0.5283018867924528,
            0.3559681697612732,
            0.29771615008156604
        ],
        "recall": [
            0.4260869565217391,
            0.4698879551820728,
            0.2577683615819209
        ],
        "f1": [
            0.47172081829121537,
            0.40507093268940536,
            0.27630582891748673
        ]
    },
    "vpl": {
        "accu": [
            0.4412878787878788
        ],
        "precision": [
            0.7921635434412265,
            0.03551401869158879,
            0.36381709741550694
        ],
        "recall": [
            0.6567796610169492,
            0.013768115942028985,
            0.6407563025210085
        ],
        "f1": [
            0.7181467181467182,
            0.019843342036553524,
            0.46411361907177273
        ]
    }
}