{
    "wml": {
        "accu": [
            0.3916903409090909
        ],
        "precision": [
            0.32608695652173914,
            0.4787154592979836,
            0.30486486486486486
        ],
        "recall": [
            0.20270270270270271,
            0.6733193277310925,
            0.2889344262295082
        ],
        "f1": [
            0.25,
            0.5595809690091663,
            0.29668595476065235
        ]
    },
    "vpl": {
        "accu": [
            0.5852272727272727
        ],
        "precision": [
            0.6498388829215896,
            0.6085470085470085,
            0.5284615384615384
        ],
        "recall": [
            0.6198770491803278,
            0.4009009009009009,
            0.7216386554621849
        ],
        "f1": [
            0.6345044572627162,
            0.48336727766463,
            0.6101243339253997
        ]
    }
}