{
    "wml": {
        "accu": [
            0.3638731060606061
        ],
        "precision": [
            0.7731958762886598,
            0.22060164083865086,
            0.5059493016037248
        ],
        "recall": [
            0.05434782608695652,
            0.3507246376811594,
            0.6680327868852459
        ],
        "f1": [
            0.10155721056194988,
            0.27084499160604364,
            0.5758021783926994
        ]
    },
    "vpl": {
        "accu": [
            0.3887310606060606
        ],
        "precision": [
            0.9947089947089947,
            0.35316846986089645,
            0.5424836601307189
        ],
        "recall": [
            0.1284153005464481,
            0.9934782608695653,
            0.060144927536231886
        ],
        "f1": [
            0.22746521476104054,
            0.5210946408209807,
            0.10828440965427268
        ]
    }
}