{
    "wml": {
        "accu": [
            0.39417613636363635
        ],
        "precision": [
            0.5085106382978724,
            0.4,
            0.2685904550499445
        ],
        "recall": [
            0.5382882882882883,
            0.4096638655462185,
            0.24795081967213115
        ],
        "f1": [
            0.5229759299781183,
            0.4047742605085625,
            0.25785828449653697
        ]
    },
    "vpl": {
        "accu": [
            0.6168323863636364
        ],
        "precision": [
            0.6008010680907877,
            0.6430842607313195,
            0.4666666666666667
        ],
        "recall": [
            0.9221311475409836,
            0.911036036036036,
            0.029411764705882353
        ],
        "f1": [
            0.7275666936135813,
            0.7539608574091333,
            0.05533596837944664
        ]
    }
}