{
    "wml": {
        "accu": [
            0.5088778409090909
        ],
        "precision": [
            0.9876847290640394,
            0.37723214285714285,
            0.4398572884811417
        ],
        "recall": [
            0.4358695652173913,
            0.17752100840336135,
            0.9141949152542372
        ],
        "f1": [
            0.6048265460030166,
            0.2414285714285714,
            0.5939435650378527
        ]
    },
    "vpl": {
        "accu": [
            0.09872159090909091
        ],
        "precision": [
            0.023336214347450302,
            0.12168284789644013,
            0.5526315789473685
        ],
        "recall": [
            0.028601694915254237,
            0.20434782608695654,
            0.0661764705882353
        ],
        "f1": [
            0.025702046644455016,
            0.15253549695740365,
            0.11819887429643529
        ]
    }
}