{
    "wml": {
        "accu": [
            0.3405539772727273
        ],
        "precision": [
            0.4919053549190536,
            0.0,
            0.28073668491786957
        ],
        "recall": [
            0.44481981981981983,
            0.0,
            0.5778688524590164
        ],
        "f1": [
            0.4671791839148433,
            NaN,
            0.37788944723618095
        ]
    },
    "vpl": {
        "accu": [
            0.5674715909090909
        ],
        "precision": [
            0.9763663220088626,
            NaN,
            0.4380551659654044
        ],
        "recall": [
            0.6772540983606558,
            0.0,
            0.9842436974789915
        ],
        "f1": [
            0.7997580157289776,
            NaN,
            0.6062762859915884
        ]
    }
}