{
    "wml": {
        "accu": [
            0.28267045454545453
        ],
        "precision": [
            0.16849015317286653,
            0.31408573928258965,
            0.0136986301369863
        ],
        "recall": [
            0.08369565217391305,
            0.7542016806722689,
            0.001059322033898305
        ],
        "f1": [
            0.11183732752360204,
            0.44348363187152556,
            0.001966568338249754
        ]
    },
    "vpl": {
        "accu": [
            0.3643465909090909
        ],
        "precision": [
            0.3612565445026178,
            0.37091757387247276,
            0.3563968668407311
        ],
        "recall": [
            0.2923728813559322,
            0.5184782608695652,
            0.2867647058823529
        ],
        "f1": [
            0.32318501170960184,
            0.43245693563009974,
            0.3178114086146682
        ]
    }
}