{
    "wml": {
        "accu": [
            0.3604403409090909
        ],
        "precision": [
            0.2776998597475456,
            0.33237410071942447,
            0.5582733812949641
        ],
        "recall": [
            0.43043478260869567,
            0.2510869565217391,
            0.3975409836065574
        ],
        "f1": [
            0.3375959079283887,
            0.28606811145510835,
            0.46439257929383604
        ]
    },
    "vpl": {
        "accu": [
            0.5166903409090909
        ],
        "precision": [
            0.6834782608695652,
            0.40904806786050896,
            0.3884297520661157
        ],
        "recall": [
            0.805327868852459,
            0.4717391304347826,
            0.2554347826086957
        ],
        "f1": [
            0.7394167450611479,
            0.4381625441696113,
            0.30819672131147546
        ]
    }
}