{
    "wml": {
        "accu": [
            0.32776988636363635
        ],
        "precision": [
            0.4208860759493671,
            0.3018736988202637,
            0.20843091334894615
        ],
        "recall": [
            0.44932432432432434,
            0.4569327731092437,
            0.09118852459016394
        ],
        "f1": [
            0.434640522875817,
            0.36356038445465944,
            0.12687099073414113
        ]
    },
    "vpl": {
        "accu": [
            0.3291903409090909
        ],
        "precision": [
            0.2977635782747604,
            0.3816872427983539,
            0.3225806451612903
        ],
        "recall": [
            0.4774590163934426,
            0.4177927927927928,
            0.09453781512605042
        ],
        "f1": [
            0.36678473042109405,
            0.3989247311827957,
            0.1462225832656377
        ]
    }
}