{
    "wml": {
        "accu": [
            0.3508522727272727
        ],
        "precision": [
            0.23809523809523808,
            0.5250883392226149,
            0.14376996805111822
        ],
        "recall": [
            0.12387387387387387,
            0.7804621848739496,
            0.13831967213114754
        ],
        "f1": [
            0.16296296296296295,
            0.6277989015631601,
            0.1409921671018277
        ]
    },
    "vpl": {
        "accu": [
            0.41796875
        ],
        "precision": [
            0.8210526315789474,
            0.3814126394052045,
            0.4258720930232558
        ],
        "recall": [
            0.07991803278688525,
            0.5777027027027027,
            0.615546218487395
        ],
        "f1": [
            0.14565826330532214,
            0.4594715629198388,
            0.5034364261168385
        ]
    }
}