{
    "wml": {
        "accu": [
            0.4754971590909091
        ],
        "precision": [
            0.4740783410138249,
            0.09259259259259259,
            0.4980506822612086
        ],
        "recall": [
            0.9268018018018018,
            0.005252100840336135,
            0.5235655737704918
        ],
        "f1": [
            0.6272865853658537,
            0.009940357852882704,
            0.5104895104895105
        ]
    },
    "vpl": {
        "accu": [
            0.4367897727272727
        ],
        "precision": [
            0.7335115864527629,
            0.330188679245283,
            0.12432432432432433
        ],
        "recall": [
            0.8432377049180327,
            0.3547297297297297,
            0.09663865546218488
        ],
        "f1": [
            0.784556720686368,
            0.34201954397394135,
            0.1087470449172577
        ]
    }
}