{
    "wml": {
        "accu": [
            0.4971590909090909
        ],
        "precision": [
            0.5172413793103449,
            0.3382198952879581,
            0.6461152882205514
        ],
        "recall": [
            0.11956521739130435,
            0.4523809523809524,
            0.9103107344632768
        ],
        "f1": [
            0.1942319011183049,
            0.38705811863391254,
            0.7557900908824392
        ]
    },
    "vpl": {
        "accu": [
            0.23816287878787878
        ],
        "precision": [
            0.22383073496659242,
            0.07154213036565978,
            0.2817945865776789
        ],
        "recall": [
            0.1419491525423729,
            0.03260869565217391,
            0.5322128851540616
        ],
        "f1": [
            0.17372515125324117,
            0.04479840716774515,
            0.3684848484848485
        ]
    }
}