{
    "wml": {
        "accu": [
            0.4396306818181818
        ],
        "precision": [
            0.5152162306460224,
            0.47643979057591623,
            0.37083333333333335
        ],
        "recall": [
            0.6992753623188406,
            0.06594202898550725,
            0.5471311475409836
        ],
        "f1": [
            0.5932984936981248,
            0.1158497772119669,
            0.4420529801324503
        ]
    },
    "vpl": {
        "accu": [
            0.4661458333333333
        ],
        "precision": [
            0.43581514762516044,
            0.6017925736235595,
            0.4350132625994695
        ],
        "recall": [
            0.46379781420765026,
            0.34057971014492755,
            0.5942028985507246
        ],
        "f1": [
            0.4493712772998015,
            0.43498380379453955,
            0.5022970903522206
        ]
    }
}