{
    "wml": {
        "accu": [
            0.30610795454545453
        ],
        "precision": [
            0.2999620781190747,
            0.39664804469273746,
            NaN
        ],
        "recall": [
            0.8907657657657657,
            0.07457983193277311,
            0.0
        ],
        "f1": [
            0.4487943262411347,
            0.125552608311229,
            NaN
        ]
    },
    "vpl": {
        "accu": [
            0.4989346590909091
        ],
        "precision": [
            0.45526167698368036,
            0.5921450151057401,
            0.5649717514124294
        ],
        "recall": [
            0.8288934426229508,
            0.22072072072072071,
            0.42016806722689076
        ],
        "f1": [
            0.5877224845622957,
            0.32157506152584087,
            0.4819277108433735
        ]
    }
}