{
    "wml": {
        "accu": [
            0.5607244318181818
        ],
        "precision": [
            0.5820224719101124,
            0.4754838709677419,
            0.7101096224116931
        ],
        "recall": [
            0.2916666666666667,
            0.7741596638655462,
            0.5973360655737705
        ],
        "f1": [
            0.3885971492873218,
            0.5891286970423661,
            0.6488592097941013
        ]
    },
    "vpl": {
        "accu": [
            0.3522727272727273
        ],
        "precision": [
            0.3039624608967675,
            0.34701492537313433,
            0.5015873015873016
        ],
        "recall": [
            0.5973360655737705,
            0.10472972972972973,
            0.3319327731092437
        ],
        "f1": [
            0.40290255701451283,
            0.16089965397923875,
            0.3994943109987358
        ]
    }
}