{
    "wml": {
        "accu": [
            0.2801846590909091
        ],
        "precision": [
            0.06304728546409807,
            0.33752808988764044,
            0.1
        ],
        "recall": [
            0.04054054054054054,
            0.7888655462184874,
            0.0020491803278688526
        ],
        "f1": [
            0.04934886908841672,
            0.4727730563424615,
            0.004016064257028113
        ]
    },
    "vpl": {
        "accu": [
            0.6541193181818182
        ],
        "precision": [
            0.7969661610268378,
            0.8995633187772926,
            0.49766822118587606
        ],
        "recall": [
            0.6997950819672131,
            0.46396396396396394,
            0.7846638655462185
        ],
        "f1": [
            0.7452264048008729,
            0.6121842496285289,
            0.6090501426824296
        ]
    }
}