{
    "wml": {
        "accu": [
            0.44495738636363635
        ],
        "precision": [
            0.40350877192982454,
            0.48264984227129337,
            0.4914134742404227
        ],
        "recall": [
            0.625,
            0.33260869565217394,
            0.38114754098360654
        ],
        "f1": [
            0.49040511727078895,
            0.3938223938223938,
            0.42931332948643963
        ]
    },
    "vpl": {
        "accu": [
            0.5245028409090909
        ],
        "precision": [
            0.7394711067580804,
            0.4888705688375927,
            0.22164948453608246
        ],
        "recall": [
            0.7735655737704918,
            0.6445652173913043,
            0.14021739130434782
        ],
        "f1": [
            0.7561342013019529,
            0.5560243788091889,
            0.17177097203728361
        ]
    }
}