{
    "wml": {
        "accu": [
            0.3728693181818182
        ],
        "precision": [
            0.2,
            0.3090909090909091,
            0.7554347826086957
        ],
        "recall": [
            0.30743243243243246,
            0.23214285714285715,
            0.569672131147541
        ],
        "f1": [
            0.24234354194407462,
            0.2651469706058788,
            0.6495327102803738
        ]
    },
    "vpl": {
        "accu": [
            0.6473721590909091
        ],
        "precision": [
            0.7425742574257426,
            0.6794871794871795,
            0.49445676274944567
        ],
        "recall": [
            0.9221311475409836,
            0.5371621621621622,
            0.4684873949579832
        ],
        "f1": [
            0.8226691042047531,
            0.6000000000000001,
            0.4811218985976267
        ]
    }
}