{
    "wml": {
        "accu": [
            0.4365530303030303
        ],
        "precision": [
            0.48102564102564105,
            0.35177865612648224,
            0.562624254473161
        ],
        "recall": [
            0.6797101449275362,
            0.4362745098039216,
            0.1998587570621469
        ],
        "f1": [
            0.5633633633633633,
            0.38949671772428884,
            0.2949452840020845
        ]
    },
    "vpl": {
        "accu": [
            0.3025568181818182
        ],
        "precision": [
            0.13333333333333333,
            0.43327348892878514,
            0.2966360856269113
        ],
        "recall": [
            0.1172316384180791,
            0.5246376811594203,
            0.27170868347338933
        ],
        "f1": [
            0.1247651258925216,
            0.47459849229760737,
            0.283625730994152
        ]
    }
}