{
    "wml": {
        "accu": [
            0.5202414772727273
        ],
        "precision": [
            0.4092219020172911,
            0.49648946840521563,
            0.699228791773779
        ],
        "recall": [
            0.46304347826086956,
            0.5380434782608695,
            0.5573770491803278
        ],
        "f1": [
            0.43447220805711373,
            0.5164319248826291,
            0.6202964652223489
        ]
    },
    "vpl": {
        "accu": [
            0.41832386363636365
        ],
        "precision": [
            0.7195945945945946,
            0.015151515151515152,
            0.3480074142724745
        ],
        "recall": [
            0.4364754098360656,
            0.0010869565217391304,
            0.816304347826087
        ],
        "f1": [
            0.5433673469387755,
            0.002028397565922921,
            0.4879792072774529
        ]
    }
}