{
    "wml": {
        "accu": [
            0.46732954545454547
        ],
        "precision": [
            0.8719512195121951,
            0.5952890792291221,
            0.37209302325581395
        ],
        "recall": [
            0.32207207207207206,
            0.2920168067226891,
            0.7704918032786885
        ],
        "f1": [
            0.47039473684210525,
            0.3918252290345313,
            0.5018351685018352
        ]
    },
    "vpl": {
        "accu": [
            0.4893465909090909
        ],
        "precision": [
            0.8,
            0.4693171996542783,
            0.501516070345664
        ],
        "recall": [
            0.00819672131147541,
            0.6114864864864865,
            0.8686974789915967
        ],
        "f1": [
            0.016227180527383367,
            0.5310513447432763,
            0.6359092656670511
        ]
    }
}