{
    "wml": {
        "accu": [
            0.2922585227272727
        ],
        "precision": [
            0.21644774414620216,
            0.6271186440677966,
            0.3907074973600845
        ],
        "recall": [
            0.42680180180180183,
            0.07773109243697479,
            0.3790983606557377
        ],
        "f1": [
            0.2872300113679424,
            0.1383177570093458,
            0.38481539261570463
        ]
    },
    "vpl": {
        "accu": [
            0.5454545454545454
        ],
        "precision": [
            0.45716510903426794,
            0.8377581120943953,
            0.446135831381733
        ],
        "recall": [
            0.6014344262295082,
            0.6396396396396397,
            0.40021008403361347
        ],
        "f1": [
            0.5194690265486726,
            0.7254150702426565,
            0.4219269102990033
        ]
    }
}