{
    "wml": {
        "accu": [
            0.2911931818181818
        ],
        "precision": [
            0.0,
            0.39111592632719394,
            0.24851109907958852
        ],
        "recall": [
            0.0,
            0.3923913043478261,
            0.4702868852459016
        ],
        "f1": [
            NaN,
            0.3917525773195877,
            0.32518597236981933
        ]
    },
    "vpl": {
        "accu": [
            0.4893465909090909
        ],
        "precision": [
            NaN,
            0.4714285714285714,
            0.5220883534136547
        ],
        "recall": [
            0.0,
            0.9326086956521739,
            0.5652173913043478
        ],
        "f1": [
            NaN,
            0.6262773722627737,
            0.5427974947807933
        ]
    }
}