{
    "wml": {
        "accu": [
            0.31995738636363635
        ],
        "precision": [
            0.16337285902503293,
            0.5176579925650557,
            0.22426095820591233
        ],
        "recall": [
            0.13963963963963963,
            0.5850840336134454,
            0.22540983606557377
        ],
        "f1": [
            0.15057680631451123,
            0.5493096646942801,
            0.22483392948390393
        ]
    },
    "vpl": {
        "accu": [
            0.5802556818181818
        ],
        "precision": [
            0.4508250825082508,
            0.7862767154105736,
            0.6116504854368932
        ],
        "recall": [
            0.6997950819672131,
            0.7871621621621622,
            0.2647058823529412
        ],
        "f1": [
            0.5483741469289443,
            0.7867191896454699,
            0.36950146627565983
        ]
    }
}