{
    "wml": {
        "accu": [
            0.20632102272727273
        ],
        "precision": [
            0.0,
            0.09153952843273232,
            0.3686471009305655
        ],
        "recall": [
            0.0,
            0.06932773109243698,
            0.5276639344262295
        ],
        "f1": [
            NaN,
            0.07890017931858938,
            0.4340497260851243
        ]
    },
    "vpl": {
        "accu": [
            0.5216619318181818
        ],
        "precision": [
            0.32295081967213113,
            0.9498069498069498,
            0.3736878936319104
        ],
        "recall": [
            0.20184426229508196,
            0.831081081081081,
            0.5609243697478992
        ],
        "f1": [
            0.24842370744010087,
            0.8864864864864865,
            0.4485510289794204
        ]
    }
}