{
    "wml": {
        "accu": [
            0.4131155303030303
        ],
        "precision": [
            0.5034913634693128,
            0.2481371087928465,
            0.2608695652173913
        ],
        "recall": [
            0.9927536231884058,
            0.23319327731092437,
            0.029661016949152543
        ],
        "f1": [
            0.6681297244574494,
            0.2404332129963899,
            0.05326569435637287
        ]
    },
    "vpl": {
        "accu": [
            0.46235795454545453
        ],
        "precision": [
            0.6987767584097859,
            0.3570552147239264,
            0.35602094240837695
        ],
        "recall": [
            0.6454802259887006,
            0.2108695652173913,
            0.5238095238095238
        ],
        "f1": [
            0.6710719530102791,
            0.2651480637813212,
            0.42391612354774716
        ]
    }
}