{
    "wml": {
        "accu": [
            0.3712121212121212
        ],
        "precision": [
            0.22264150943396227,
            0.3070787637088734,
            0.4572452636968766
        ],
        "recall": [
            0.042753623188405795,
            0.43137254901960786,
            0.6306497175141242
        ],
        "f1": [
            0.07173252279635257,
            0.3587652882935352,
            0.5301276343128525
        ]
    },
    "vpl": {
        "accu": [
            0.4190340909090909
        ],
        "precision": [
            0.4898312418866292,
            0.4793103448275862,
            0.30745532963647565
        ],
        "recall": [
            0.7994350282485876,
            0.10072463768115943,
            0.3494397759103641
        ],
        "f1": [
            0.6074590823718808,
            0.1664670658682635,
            0.3271058669288758
        ]
    }
}