{
    "wml": {
        "accu": [
            0.4524147727272727
        ],
        "precision": [
            0.4400527009222661,
            0.5255530129672006,
            0.33646112600536193
        ],
        "recall": [
            0.3761261261261261,
            0.7237394957983193,
            0.257172131147541
        ],
        "f1": [
            0.4055859137826351,
            0.6089262041537781,
            0.2915214866434379
        ]
    },
    "vpl": {
        "accu": [
            0.37855113636363635
        ],
        "precision": [
            0.6845238095238095,
            0.35525634386328325,
            0.273224043715847
        ],
        "recall": [
            0.23565573770491804,
            0.7725225225225225,
            0.15756302521008403
        ],
        "f1": [
            0.35060975609756106,
            0.48669741042923026,
            0.19986675549633579
        ]
    }
}