{
    "wml": {
        "accu": [
            0.4502840909090909
        ],
        "precision": [
            0.5966587112171837,
            0.450607501320655,
            0.3273809523809524
        ],
        "recall": [
            0.28153153153153154,
            0.8960084033613446,
            0.16905737704918034
        ],
        "f1": [
            0.38255547054322875,
            0.5996485061511424,
            0.22297297297297297
        ]
    },
    "vpl": {
        "accu": [
            0.4772727272727273
        ],
        "precision": [
            0.5038167938931297,
            0.45843520782396086,
            0.0
        ],
        "recall": [
            0.6086065573770492,
            0.8445945945945946,
            0.0
        ],
        "f1": [
            0.551276102088167,
            0.5942947702060221,
            NaN
        ]
    }
}