{
    "wml": {
        "accu": [
            0.2872869318181818
        ],
        "precision": [
            0.3215022699133306,
            0.09404388714733543,
            0.0
        ],
        "recall": [
            0.8772522522522522,
            0.031512605042016806,
            0.0
        ],
        "f1": [
            0.4705527031108426,
            0.04720692368214005,
            NaN
        ]
    },
    "vpl": {
        "accu": [
            0.5152698863636364
        ],
        "precision": [
            0.5284552845528455,
            0.5311268715524035,
            0.4940577249575552
        ],
        "recall": [
            0.19979508196721313,
            0.759009009009009,
            0.6113445378151261
        ],
        "f1": [
            0.28996282527881045,
            0.6249420491423273,
            0.5464788732394368
        ]
    }
}