{
    "wml": {
        "accu": [
            0.4250710227272727
        ],
        "precision": [
            0.9302325581395349,
            0.3708086785009862,
            0.8899082568807339
        ],
        "recall": [
            0.18018018018018017,
            0.9873949579831933,
            0.09938524590163934
        ],
        "f1": [
            0.3018867924528302,
            0.5391453971895611,
            0.17880184331797236
        ]
    },
    "vpl": {
        "accu": [
            0.45454545454545453
        ],
        "precision": [
            0.3978801467590705,
            0.9901315789473685,
            0.05084745762711865
        ],
        "recall": [
            1.0,
            0.33896396396396394,
            0.0031512605042016808
        ],
        "f1": [
            0.5692621755613881,
            0.5050335570469798,
            0.005934718100890208
        ]
    }
}