{
    "wml": {
        "accu": [
            0.35901988636363635
        ],
        "precision": [
            NaN,
            0.41581632653061223,
            0.3182926829268293
        ],
        "recall": [
            0.0,
            0.5136554621848739,
            0.5529661016949152
        ],
        "f1": [
            NaN,
            0.4595864661654135,
            0.40402476780185753
        ]
    },
    "vpl": {
        "accu": [
            0.2823153409090909
        ],
        "precision": [
            0.22392638036809817,
            0.29441624365482233,
            0.30045754956786985
        ],
        "recall": [
            0.15466101694915255,
            0.06304347826086956,
            0.6207983193277311
        ],
        "f1": [
            0.1829573934837093,
            0.10384959713518353,
            0.40493319630010277
        ]
    }
}