{
    "wml": {
        "accu": [
            0.31498579545454547
        ],
        "precision": [
            0.27690371302706107,
            0.22233300099700898,
            1.0
        ],
        "recall": [
            0.4782608695652174,
            0.24239130434782608,
            0.22950819672131148
        ],
        "f1": [
            0.35073734555599845,
            0.23192927717108686,
            0.37333333333333335
        ]
    },
    "vpl": {
        "accu": [
            0.3064630681818182
        ],
        "precision": [
            0.17647058823529413,
            0.717948717948718,
            0.29616449189402927
        ],
        "recall": [
            0.030737704918032786,
            0.09130434782608696,
            0.8141304347826087
        ],
        "f1": [
            0.05235602094240837,
            0.16200578592092574,
            0.4343287909538997
        ]
    }
}