{
    "wml": {
        "accu": [
            0.21519886363636365
        ],
        "precision": [
            0.21209258384506377,
            0.2911392405063291,
            0.2161290322580645
        ],
        "recall": [
            0.5056306306306306,
            0.02415966386554622,
            0.13729508196721313
        ],
        "f1": [
            0.29883527454242925,
            0.0446168768186227,
            0.16791979949874689
        ]
    },
    "vpl": {
        "accu": [
            0.46058238636363635
        ],
        "precision": [
            0.45291005291005293,
            0.6614173228346457,
            0.36326860841423947
        ],
        "recall": [
            0.4385245901639344,
            0.47297297297297297,
            0.47163865546218486
        ],
        "f1": [
            0.4456012493492973,
            0.5515430072225871,
            0.41042047531992687
        ]
    }
}