{
    "wml": {
        "accu": [
            0.3938210227272727
        ],
        "precision": [
            0.32276897414512096,
            0.33364928909952607,
            0.6583629893238434
        ],
        "recall": [
            0.4206521739130435,
            0.3697478991596639,
            0.3919491525423729
        ],
        "f1": [
            0.3652666352052855,
            0.3507722969606378,
            0.49136786188579024
        ]
    },
    "vpl": {
        "accu": [
            0.21484375
        ],
        "precision": [
            0.22496749024707413,
            0.24939903846153846,
            0.044386422976501305
        ],
        "recall": [
            0.1832627118644068,
            0.45108695652173914,
            0.017857142857142856
        ],
        "f1": [
            0.2019848219497957,
            0.3212074303405573,
            0.02546816479400749
        ]
    }
}