{
    "wml": {
        "accu": [
            0.3249289772727273
        ],
        "precision": [
            0.4328147100424328,
            0.30970149253731344,
            0.2215568862275449
        ],
        "recall": [
            0.33260869565217394,
            0.523109243697479,
            0.11758474576271187
        ],
        "f1": [
            0.37615242778119234,
            0.3890625,
            0.1536332179930796
        ]
    },
    "vpl": {
        "accu": [
            0.4090909090909091
        ],
        "precision": [
            0.6348314606741573,
            0.308411214953271,
            0.375
        ],
        "recall": [
            0.3591101694915254,
            0.21521739130434783,
            0.6460084033613446
        ],
        "f1": [
            0.45872801082543974,
            0.2535211267605634,
            0.47453703703703715
        ]
    }
}