{
    "wml": {
        "accu": [
            0.39204545454545453
        ],
        "precision": [
            0.39387755102040817,
            0.36418166238217653,
            0.5586592178770949
        ],
        "recall": [
            0.652027027027027,
            0.44642857142857145,
            0.10245901639344263
        ],
        "f1": [
            0.4910941475826972,
            0.4011326097215668,
            0.17316017316017318
        ]
    },
    "vpl": {
        "accu": [
            0.4776278409090909
        ],
        "precision": [
            0.5807192042846213,
            0.030303030303030304,
            0.39634146341463417
        ],
        "recall": [
            0.7776639344262295,
            0.0011261261261261261,
            0.6144957983193278
        ],
        "f1": [
            0.6649145860709594,
            0.002171552660152009,
            0.4818780889621087
        ]
    }
}