{
    "wml": {
        "accu": [
            0.25248579545454547
        ],
        "precision": [
            0.2491243432574431,
            0.11918604651162791,
            0.5372340425531915
        ],
        "recall": [
            0.6184782608695653,
            0.0430672268907563,
            0.10699152542372882
        ],
        "f1": [
            0.35518102372034954,
            0.06327160493827161,
            0.17844522968197882
        ]
    },
    "vpl": {
        "accu": [
            0.3977272727272727
        ],
        "precision": [
            0.44154228855721395,
            0.8164794007490637,
            0.20403825717321997
        ],
        "recall": [
            0.7521186440677966,
            0.23695652173913043,
            0.20168067226890757
        ],
        "f1": [
            0.5564263322884013,
            0.3673125526537489,
            0.20285261489698891
        ]
    }
}