{
    "wml": {
        "accu": [
            0.34019886363636365
        ],
        "precision": [
            0.01948051948051948,
            0.4417633410672854,
            0.0
        ],
        "recall": [
            0.006756756756756757,
            1.0,
            0.0
        ],
        "f1": [
            0.010033444816053512,
            0.6128097843579015,
            NaN
        ]
    },
    "vpl": {
        "accu": [
            0.6590909090909091
        ],
        "precision": [
            0.7023096663815227,
            0.918918918918919,
            0.5442443226311668
        ],
        "recall": [
            0.8411885245901639,
            0.38288288288288286,
            0.7300420168067226
        ],
        "f1": [
            0.7655011655011656,
            0.5405405405405406,
            0.6235980260206372
        ]
    }
}