{
    "wml": {
        "accu": [
            0.3299005681818182
        ],
        "precision": [
            0.32695086705202314,
            0.5,
            NaN
        ],
        "recall": [
            0.9836956521739131,
            0.025210084033613446,
            0.0
        ],
        "f1": [
            0.4907809110629067,
            0.048,
            NaN
        ]
    },
    "vpl": {
        "accu": [
            0.44282670454545453
        ],
        "precision": [
            0.49316005471956226,
            0.42833876221498374,
            0.0
        ],
        "recall": [
            0.763771186440678,
            0.5717391304347826,
            0.0
        ],
        "f1": [
            0.5993349958437241,
            0.4897579143389199,
            NaN
        ]
    }
}