{
    "wml": {
        "accu": [
            0.31392045454545453
        ],
        "precision": [
            0.24299065420560748,
            0.31866776315789475,
            0.2996389891696751
        ],
        "recall": [
            0.02927927927927928,
            0.8140756302521008,
            0.08504098360655737
        ],
        "f1": [
            0.05226130653266331,
            0.4580378250591017,
            0.13248204309656822
        ]
    },
    "vpl": {
        "accu": [
            0.4421164772727273
        ],
        "precision": [
            0.8162729658792651,
            0.3672612801678909,
            0.44234404536862004
        ],
        "recall": [
            0.31864754098360654,
            0.7882882882882883,
            0.24579831932773108
        ],
        "f1": [
            0.4583640383198232,
            0.5010737294201862,
            0.31600270087778526
        ]
    }
}