{
    "wml": {
        "accu": [
            0.17649147727272727
        ],
        "precision": [
            0.00881057268722467,
            0.0,
            0.21691498685363717
        ],
        "recall": [
            0.002173913043478261,
            0.0,
            0.507172131147541
        ],
        "f1": [
            0.003487358326068004,
            NaN,
            0.30386740331491713
        ]
    },
    "vpl": {
        "accu": [
            0.5610795454545454
        ],
        "precision": [
            0.562962962962963,
            0.70020964360587,
            0.4143947655398037
        ],
        "recall": [
            0.5450819672131147,
            0.7260869565217392,
            0.41304347826086957
        ],
        "f1": [
            0.5538781884435191,
            0.7129135538954109,
            0.41371801850843765
        ]
    }
}