{
    "wml": {
        "accu": [
            0.7027698863636364
        ],
        "precision": [
            0.8913043478260869,
            0.6752136752136753,
            0.6029935851746258
        ],
        "recall": [
            0.831081081081081,
            0.41491596638655465,
            0.8668032786885246
        ],
        "f1": [
            0.86013986013986,
            0.5139882888744307,
            0.7112232030264817
        ]
    },
    "vpl": {
        "accu": [
            0.546875
        ],
        "precision": [
            0.48925043579314353,
            0.64,
            0.6371134020618556
        ],
        "recall": [
            0.8627049180327869,
            0.09009009009009009,
            0.6491596638655462
        ],
        "f1": [
            0.6243974786800148,
            0.1579466929911155,
            0.6430801248699272
        ]
    }
}