{
    "wml": {
        "accu": [
            0.29936079545454547
        ],
        "precision": [
            NaN,
            0.008695652173913044,
            0.31173639392817476
        ],
        "recall": [
            0.0,
            0.0010504201680672268,
            0.8919491525423728
        ],
        "f1": [
            NaN,
            0.001874414245548266,
            0.462002743484225
        ]
    },
    "vpl": {
        "accu": [
            0.3171164772727273
        ],
        "precision": [
            0.25738396624472576,
            0.3474304068522484,
            NaN
        ],
        "recall": [
            0.2584745762711864,
            0.7054347826086956,
            0.0
        ],
        "f1": [
            0.2579281183932347,
            0.4655667144906744,
            NaN
        ]
    }
}