{
    "wml": {
        "accu": [
            0.42542613636363635
        ],
        "precision": [
            0.47997329773030706,
            0.23809523809523808,
            0.4099895941727367
        ],
        "recall": [
            0.7815217391304348,
            0.08928571428571429,
            0.4173728813559322
        ],
        "f1": [
            0.5947063688999172,
            0.12987012987012986,
            0.4136482939632546
        ]
    },
    "vpl": {
        "accu": [
            0.33984375
        ],
        "precision": [
            0.6013745704467354,
            0.25274725274725274,
            0.16442451420029897
        ],
        "recall": [
            0.5561440677966102,
            0.35,
            0.11554621848739496
        ],
        "f1": [
            0.577875619152449,
            0.2935278030993619,
            0.13571869216533006
        ]
    }
}