{
    "wml": {
        "accu": [
            0.42578125
        ],
        "precision": [
            0.44502617801047123,
            0.4987489574645538,
            0.02142857142857143
        ],
        "recall": [
            0.670045045045045,
            0.6281512605042017,
            0.006147540983606557
        ],
        "f1": [
            0.5348314606741573,
            0.5560204556020456,
            0.009554140127388535
        ]
    },
    "vpl": {
        "accu": [
            0.38423295454545453
        ],
        "precision": [
            0.347343841214244,
            0.7960199004975125,
            0.3625277161862528
        ],
        "recall": [
            0.6096311475409836,
            0.18018018018018017,
            0.3434873949579832
        ],
        "f1": [
            0.4425436965414652,
            0.2938475665748393,
            0.3527508090614887
        ]
    }
}