{
    "wml": {
        "accu": [
            0.5958806818181818
        ],
        "precision": [
            0.7006854531607006,
            0.4221105527638191,
            0.8220064724919094
        ],
        "recall": [
            1.0,
            0.5294117647058824,
            0.2690677966101695
        ],
        "f1": [
            0.8240035826242723,
            0.4697110904007456,
            0.4054269752593775
        ]
    },
    "vpl": {
        "accu": [
            0.03977272727272727
        ],
        "precision": [
            0.0,
            0.030477285796434734,
            0.855072463768116
        ],
        "recall": [
            0.0,
            0.057608695652173914,
            0.06197478991596639
        ],
        "f1": [
            NaN,
            0.039864610755923284,
            0.11557296767874632
        ]
    }
}