{
    "wml": {
        "accu": [
            0.31392045454545453
        ],
        "precision": [
            0.2803532008830022,
            0.34,
            0.22760290556900725
        ],
        "recall": [
            0.13804347826086957,
            0.6964285714285714,
            0.09957627118644068
        ],
        "f1": [
            0.18499635833940278,
            0.4569262577532736,
            0.1385408990420044
        ]
    },
    "vpl": {
        "accu": [
            0.5042613636363636
        ],
        "precision": [
            0.6291739894551845,
            0.4860166288737717,
            0.45346320346320346
        ],
        "recall": [
            0.3792372881355932,
            0.6989130434782609,
            0.44012605042016806
        ],
        "f1": [
            0.4732319894249835,
            0.5733392777530094,
            0.4466950959488273
        ]
    }
}