{
    "wml": {
        "accu": [
            0.6621685606060606
        ],
        "precision": [
            0.8338368580060423,
            0.544054747647562,
            0.5578571428571428
        ],
        "recall": [
            1.0,
            0.4608695652173913,
            0.5334699453551912
        ],
        "f1": [
            0.9093904448105437,
            0.499019223224794,
            0.5453910614525139
        ]
    },
    "vpl": {
        "accu": [
            0.3723958333333333
        ],
        "precision": [
            0.2980735551663748,
            0.0,
            0.5372023809523809
        ],
        "recall": [
            0.5812841530054644,
            0.0,
            0.5231884057971015
        ],
        "f1": [
            0.3940727020143551,
            NaN,
            0.5301027900146843
        ]
    }
}