{
    "wml": {
        "accu": [
            0.33061079545454547
        ],
        "precision": [
            0.3292568203198495,
            0.25023786869647957,
            0.452991452991453
        ],
        "recall": [
            0.39414414414414417,
            0.2762605042016807,
            0.32581967213114754
        ],
        "f1": [
            0.3587903639159406,
            0.26260609086370446,
            0.3790226460071514
        ]
    },
    "vpl": {
        "accu": [
            0.3338068181818182
        ],
        "precision": [
            0.23636363636363636,
            0.29034391534391535,
            0.9806949806949807
        ],
        "recall": [
            0.2530737704918033,
            0.49436936936936937,
            0.2668067226890756
        ],
        "f1": [
            0.24443344878772885,
            0.36583333333333334,
            0.4194880264244426
        ]
    }
}