{
    "wml": {
        "accu": [
            0.23508522727272727
        ],
        "precision": [
            0.15461847389558234,
            0.3203342618384401,
            0.23991832567636548
        ],
        "recall": [
            0.08671171171171171,
            0.1207983193277311,
            0.48155737704918034
        ],
        "f1": [
            0.1111111111111111,
            0.17543859649122806,
            0.32027257240204426
        ]
    },
    "vpl": {
        "accu": [
            0.3575994318181818
        ],
        "precision": [
            0.4858156028368794,
            0.3923633969716919,
            0.0
        ],
        "recall": [
            0.42110655737704916,
            0.6711711711711712,
            0.0
        ],
        "f1": [
            0.4511525795828759,
            0.49522226838388034,
            NaN
        ]
    }
}