{
    "wml": {
        "accu": [
            0.3327414772727273
        ],
        "precision": [
            0.34649122807017546,
            0.4576271186440678,
            0.3075666848121938
        ],
        "recall": [
            0.2576086956521739,
            0.14180672268907563,
            0.5985169491525424
        ],
        "f1": [
            0.2955112219451371,
            0.21651964715316757,
            0.40632865875584323
        ]
    },
    "vpl": {
        "accu": [
            0.43217329545454547
        ],
        "precision": [
            0.3466135458167331,
            0.4279749478079332,
            0.5603015075376885
        ],
        "recall": [
            0.1843220338983051,
            0.8913043478260869,
            0.2342436974789916
        ],
        "f1": [
            0.2406639004149378,
            0.5782792665726375,
            0.33037037037037037
        ]
    }
}