{
    "wml": {
        "accu": [
            0.2549715909090909
        ],
        "precision": [
            0.21543624161073827,
            0.3391959798994975,
            0.2823275862068966
        ],
        "recall": [
            0.34891304347826085,
            0.14673913043478262,
            0.26844262295081966
        ],
        "f1": [
            0.266390041493776,
            0.204855842185129,
            0.27521008403361347
        ]
    },
    "vpl": {
        "accu": [
            0.36079545454545453
        ],
        "precision": [
            0.3813972380178717,
            0.1836734693877551,
            0.22295081967213115
        ],
        "recall": [
            0.9620901639344263,
            0.009782608695652175,
            0.07391304347826087
        ],
        "f1": [
            0.5462478184991274,
            0.018575851393188857,
            0.11102040816326529
        ]
    }
}