{
    "wml": {
        "accu": [
            0.27698863636363635
        ],
        "precision": [
            1.0,
            0.281981981981982,
            0.08488612836438923
        ],
        "recall": [
            0.12725225225225226,
            0.657563025210084,
            0.042008196721311473
        ],
        "f1": [
            0.22577422577422576,
            0.394703656998739,
            0.056202878684030164
        ]
    },
    "vpl": {
        "accu": [
            0.1768465909090909
        ],
        "precision": [
            0.11308993766696349,
            0.21965660153937241,
            0.0
        ],
        "recall": [
            0.13012295081967212,
            0.4177927927927928,
            0.0
        ],
        "f1": [
            0.12101000476417341,
            0.28793170353123787,
            NaN
        ]
    }
}