{
    "wml": {
        "accu": [
            0.4055397727272727
        ],
        "precision": [
            0.374113475177305,
            0.5390625,
            0.33884297520661155
        ],
        "recall": [
            0.6880434782608695,
            0.36239495798319327,
            0.17372881355932204
        ],
        "f1": [
            0.48468606431852984,
            0.43341708542713564,
            0.2296918767507003
        ]
    },
    "vpl": {
        "accu": [
            0.37109375
        ],
        "precision": [
            0.32674772036474165,
            0.3097211755840241,
            0.5042117930204573
        ],
        "recall": [
            0.2277542372881356,
            0.4467391304347826,
            0.44012605042016806
        ],
        "f1": [
            0.26841448189762795,
            0.3658210947930574,
            0.469994391475042
        ]
    }
}