{
    "wml": {
        "accu": [
            0.36292613636363635
        ],
        "precision": [
            0.43295953193564113,
            0.08676470588235294,
            0.8823529411764706
        ],
        "recall": [
            1.0,
            0.06197478991596639,
            0.07684426229508197
        ],
        "f1": [
            0.6042871725076556,
            0.07230392156862746,
            0.1413760603204524
        ]
    },
    "vpl": {
        "accu": [
            0.4833096590909091
        ],
        "precision": [
            0.4219114219114219,
            0.8181818181818182,
            0.46657754010695185
        ],
        "recall": [
            0.7418032786885246,
            0.32432432432432434,
            0.36659663865546216
        ],
        "f1": [
            0.537890044576523,
            0.46451612903225814,
            0.4105882352941176
        ]
    }
}