{
    "wml": {
        "accu": [
            0.27698863636363635
        ],
        "precision": [
            1.0,
            0.25030902348578493,
            0.2736098852603707
        ],
        "recall": [
            0.0731981981981982,
            0.4254201680672269,
            0.3176229508196721
        ],
        "f1": [
            0.13641133263378805,
            0.3151750972762646,
            0.2939781887150308
        ]
    },
    "vpl": {
        "accu": [
            0.3583096590909091
        ],
        "precision": [
            0.2804774083546462,
            0.3071528751753156,
            0.4956989247311828
        ],
        "recall": [
            0.33709016393442626,
            0.24662162162162163,
            0.4842436974789916
        ],
        "f1": [
            0.3061889250814332,
            0.273579013116802,
            0.48990435706695007
        ]
    }
}