{
    "wml": {
        "accu": [
            0.31392045454545453
        ],
        "precision": [
            0.21887713588283156,
            0.47052154195011336,
            0.28368794326241137
        ],
        "recall": [
            0.30292792792792794,
            0.43592436974789917,
            0.20491803278688525
        ],
        "f1": [
            0.25413320736891826,
            0.4525627044711014,
            0.23795359904818564
        ]
    },
    "vpl": {
        "accu": [
            0.4002130681818182
        ],
        "precision": [
            0.0,
            0.6082474226804123,
            0.3185462319615179
        ],
        "recall": [
            0.0,
            0.597972972972973,
            0.6260504201680672
        ],
        "f1": [
            NaN,
            0.6030664395229983,
            0.4222458377612469
        ]
    }
}