{
    "wml": {
        "accu": [
            0.24526515151515152
        ],
        "precision": [
            0.13222156045265038,
            0.3404392764857881,
            0.28786359077231694
        ],
        "recall": [
            0.1608695652173913,
            0.36904761904761907,
            0.20268361581920905
        ],
        "f1": [
            0.14514547237659364,
            0.35416666666666663,
            0.23787815996684628
        ]
    },
    "vpl": {
        "accu": [
            0.4244791666666667
        ],
        "precision": [
            0.6621468926553672,
            0.39332365747460085,
            0.35320754716981134
        ],
        "recall": [
            0.4138418079096045,
            0.1963768115942029,
            0.6554621848739496
        ],
        "f1": [
            0.5093437635810516,
            0.2619623006283229,
            0.459048553212359
        ]
    }
}