{
    "wml": {
        "accu": [
            0.3972537878787879
        ],
        "precision": [
            0.5152268489745183,
            0.2796803652968037,
            0.34732604945370904
        ],
        "recall": [
            0.6007246376811595,
            0.1715686274509804,
            0.4265536723163842
        ],
        "f1": [
            0.554700568752091,
            0.2126736111111111,
            0.38288431061806655
        ]
    },
    "vpl": {
        "accu": [
            0.40459280303030304
        ],
        "precision": [
            0.40747577295800647,
            0.4018509498295178,
            0.25
        ],
        "recall": [
            0.623587570621469,
            0.5978260869565217,
            0.0007002801120448179
        ],
        "f1": [
            0.492883058889199,
            0.48062918729973786,
            0.0013966480446927375
        ]
    }
}