{
    "wml": {
        "accu": [
            0.3347537878787879
        ],
        "precision": [
            0.5361620057859209,
            0.26652675760755506,
            0.273224043715847
        ],
        "recall": [
            0.4028985507246377,
            0.3557422969187675,
            0.24717514124293785
        ],
        "f1": [
            0.46007447248655364,
            0.3047390521895621,
            0.2595476455320727
        ]
    },
    "vpl": {
        "accu": [
            0.2902462121212121
        ],
        "precision": [
            0.23208379272326352,
            0.03968253968253968,
            0.3887795275590551
        ],
        "recall": [
            0.297316384180791,
            0.010869565217391304,
            0.5532212885154062
        ],
        "f1": [
            0.2606811145510836,
            0.01706484641638225,
            0.45664739884393063
        ]
    }
}