{
    "wml": {
        "accu": [
            0.3348721590909091
        ],
        "precision": [
            0.995,
            0.3063163778647289,
            0.2370012091898428
        ],
        "recall": [
            0.21630434782608696,
            0.5956521739130435,
            0.20081967213114754
        ],
        "f1": [
            0.35535714285714287,
            0.4045773348098929,
            0.21741541874653356
        ]
    },
    "vpl": {
        "accu": [
            0.41441761363636365
        ],
        "precision": [
            0.0,
            0.9959839357429718,
            0.35884420148379537
        ],
        "recall": [
            0.0,
            0.26956521739130435,
            0.9989130434782608
        ],
        "f1": [
            NaN,
            0.4242942686056459,
            0.5280091927607009
        ]
    }
}