{
    "wml": {
        "accu": [
            0.4513494318181818
        ],
        "precision": [
            0.4226932668329177,
            0.3474903474903475,
            0.5951008645533141
        ],
        "recall": [
            0.7635135135135135,
            0.18907563025210083,
            0.42315573770491804
        ],
        "f1": [
            0.5441412520064206,
            0.2448979591836735,
            0.49461077844311374
        ]
    },
    "vpl": {
        "accu": [
            0.24964488636363635
        ],
        "precision": [
            0.4623529411764706,
            0.17513134851138354,
            0.039525691699604744
        ],
        "recall": [
            0.4026639344262295,
            0.33783783783783783,
            0.01050420168067227
        ],
        "f1": [
            0.43044906900328583,
            0.23068050749711647,
            0.016597510373443987
        ]
    }
}