{
    "wml": {
        "accu": [
            0.4435369318181818
        ],
        "precision": [
            0.4070422535211268,
            0.42478510028653294,
            0.5169014084507042
        ],
        "recall": [
            0.3141304347826087,
            0.6228991596638656,
            0.388771186440678
        ],
        "f1": [
            0.35460122699386504,
            0.5051107325383305,
            0.4437726723095526
        ]
    },
    "vpl": {
        "accu": [
            0.27308238636363635
        ],
        "precision": [
            0.0959119496855346,
            0.4518464880521361,
            0.10513141426783479
        ],
        "recall": [
            0.0646186440677966,
            0.6782608695652174,
            0.08823529411764706
        ],
        "f1": [
            0.07721518987341772,
            0.5423728813559321,
            0.09594517418617932
        ]
    }
}