{
    "wml": {
        "accu": [
            0.32173295454545453
        ],
        "precision": [
            0.0,
            0.3561320754716981,
            0.0
        ],
        "recall": [
            0.0,
            0.9516806722689075,
            0.0
        ],
        "f1": [
            NaN,
            0.5183066361556065,
            NaN
        ]
    },
    "vpl": {
        "accu": [
            0.4953835227272727
        ],
        "precision": [
            0.4117647058823529,
            1.0,
            0.805111821086262
        ],
        "recall": [
            0.9754098360655737,
            0.21509009009009009,
            0.2647058823529412
        ],
        "f1": [
            0.5790754257907542,
            0.3540315106580167,
            0.39841897233201584
        ]
    }
}