{
    "wml": {
        "accu": [
            0.3565340909090909
        ],
        "precision": [
            0.1597444089456869,
            0.2974683544303797,
            0.5712418300653594
        ],
        "recall": [
            0.05630630630630631,
            0.5430672268907563,
            0.44774590163934425
        ],
        "f1": [
            0.08326394671107411,
            0.3843866171003717,
            0.502010338885698
        ]
    },
    "vpl": {
        "accu": [
            0.3671875
        ],
        "precision": [
            0.39090909090909093,
            0.6427015250544662,
            0.28998339789706695
        ],
        "recall": [
            0.22028688524590165,
            0.3322072072072072,
            0.5504201680672269
        ],
        "f1": [
            0.2817824377457405,
            0.43801039346696363,
            0.3798477709314969
        ]
    }
}