{
    "wml": {
        "accu": [
            0.42613636363636365
        ],
        "precision": [
            0.5694603903559128,
            0.3823178016726404,
            0.34657039711191334
        ],
        "recall": [
            0.5391304347826087,
            0.33613445378151263,
            0.4067796610169492
        ],
        "f1": [
            0.5538805136795086,
            0.3577417551704863,
            0.3742690058479532
        ]
    },
    "vpl": {
        "accu": [
            0.5078125
        ],
        "precision": [
            0.41812865497076024,
            0.5189437428243399,
            0.5973884657236126
        ],
        "recall": [
            0.4544491525423729,
            0.49130434782608695,
            0.5766806722689075
        ],
        "f1": [
            0.4355329949238579,
            0.5047459519821329,
            0.586851950828434
        ]
    }
}