{
    "wml": {
        "accu": [
            0.3575994318181818
        ],
        "precision": [
            0.10600706713780919,
            0.3057491289198606,
            0.5408348457350273
        ],
        "recall": [
            0.06756756756756757,
            0.36869747899159666,
            0.610655737704918
        ],
        "f1": [
            0.08253094910591473,
            0.3342857142857143,
            0.5736284889316652
        ]
    },
    "vpl": {
        "accu": [
            0.3643465909090909
        ],
        "precision": [
            0.6108949416342413,
            0.41379310344827586,
            0.33606221858370855
        ],
        "recall": [
            0.16086065573770492,
            0.05405405405405406,
            0.8623949579831933
        ],
        "f1": [
            0.2546634225466342,
            0.09561752988047809,
            0.48365243004418257
        ]
    }
}