{
    "wml": {
        "accu": [
            0.40589488636363635
        ],
        "precision": [
            0.38484848484848483,
            0.7894736842105263,
            0.34794776119402987
        ],
        "recall": [
            0.14301801801801803,
            0.28361344537815125,
            0.764344262295082
        ],
        "f1": [
            0.2085385878489327,
            0.41731066460587324,
            0.4782051282051282
        ]
    },
    "vpl": {
        "accu": [
            0.3703835227272727
        ],
        "precision": [
            0.4011379800853485,
            0.5518867924528302,
            0.16161616161616163
        ],
        "recall": [
            0.8668032786885246,
            0.13175675675675674,
            0.08403361344537816
        ],
        "f1": [
            0.5484602917341977,
            0.21272727272727274,
            0.11057360055286802
        ]
    }
}