{
    "wml": {
        "accu": [
            0.5617897727272727
        ],
        "precision": [
            0.37244897959183676,
            0.6186770428015564,
            0.7675489067894131
        ],
        "recall": [
            0.49324324324324326,
            0.5010504201680672,
            0.6834016393442623
        ],
        "f1": [
            0.42441860465116277,
            0.5536854323853744,
            0.7230352303523037
        ]
    },
    "vpl": {
        "accu": [
            0.19211647727272727
        ],
        "precision": [
            0.14551907719609583,
            0.3109600679694138,
            0.021484375
        ],
        "recall": [
            0.1680327868852459,
            0.41216216216216217,
            0.011554621848739496
        ],
        "f1": [
            0.15596766524013314,
            0.35447941888619855,
            0.015027322404371584
        ]
    }
}