{
    "wml": {
        "accu": [
            0.3222064393939394
        ],
        "precision": [
            0.26830318690783805,
            0.35536075522589344,
            0.5035799522673031
        ],
        "recall": [
            0.4514492753623188,
            0.36904761904761907,
            0.14901129943502825
        ],
        "f1": [
            0.3365748244192328,
            0.3620748883545173,
            0.22997275204359674
        ]
    },
    "vpl": {
        "accu": [
            0.4512310606060606
        ],
        "precision": [
            0.44798785117691725,
            0.4917627677100494,
            0.34308510638297873
        ],
        "recall": [
            0.8333333333333334,
            0.4326086956521739,
            0.09033613445378151
        ],
        "f1": [
            0.5827160493827162,
            0.4602929838087895,
            0.14301552106430154
        ]
    }
}