{
    "wml": {
        "accu": [
            0.5568181818181818
        ],
        "precision": [
            0.9274509803921569,
            0.35856573705179284,
            0.5072062084257206
        ],
        "recall": [
            0.5326576576576577,
            0.18907563025210083,
            0.9375
        ],
        "f1": [
            0.6766809728183119,
            0.24759284731774417,
            0.658273381294964
        ]
    },
    "vpl": {
        "accu": [
            0.5110085227272727
        ],
        "precision": [
            0.4392227745142341,
            0.9137466307277629,
            0.5517241379310345
        ],
        "recall": [
            0.9959016393442623,
            0.38175675675675674,
            0.13445378151260504
        ],
        "f1": [
            0.6095954844778928,
            0.5385226370135028,
            0.2162162162162162
        ]
    }
}