{
    "wml": {
        "accu": [
            0.3934659090909091
        ],
        "precision": [
            0.4352044352044352,
            0.1588447653429603,
            0.3978102189781022
        ],
        "recall": [
            0.6826086956521739,
            0.046218487394957986,
            0.461864406779661
        ],
        "f1": [
            0.5315277190012696,
            0.07160292921074045,
            0.4274509803921569
        ]
    },
    "vpl": {
        "accu": [
            0.39026988636363635
        ],
        "precision": [
            0.3726790450928382,
            0.4265676567656766,
            0.35411764705882354
        ],
        "recall": [
            0.2976694915254237,
            0.5619565217391305,
            0.3161764705882353
        ],
        "f1": [
            0.33097762073027087,
            0.4849906191369606,
            0.3340732519422863
        ]
    }
}