{
    "wml": {
        "accu": [
            0.3107244318181818
        ],
        "precision": [
            0.693950177935943,
            0.16123778501628663,
            0.36878347360367253
        ],
        "recall": [
            0.2195945945945946,
            0.20798319327731093,
            0.49385245901639346
        ],
        "f1": [
            0.33361847733105215,
            0.181651376146789,
            0.422251423565484
        ]
    },
    "vpl": {
        "accu": [
            0.5941051136363636
        ],
        "precision": [
            0.568,
            0.96996996996997,
            0.5304726368159204
        ],
        "recall": [
            0.5092213114754098,
            0.36373873873873874,
            0.8960084033613446
        ],
        "f1": [
            0.5370070232306862,
            0.529074529074529,
            0.66640625
        ]
    }
}