{
    "wml": {
        "accu": [
            0.44495738636363635
        ],
        "precision": [
            0.4059171597633136,
            0.38594969644405897,
            0.5684596577017115
        ],
        "recall": [
            0.37282608695652175,
            0.46743697478991597,
            0.4925847457627119
        ],
        "f1": [
            0.3886685552407932,
            0.42280285035629456,
            0.5278093076049944
        ]
    },
    "vpl": {
        "accu": [
            0.3064630681818182
        ],
        "precision": [
            0.18739770867430441,
            0.06017699115044248,
            0.5830903790087464
        ],
        "recall": [
            0.24258474576271186,
            0.03695652173913044,
            0.6302521008403361
        ],
        "f1": [
            0.21144967682363802,
            0.045791245791245785,
            0.6057546693589096
        ]
    }
}