{
    "wml": {
        "accu": [
            0.3142755681818182
        ],
        "precision": [
            0.29528985507246375,
            0.15384615384615385,
            0.31985784095957354
        ],
        "recall": [
            0.17717391304347826,
            0.002173913043478261,
            0.7377049180327869
        ],
        "f1": [
            0.2214673913043478,
            0.004287245444801716,
            0.4462348930895569
        ]
    },
    "vpl": {
        "accu": [
            0.3181818181818182
        ],
        "precision": [
            0.3109375,
            0.27383863080684595,
            0.9615384615384616
        ],
        "recall": [
            0.6116803278688525,
            0.24347826086956523,
            0.08152173913043478
        ],
        "f1": [
            0.412292817679558,
            0.25776754890678943,
            0.15030060120240482
        ]
    }
}