{
    "wml": {
        "accu": [
            0.35298295454545453
        ],
        "precision": [
            0.5353535353535354,
            0.0,
            0.35676978706307755
        ],
        "recall": [
            0.11521739130434783,
            0.0,
            0.9098360655737705
        ],
        "f1": [
            0.1896243291592129,
            NaN,
            0.5125541125541125
        ]
    },
    "vpl": {
        "accu": [
            0.35973011363636365
        ],
        "precision": [
            0.3673469387755102,
            0.37637897469175857,
            0.010101010101010102
        ],
        "recall": [
            0.4426229508196721,
            0.6304347826086957,
            0.0010869565217391304
        ],
        "f1": [
            0.40148698884758366,
            0.4713531084924827,
            0.001962708537782139
        ]
    }
}