{
    "wml": {
        "accu": [
            0.1796875
        ],
        "precision": [
            0.1934651762682717,
            0.13465160075329566,
            0.233502538071066
        ],
        "recall": [
            0.24456521739130435,
            0.15021008403361344,
            0.1461864406779661
        ],
        "f1": [
            0.21603456553048483,
            0.14200595829195628,
            0.17980456026058633
        ]
    },
    "vpl": {
        "accu": [
            0.4190340909090909
        ],
        "precision": [
            0.3964034401876466,
            0.49072164948453606,
            0.3474426807760141
        ],
        "recall": [
            0.5370762711864406,
            0.5173913043478261,
            0.20693277310924368
        ],
        "f1": [
            0.456140350877193,
            0.5037037037037038,
            0.2593811718235681
        ]
    }
}