{
    "wml": {
        "accu": [
            0.3728693181818182
        ],
        "precision": [
            0.5313588850174216,
            0.22704081632653061,
            0.3545945945945946
        ],
        "recall": [
            0.33152173913043476,
            0.0934873949579832,
            0.6949152542372882
        ],
        "f1": [
            0.4082998661311914,
            0.1324404761904762,
            0.4695776664280601
        ]
    },
    "vpl": {
        "accu": [
            0.36683238636363635
        ],
        "precision": [
            0.3252804141501294,
            0.489851150202977,
            0.3202614379084967
        ],
        "recall": [
            0.399364406779661,
            0.3934782608695652,
            0.3088235294117647
        ],
        "f1": [
            0.35853542558250123,
            0.4364074743821579,
            0.3144385026737968
        ]
    }
}