{
    "wml": {
        "accu": [
            0.40625
        ],
        "precision": [
            0.08011869436201781,
            0.5149439601494396,
            0.3321878579610538
        ],
        "recall": [
            0.030405405405405407,
            0.8686974789915967,
            0.29713114754098363
        ],
        "f1": [
            0.044081632653061226,
            0.6465989053948396,
            0.3136830719307734
        ]
    },
    "vpl": {
        "accu": [
            0.40660511363636365
        ],
        "precision": [
            0.26874391431353456,
            0.9498480243161094,
            0.21573828470380194
        ],
        "recall": [
            0.2827868852459016,
            0.7038288288288288,
            0.25630252100840334
        ],
        "f1": [
            0.27558662006989515,
            0.8085381630012936,
            0.2342774843975036
        ]
    }
}