{
    "wml": {
        "accu": [
            0.34765625
        ],
        "precision": [
            0.18758815232722145,
            0.3400702987697715,
            0.47368421052631576
        ],
        "recall": [
            0.14456521739130435,
            0.4206521739130435,
            0.4702868852459016
        ],
        "f1": [
            0.1632903621853898,
            0.3760932944606414,
            0.4719794344473007
        ]
    },
    "vpl": {
        "accu": [
            0.4367897727272727
        ],
        "precision": [
            0.4006430868167203,
            0.6857585139318886,
            0.26666666666666666
        ],
        "recall": [
            0.6383196721311475,
            0.4815217391304348,
            0.1782608695652174
        ],
        "f1": [
            0.4922955353615172,
            0.565772669220945,
            0.21368078175895763
        ]
    }
}