{
    "wml": {
        "accu": [
            0.5066287878787878
        ],
        "precision": [
            0.46966390222610216,
            0.4259012016021362,
            0.629222972972973
        ],
        "recall": [
            0.7797101449275362,
            0.23115942028985506,
            0.5088797814207651
        ],
        "f1": [
            0.5862162898392809,
            0.2996712071395021,
            0.5626888217522659
        ]
    },
    "vpl": {
        "accu": [
            0.4883996212121212
        ],
        "precision": [
            0.34807692307692306,
            0.7822057460611678,
            0.42649842271293376
        ],
        "recall": [
            0.3709016393442623,
            0.6115942028985507,
            0.48985507246376814
        ],
        "f1": [
            0.35912698412698413,
            0.6864579097193982,
            0.45598650927487355
        ]
    }
}