{
    "wml": {
        "accu": [
            0.42720170454545453
        ],
        "precision": [
            0.5693311582381729,
            0.07556675062972293,
            0.39815590947191953
        ],
        "recall": [
            0.758695652173913,
            0.031512605042016806,
            0.503177966101695
        ],
        "f1": [
            0.6505125815470644,
            0.04447739065974796,
            0.44454843238184377
        ]
    },
    "vpl": {
        "accu": [
            0.6434659090909091
        ],
        "precision": [
            0.5628930817610063,
            0.7540152155536771,
            0.5813953488372093
        ],
        "recall": [
            0.948093220338983,
            0.9695652173913043,
            0.026260504201680673
        ],
        "f1": [
            0.7063930544593527,
            0.8483119353304803,
            0.05025125628140704
        ]
    }
}