{
    "wml": {
        "accu": [
            0.4460227272727273
        ],
        "precision": [
            0.42249240121580545,
            0.4382207578253707,
            0.4526595744680851
        ],
        "recall": [
            0.15108695652173912,
            0.2891304347826087,
            0.8719262295081968
        ],
        "f1": [
            0.22257806244995998,
            0.3483955468238376,
            0.59593837535014
        ]
    },
    "vpl": {
        "accu": [
            0.3174715909090909
        ],
        "precision": [
            0.3235581622678397,
            0.06715063520871144,
            0.42351046698872785
        ],
        "recall": [
            0.3391393442622951,
            0.04021739130434782,
            0.5717391304347826
        ],
        "f1": [
            0.33116558279139563,
            0.05030591434398368,
            0.486586493987049
        ]
    }
}