{
    "wml": {
        "accu": [
            0.4754971590909091
        ],
        "precision": [
            0.7695852534562212,
            0.1393103448275862,
            0.4660670482420278
        ],
        "recall": [
            0.7260869565217392,
            0.10609243697478991,
            0.6038135593220338
        ],
        "f1": [
            0.7472035794183446,
            0.12045319022063207,
            0.5260729118597138
        ]
    },
    "vpl": {
        "accu": [
            0.7571022727272727
        ],
        "precision": [
            0.8070175438596491,
            0.8453364817001181,
            0.634
        ],
        "recall": [
            0.8283898305084746,
            0.7782608695652173,
            0.6659663865546218
        ],
        "f1": [
            0.8175640355462624,
            0.810413129598189,
            0.6495901639344261
        ]
    }
}