{
    "wml": {
        "accu": [
            0.4147727272727273
        ],
        "precision": [
            0.3112884834663626,
            0.5532435740514076,
            0.3948306595365419
        ],
        "recall": [
            0.30743243243243246,
            0.47478991596638653,
            0.45389344262295084
        ],
        "f1": [
            0.30934844192634564,
            0.5110231769361221,
            0.4223069590085796
        ]
    },
    "vpl": {
        "accu": [
            0.5923295454545454
        ],
        "precision": [
            0.62,
            0.8636363636363636,
            0.4298245614035088
        ],
        "recall": [
            0.444672131147541,
            0.7274774774774775,
            0.6176470588235294
        ],
        "f1": [
            0.5178997613365155,
            0.7897310513447432,
            0.506896551724138
        ]
    }
}