{
    "wml": {
        "accu": [
            0.41654829545454547
        ],
        "precision": [
            0.0,
            0.8279569892473119,
            0.3790744466800805
        ],
        "recall": [
            0.0,
            0.2426470588235294,
            0.9651639344262295
        ],
        "f1": [
            NaN,
            0.3753046303818034,
            0.5443513435423288
        ]
    },
    "vpl": {
        "accu": [
            0.2645596590909091
        ],
        "precision": [
            0.27857829010566765,
            0.1554054054054054,
            0.5140845070422535
        ],
        "recall": [
            0.5942622950819673,
            0.1036036036036036,
            0.07668067226890757
        ],
        "f1": [
            0.37933289731850883,
            0.12432432432432429,
            0.13345521023766
        ]
    }
}