{
    "wml": {
        "accu": [
            0.5713778409090909
        ],
        "precision": [
            0.4939759036144578,
            0.06716417910447761,
            0.7632093933463796
        ],
        "recall": [
            0.8913043478260869,
            0.009782608695652175,
            0.7991803278688525
        ],
        "f1": [
            0.6356589147286822,
            0.01707779886148008,
            0.7807807807807807
        ]
    },
    "vpl": {
        "accu": [
            0.34801136363636365
        ],
        "precision": [
            0.680952380952381,
            0.02644836272040302,
            0.42009987515605496
        ],
        "recall": [
            0.2930327868852459,
            0.02282608695652174,
            0.7315217391304348
        ],
        "f1": [
            0.4097421203438396,
            0.02450408401400233,
            0.5337034099920699
        ]
    }
}