{
    "wml": {
        "accu": [
            0.2958096590909091
        ],
        "precision": [
            0.06360946745562131,
            0.4116766467065868,
            0.3498641304347826
        ],
        "recall": [
            0.04842342342342342,
            0.28886554621848737,
            0.5276639344262295
        ],
        "f1": [
            0.05498721227621484,
            0.3395061728395062,
            0.4207516339869281
        ]
    },
    "vpl": {
        "accu": [
            0.3966619318181818
        ],
        "precision": [
            0.36891679748822603,
            0.44661308840413316,
            0.6764705882352942
        ],
        "recall": [
            0.7223360655737705,
            0.4380630630630631,
            0.02415966386554622
        ],
        "f1": [
            0.48839625909248363,
            0.4422967595224559,
            0.04665314401622718
        ]
    }
}