{
    "wml": {
        "accu": [
            0.296875
        ],
        "precision": [
            0.367536231884058,
            0.19832985386221294,
            0.09022556390977443
        ],
        "recall": [
            0.713963963963964,
            0.19957983193277312,
            0.012295081967213115
        ],
        "f1": [
            0.4852659778032913,
            0.19895287958115182,
            0.02164111812443643
        ]
    },
    "vpl": {
        "accu": [
            0.06463068181818182
        ],
        "precision": [
            0.0994263862332696,
            0.0092899800928998,
            0.24334600760456274
        ],
        "recall": [
            0.10655737704918032,
            0.015765765765765764,
            0.06722689075630252
        ],
        "f1": [
            0.10286844708209693,
            0.011691022964509395,
            0.10534979423868313
        ]
    }
}