{
    "wml": {
        "accu": [
            0.4904119318181818
        ],
        "precision": [
            0.4986376021798365,
            0.5138888888888888,
            0.4844587352625938
        ],
        "recall": [
            0.3978260869565217,
            0.11659663865546219,
            0.9576271186440678
        ],
        "f1": [
            0.44256348246674726,
            0.19006849315068491,
            0.6434163701067616
        ]
    },
    "vpl": {
        "accu": [
            0.4030539772727273
        ],
        "precision": [
            0.4612944162436548,
            0.8834355828220859,
            0.24512534818941503
        ],
        "recall": [
            0.7701271186440678,
            0.1565217391304348,
            0.2773109243697479
        ],
        "f1": [
            0.5769841269841269,
            0.2659279778393352,
            0.2602267126663381
        ]
    }
}