{
    "wml": {
        "accu": [
            0.49644886363636365
        ],
        "precision": [
            0.922077922077922,
            0.39663461538461536,
            0.5364963503649635
        ],
        "recall": [
            0.4797297297297297,
            0.8665966386554622,
            0.15061475409836064
        ],
        "f1": [
            0.6311111111111112,
            0.5441952506596306,
            0.2352
        ]
    },
    "vpl": {
        "accu": [
            0.46058238636363635
        ],
        "precision": [
            0.2513888888888889,
            0.41317365269461076,
            0.6114195083267249
        ],
        "recall": [
            0.18545081967213115,
            0.3885135135135135,
            0.8098739495798319
        ],
        "f1": [
            0.2134433962264151,
            0.4004643064422519,
            0.6967916854948034
        ]
    }
}