{
    "wml": {
        "accu": [
            0.2940340909090909
        ],
        "precision": [
            0.23255813953488372,
            0.3020257826887661,
            0.7619047619047619
        ],
        "recall": [
            0.15765765765765766,
            0.6890756302521008,
            0.03278688524590164
        ],
        "f1": [
            0.18791946308724833,
            0.4199743918053777,
            0.06286836935166994
        ]
    },
    "vpl": {
        "accu": [
            0.37535511363636365
        ],
        "precision": [
            0.4703748488512696,
            0.3358471593765711,
            NaN
        ],
        "recall": [
            0.3985655737704918,
            0.7522522522522522,
            0.0
        ],
        "f1": [
            0.4315030504714365,
            0.4643726103580117,
            NaN
        ]
    }
}