{
    "wml": {
        "accu": [
            0.4240056818181818
        ],
        "precision": [
            0.3874066168623266,
            0.315955766192733,
            0.7030995106035889
        ],
        "recall": [
            0.40878378378378377,
            0.42016806722689076,
            0.4415983606557377
        ],
        "f1": [
            0.3978082191780822,
            0.36068530207394045,
            0.5424795468848332
        ]
    },
    "vpl": {
        "accu": [
            0.31605113636363635
        ],
        "precision": [
            0.18758815232722145,
            0.2560747663551402,
            0.3944020356234097
        ],
        "recall": [
            0.1362704918032787,
            0.15427927927927929,
            0.6512605042016807
        ],
        "f1": [
            0.15786350148367953,
            0.19255094869992975,
            0.49128367670364503
        ]
    }
}