{
    "wml": {
        "accu": [
            0.4353693181818182
        ],
        "precision": [
            0.47461273666092946,
            0.4425736620565244,
            0.0
        ],
        "recall": [
            0.7992753623188406,
            0.5333333333333333,
            0.0
        ],
        "f1": [
            0.5955723542116631,
            0.48373315806769634,
            NaN
        ]
    },
    "vpl": {
        "accu": [
            0.4121685606060606
        ],
        "precision": [
            0.4670076726342711,
            0.5698245614035088,
            0.018957345971563982
        ],
        "recall": [
            0.6236338797814208,
            0.5884057971014492,
            0.011594202898550725
        ],
        "f1": [
            0.534074290728283,
            0.5789661319073084,
            0.014388489208633094
        ]
    }
}