{
    "wml": {
        "accu": [
            0.4715909090909091
        ],
        "precision": [
            0.4253092293054234,
            0.6181818181818182,
            0.45962264150943394
        ],
        "recall": [
            0.48586956521739133,
            0.2857142857142857,
            0.6451271186440678
        ],
        "f1": [
            0.4535768645357687,
            0.3908045977011494,
            0.5368003525782283
        ]
    },
    "vpl": {
        "accu": [
            0.578125
        ],
        "precision": [
            0.5574162679425837,
            0.611062335381914,
            0.0
        ],
        "recall": [
            0.9872881355932204,
            0.7565217391304347,
            0.0
        ],
        "f1": [
            0.7125382262996941,
            0.6760563380281691,
            NaN
        ]
    }
}