{
    "wml": {
        "accu": [
            0.42211174242424243
        ],
        "precision": [
            0.393348623853211,
            0.24743230625583568,
            0.5151249451994739
        ],
        "recall": [
            0.24855072463768116,
            0.18557422969187676,
            0.8298022598870056
        ],
        "f1": [
            0.3046181172291297,
            0.21208483393357344,
            0.635650527454693
        ]
    },
    "vpl": {
        "accu": [
            0.4621212121212121
        ],
        "precision": [
            0.4253075571177504,
            0.5388675623800384,
            0.3736473583704647
        ],
        "recall": [
            0.1709039548022599,
            0.813768115942029,
            0.4110644257703081
        ],
        "f1": [
            0.24382871536523928,
            0.6483833718244804,
            0.39146382127375795
        ]
    }
}