{
    "wml": {
        "accu": [
            0.3977272727272727
        ],
        "precision": [
            0.4202185792349727,
            0.31350560702096536,
            0.7813411078717201
        ],
        "recall": [
            0.5572463768115942,
            0.45028011204481794,
            0.18926553672316385
        ],
        "f1": [
            0.47912772585669783,
            0.3696464501293475,
            0.30471859010801594
        ]
    },
    "vpl": {
        "accu": [
            0.2862215909090909
        ],
        "precision": [
            0.2918454935622318,
            0.2579957356076759,
            0.0
        ],
        "recall": [
            0.768361581920904,
            0.08768115942028985,
            0.0
        ],
        "f1": [
            0.4230171073094868,
            0.130881557598702,
            NaN
        ]
    }
}