{
    "wml": {
        "accu": [
            0.6402698863636364
        ],
        "precision": [
            0.5515625,
            0.6124837451235371,
            0.8161668839634941
        ],
        "recall": [
            0.795045045045045,
            0.4947478991596639,
            0.6413934426229508
        ],
        "f1": [
            0.6512915129151291,
            0.547356188262638,
            0.7183017785427424
        ]
    },
    "vpl": {
        "accu": [
            0.5220170454545454
        ],
        "precision": [
            0.4325358851674641,
            0.39543726235741444,
            0.7189409368635438
        ],
        "recall": [
            0.46311475409836067,
            0.35135135135135137,
            0.7415966386554622
        ],
        "f1": [
            0.44730331519049976,
            0.372093023255814,
            0.7300930713547054
        ]
    }
}