{
    "wml": {
        "accu": [
            0.592092803030303
        ],
        "precision": [
            0.582273112807464,
            0.5575304022450889,
            0.6675031367628608
        ],
        "recall": [
            0.994927536231884,
            0.4318840579710145,
            0.3633879781420765
        ],
        "f1": [
            0.734617442482611,
            0.48672927725602283,
            0.47058823529411764
        ]
    },
    "vpl": {
        "accu": [
            0.2294034090909091
        ],
        "precision": [
            0.5486111111111112,
            0.09179056237879767,
            0.2953020134228188
        ],
        "recall": [
            0.05396174863387978,
            0.10289855072463767,
            0.5420289855072464
        ],
        "f1": [
            0.09825870646766169,
            0.09702767338571916,
            0.3823153590595451
        ]
    }
}