{
    "wml": {
        "accu": [
            0.3660037878787879
        ],
        "precision": [
            0.7331288343558282,
            0.09011627906976744,
            0.3590320765334834
        ],
        "recall": [
            0.17318840579710146,
            0.02246376811594203,
            0.8715846994535519
        ],
        "f1": [
            0.2801875732708089,
            0.03596287703016241,
            0.5085691510561977
        ]
    },
    "vpl": {
        "accu": [
            0.6633522727272727
        ],
        "precision": [
            0.7314285714285714,
            0.7835763622409824,
            0.5576735092864125
        ],
        "recall": [
            0.4371584699453552,
            0.7398550724637681,
            0.8268115942028985
        ],
        "f1": [
            0.5472424112868748,
            0.7610883339545286,
            0.666082895504962
        ]
    }
}