{
    "wml": {
        "accu": [
            0.4275568181818182
        ],
        "precision": [
            0.5833333333333334,
            0.538917089678511,
            0.33224967490247076
        ],
        "recall": [
            0.06306306306306306,
            0.6691176470588235,
            0.5235655737704918
        ],
        "f1": [
            0.1138211382113821,
            0.5970009372071228,
            0.40652346857597454
        ]
    },
    "vpl": {
        "accu": [
            0.4968039772727273
        ],
        "precision": [
            0.4696969696969697,
            0.6396226415094339,
            0.3620331950207469
        ],
        "recall": [
            0.38114754098360654,
            0.7635135135135135,
            0.36659663865546216
        ],
        "f1": [
            0.42081447963800905,
            0.6960985626283368,
            0.3643006263048017
        ]
    }
}