{
    "wml": {
        "accu": [
            0.4627130681818182
        ],
        "precision": [
            0.35440729483282674,
            0.5,
            0.6913229018492176
        ],
        "recall": [
            0.6565315315315315,
            0.24579831932773108,
            0.4979508196721312
        ],
        "f1": [
            0.46032372680615874,
            0.32957746478873234,
            0.5789160214413341
        ]
    },
    "vpl": {
        "accu": [
            0.5074573863636364
        ],
        "precision": [
            0.532563025210084,
            0.48661800486618007,
            0.5545454545454546
        ],
        "recall": [
            0.5194672131147541,
            0.9009009009009009,
            0.12815126050420167
        ],
        "f1": [
            0.5259336099585062,
            0.631911532385466,
            0.20819112627986344
        ]
    }
}