{
    "wml": {
        "accu": [
            0.3046875
        ],
        "precision": [
            0.09448818897637795,
            0.23626698168930893,
            0.6666666666666666
        ],
        "recall": [
            0.05405405405405406,
            0.42016806722689076,
            0.42008196721311475
        ],
        "f1": [
            0.06876790830945559,
            0.3024574669187146,
            0.5153991200502828
        ]
    },
    "vpl": {
        "accu": [
            0.35582386363636365
        ],
        "precision": [
            0.6225490196078431,
            0.0,
            0.3468093539437178
        ],
        "recall": [
            0.13012295081967212,
            0.0,
            0.9191176470588235
        ],
        "f1": [
            0.21525423728813556,
            NaN,
            0.5035971223021583
        ]
    }
}