{
    "wml": {
        "accu": [
            0.38636363636363635
        ],
        "precision": [
            0.3153232949512843,
            0.5790697674418605,
            0.38424821002386633
        ],
        "recall": [
            0.3869565217391304,
            0.2615546218487395,
            0.5116525423728814
        ],
        "f1": [
            0.3474865788189361,
            0.36034732272069464,
            0.4388914129940936
        ]
    },
    "vpl": {
        "accu": [
            0.38636363636363635
        ],
        "precision": [
            0.3995617238860482,
            0.37196391394864675,
            0.8333333333333334
        ],
        "recall": [
            0.5794491525423728,
            0.5826086956521739,
            0.005252100840336135
        ],
        "f1": [
            0.47297881539126674,
            0.4540448962304108,
            0.010438413361169104
        ]
    }
}