{
    "wml": {
        "accu": [
            0.47407670454545453
        ],
        "precision": [
            1.0,
            0.5971731448763251,
            0.3211624441132638
        ],
        "recall": [
            0.0641304347826087,
            0.8876050420168067,
            0.4565677966101695
        ],
        "f1": [
            0.12053115423901943,
            0.7139839459231093,
            0.3770778652668417
        ]
    },
    "vpl": {
        "accu": [
            0.5901988636363636
        ],
        "precision": [
            0.449952335557674,
            1.0,
            NaN
        ],
        "recall": [
            1.0,
            0.7804347826086957,
            0.0
        ],
        "f1": [
            0.6206443129520053,
            0.8766788766788767,
            NaN
        ]
    }
}