{
    "wml": {
        "accu": [
            0.40459280303030304
        ],
        "precision": [
            0.09090909090909091,
            0.29916067146282976,
            0.5279392042914618
        ],
        "recall": [
            0.021014492753623187,
            0.3494397759103641,
            0.8340395480225988
        ],
        "f1": [
            0.03413772807533843,
            0.3223514211886305,
            0.6465918423213798
        ]
    },
    "vpl": {
        "accu": [
            0.5111268939393939
        ],
        "precision": [
            0.6721132897603486,
            0.5338248048568951,
            0.311
        ],
        "recall": [
            0.4357344632768362,
            0.8920289855072464,
            0.21778711484593838
        ],
        "f1": [
            0.5287060839760069,
            0.667932718393923,
            0.2561779242174629
        ]
    }
}