{
    "wml": {
        "accu": [
            0.44483901515151514
        ],
        "precision": [
            0.4412685982772122,
            0.36392075078206465,
            0.5668073136427567
        ],
        "recall": [
            0.8166666666666667,
            0.24439775910364145,
            0.2846045197740113
        ],
        "f1": [
            0.5729537366548043,
            0.2924172601591956,
            0.37893747061589095
        ]
    },
    "vpl": {
        "accu": [
            0.39204545454545453
        ],
        "precision": [
            0.6074681238615665,
            0.36674917491749176,
            0.14245014245014245
        ],
        "recall": [
            0.471045197740113,
            0.6442028985507247,
            0.0700280112044818
        ],
        "f1": [
            0.5306284805091487,
            0.46740273396424814,
            0.09389671361502348
        ]
    }
}