{
    "wml": {
        "accu": [
            0.20561079545454544
        ],
        "precision": [
            0.03339517625231911,
            0.31512363427257045,
            0.024163568773234202
        ],
        "recall": [
            0.02027027027027027,
            0.5756302521008403,
            0.01331967213114754
        ],
        "f1": [
            0.025227750525578137,
            0.4072835377183203,
            0.017173051519154558
        ]
    },
    "vpl": {
        "accu": [
            0.41832386363636365
        ],
        "precision": [
            0.3886445421831268,
            0.8326530612244898,
            0.02857142857142857
        ],
        "recall": [
            0.9959016393442623,
            0.22972972972972974,
            0.0021008403361344537
        ],
        "f1": [
            0.5591026747195859,
            0.36010591350397175,
            0.003913894324853229
        ]
    }
}