{
    "wml": {
        "accu": [
            0.5401278409090909
        ],
        "precision": [
            0.6263345195729537,
            0.377431906614786,
            0.7058823529411765
        ],
        "recall": [
            0.3963963963963964,
            0.509453781512605,
            0.7008196721311475
        ],
        "f1": [
            0.4855172413793104,
            0.4336164506034868,
            0.7033419023136247
        ]
    },
    "vpl": {
        "accu": [
            0.30717329545454547
        ],
        "precision": [
            0.305111821086262,
            0.314404432132964,
            0.30403800475059384
        ],
        "recall": [
            0.39139344262295084,
            0.25563063063063063,
            0.2689075630252101
        ],
        "f1": [
            0.3429084380610413,
            0.2819875776397516,
            0.28539576365663316
        ]
    }
}