{
    "wml": {
        "accu": [
            0.3643465909090909
        ],
        "precision": [
            0.0,
            0.22950819672131148,
            0.4180287270926201
        ],
        "recall": [
            0.0,
            0.19117647058823528,
            0.8647540983606558
        ],
        "f1": [
            NaN,
            0.20859598853868194,
            0.5636060100166945
        ]
    },
    "vpl": {
        "accu": [
            0.4133522727272727
        ],
        "precision": [
            0.4841909485430874,
            0.6431924882629108,
            0.24848484848484848
        ],
        "recall": [
            0.8002049180327869,
            0.15427927927927929,
            0.25840336134453784
        ],
        "f1": [
            0.6033217458478177,
            0.2488646684831971,
            0.2533470648815654
        ]
    }
}