{
    "wml": {
        "accu": [
            0.15411931818181818
        ],
        "precision": [
            0.01990632318501171,
            0.3545389563974267,
            0.10832587287376902
        ],
        "recall": [
            0.02463768115942029,
            0.35942028985507246,
            0.08265027322404371
        ],
        "f1": [
            0.022020725388601035,
            0.35696293630802445,
            0.09376210771018983
        ]
    },
    "vpl": {
        "accu": [
            0.45359848484848486
        ],
        "precision": [
            0.38323353293413176,
            0.9403669724770642,
            0.40538336052202284
        ],
        "recall": [
            0.34972677595628415,
            0.2971014492753623,
            0.7202898550724638
        ],
        "f1": [
            0.3657142857142857,
            0.4515418502202643,
            0.5187891440501043
        ]
    }
}