{
    "wml": {
        "accu": [
            0.39985795454545453
        ],
        "precision": [
            0.7109004739336493,
            0.4493564633463906,
            0.2114914425427873
        ],
        "recall": [
            0.16891891891891891,
            0.8434873949579832,
            0.17725409836065573
        ],
        "f1": [
            0.27297543221110104,
            0.5863453815261044,
            0.19286510590858416
        ]
    },
    "vpl": {
        "accu": [
            0.4552556818181818
        ],
        "precision": [
            0.3933333333333333,
            0.4637223974763407,
            0.4622741764080765
        ],
        "recall": [
            0.12090163934426229,
            0.3310810810810811,
            0.9138655462184874
        ],
        "f1": [
            0.1849529780564263,
            0.38633377135348224,
            0.6139731827805223
        ]
    }
}