{
    "wml": {
        "accu": [
            0.4676846590909091
        ],
        "precision": [
            0.45435576421491913,
            0.013452914798206279,
            0.6553254437869822
        ],
        "recall": [
            0.9808558558558559,
            0.0031512605042016808,
            0.45389344262295084
        ],
        "f1": [
            0.6210338680926917,
            0.005106382978723405,
            0.536319612590799
        ]
    },
    "vpl": {
        "accu": [
            0.5191761363636364
        ],
        "precision": [
            0.4771547248182762,
            0.7719298245614035,
            0.07281553398058252
        ],
        "recall": [
            0.9415983606557377,
            0.5945945945945946,
            0.015756302521008403
        ],
        "f1": [
            0.6333563059958649,
            0.6717557251908397,
            0.025906735751295335
        ]
    }
}