{
    "wml": {
        "accu": [
            0.37452651515151514
        ],
        "precision": [
            0.19261744966442954,
            0.6488888888888888,
            0.3511497824735861
        ],
        "recall": [
            0.20797101449275363,
            0.5289855072463768,
            0.3859289617486339
        ],
        "f1": [
            0.19999999999999998,
            0.5828343313373254,
            0.36771884152294176
        ]
    },
    "vpl": {
        "accu": [
            0.5168087121212122
        ],
        "precision": [
            0.4040207522697795,
            0.6939605110336817,
            0.3802083333333333
        ],
        "recall": [
            0.4255464480874317,
            0.8659420289855072,
            0.2644927536231884
        ],
        "f1": [
            0.4145043246839654,
            0.7704706640876853,
            0.31196581196581197
        ]
    }
}