{
    "wml": {
        "accu": [
            0.3645833333333333
        ],
        "precision": [
            0.631578947368421,
            0.4521953221173574,
            0.1340057636887608
        ],
        "recall": [
            0.1826086956521739,
            0.7985507246376812,
            0.12704918032786885
        ],
        "f1": [
            0.2833052276559865,
            0.5774168194917474,
            0.13043478260869565
        ]
    },
    "vpl": {
        "accu": [
            0.5636837121212122
        ],
        "precision": [
            0.6209279368213229,
            0.6919614147909968,
            0.4082125603864734
        ],
        "recall": [
            0.4296448087431694,
            0.7797101449275362,
            0.48985507246376814
        ],
        "f1": [
            0.507872426322164,
            0.7332197614991482,
            0.4453227931488802
        ]
    }
}