{
    "wml": {
        "accu": [
            0.35511363636363635
        ],
        "precision": [
            0.5073108709472346,
            0.26732673267326734,
            0.261443661971831
        ],
        "recall": [
            0.5782608695652174,
            0.29347826086956524,
            0.2028688524590164
        ],
        "f1": [
            0.5404673213681002,
            0.2797927461139897,
            0.22846153846153847
        ]
    },
    "vpl": {
        "accu": [
            0.4337121212121212
        ],
        "precision": [
            0.5482041587901701,
            0.44052044609665425,
            0.3485824742268041
        ],
        "recall": [
            0.39617486338797814,
            0.5152173913043478,
            0.39202898550724635
        ],
        "f1": [
            0.4599524187153053,
            0.4749498997995992,
            0.36903137789904494
        ]
    }
}