{
    "wml": {
        "accu": [
            0.46732954545454547
        ],
        "precision": [
            0.3973634651600753,
            0.05309734513274336,
            0.8048359240069085
        ],
        "recall": [
            0.9504504504504504,
            0.0063025210084033615,
            0.4774590163934426
        ],
        "f1": [
            0.5604249667994687,
            0.011267605633802818,
            0.5993569131832798
        ]
    },
    "vpl": {
        "accu": [
            0.35014204545454547
        ],
        "precision": [
            0.08364544319600499,
            0.1896551724137931,
            0.4639754726622381
        ],
        "recall": [
            0.06864754098360656,
            0.012387387387387387,
            0.9537815126050421
        ],
        "f1": [
            0.07540799099606077,
            0.023255813953488372,
            0.6242695084221381
        ]
    }
}