{
    "wml": {
        "accu": [
            0.23366477272727273
        ],
        "precision": [
            0.2534937888198758,
            1.0,
            0.016736401673640166
        ],
        "recall": [
            0.7353603603603603,
            0.0010504201680672268,
            0.004098360655737705
        ],
        "f1": [
            0.3770207852193996,
            0.002098635886673662,
            0.0065843621399176945
        ]
    },
    "vpl": {
        "accu": [
            0.30823863636363635
        ],
        "precision": [
            0.3351749539594843,
            0.3045801526717557,
            0.2980269989615784
        ],
        "recall": [
            0.1864754098360656,
            0.44932432432432434,
            0.3014705882352941
        ],
        "f1": [
            0.23963133640553,
            0.36305732484076425,
            0.29973890339425585
        ]
    }
}