{
    "wml": {
        "accu": [
            0.34801136363636365
        ],
        "precision": [
            0.46065057712486884,
            0.3127629733520337,
            0.27652173913043476
        ],
        "recall": [
            0.49436936936936937,
            0.2342436974789916,
            0.32581967213114754
        ],
        "f1": [
            0.4769147202607279,
            0.26786786786786787,
            0.29915333960489177
        ]
    },
    "vpl": {
        "accu": [
            0.6697443181818182
        ],
        "precision": [
            0.5842204132748904,
            1.0,
            0.5300353356890459
        ],
        "recall": [
            0.9559426229508197,
            0.7353603603603603,
            0.31512605042016806
        ],
        "f1": [
            0.7252234745433346,
            0.8475016223231668,
            0.3952569169960474
        ]
    }
}