{
    "wml": {
        "accu": [
            0.5546875
        ],
        "precision": [
            0.6823899371069182,
            0.45147679324894513,
            0.5553914327917282
        ],
        "recall": [
            0.7076086956521739,
            0.5619747899159664,
            0.3983050847457627
        ],
        "f1": [
            0.6947705442902882,
            0.500701918577445,
            0.4639111659469463
        ]
    },
    "vpl": {
        "accu": [
            0.3504971590909091
        ],
        "precision": [
            0.3386127799016931,
            0.5506756756756757,
            0.10432569974554708
        ],
        "recall": [
            0.6567796610169492,
            0.35434782608695653,
            0.0430672268907563
        ],
        "f1": [
            0.44684684684684683,
            0.43121693121693117,
            0.060966542750929366
        ]
    }
}