{
    "wml": {
        "accu": [
            0.4225852272727273
        ],
        "precision": [
            0.35343968095712863,
            0.5938271604938271,
            NaN
        ],
        "recall": [
            0.7984234234234234,
            0.5052521008403361,
            0.0
        ],
        "f1": [
            0.4899792674498963,
            0.5459704880817252,
            NaN
        ]
    },
    "vpl": {
        "accu": [
            0.18394886363636365
        ],
        "precision": [
            0.013311148086522463,
            0.22990063233965674,
            1.0
        ],
        "recall": [
            0.00819672131147541,
            0.5731981981981982,
            0.0010504201680672268
        ],
        "f1": [
            0.010145846544071021,
            0.32817537072856223,
            0.002098635886673662
        ]
    }
}