{
    "wml": {
        "accu": [
            0.6491477272727273
        ],
        "precision": [
            0.6036709721278042,
            0.6335978835978836,
            0.7826825127334465
        ],
        "recall": [
            1.0,
            0.5031512605042017,
            0.4723360655737705
        ],
        "f1": [
            0.7528613819415007,
            0.5608899297423887,
            0.5891373801916933
        ]
    },
    "vpl": {
        "accu": [
            0.46484375
        ],
        "precision": [
            0.36425339366515835,
            0.4697754749568221,
            0.5723514211886305
        ],
        "recall": [
            0.32991803278688525,
            0.6126126126126126,
            0.4653361344537815
        ],
        "f1": [
            0.34623655913978496,
            0.5317693059628543,
            0.5133256083429895
        ]
    }
}