{
    "wml": {
        "accu": [
            0.17151988636363635
        ],
        "precision": [
            0.17492260061919504,
            0.20570388349514562,
            0.05938697318007663
        ],
        "recall": [
            0.12725225225225226,
            0.3560924369747899,
            0.031762295081967214
        ],
        "f1": [
            0.14732724902216426,
            0.26076923076923075,
            0.041388518024032046
        ]
    },
    "vpl": {
        "accu": [
            0.4240056818181818
        ],
        "precision": [
            0.29545454545454547,
            0.47173761339846476,
            0.3771471247199403
        ],
        "recall": [
            0.01331967213114754,
            0.7612612612612613,
            0.5304621848739496
        ],
        "f1": [
            0.02549019607843137,
            0.5825075398535113,
            0.44085552160628544
        ]
    }
}