{
    "wml": {
        "accu": [
            0.37357954545454547
        ],
        "precision": [
            0.2620253164556962,
            0.47441217150760717,
            0.38526477359938605
        ],
        "recall": [
            0.225,
            0.3602941176470588,
            0.5317796610169492
        ],
        "f1": [
            0.2421052631578947,
            0.4095522388059702,
            0.44681797952825997
        ]
    },
    "vpl": {
        "accu": [
            0.3963068181818182
        ],
        "precision": [
            0.27535037098103876,
            0.5856777493606138,
            0.3946406820950061
        ],
        "recall": [
            0.3538135593220339,
            0.49782608695652175,
            0.3403361344537815
        ],
        "f1": [
            0.30968938340287433,
            0.5381903642773209,
            0.3654822335025381
        ]
    }
}