{
    "wml": {
        "accu": [
            0.32421875
        ],
        "precision": [
            0.33112582781456956,
            0.4885057471264368,
            0.20153061224489796
        ],
        "recall": [
            0.5434782608695652,
            0.27717391304347827,
            0.16188524590163936
        ],
        "f1": [
            0.411522633744856,
            0.3536754507628294,
            0.17954545454545456
        ]
    },
    "vpl": {
        "accu": [
            0.5518465909090909
        ],
        "precision": [
            0.4600225225225225,
            0.8548199767711963,
            0.00558659217877095
        ],
        "recall": [
            0.8370901639344263,
            0.8,
            0.0010869565217391304
        ],
        "f1": [
            0.59375,
            0.8265019651880966,
            0.0018198362147406734
        ]
    }
}