{
    "wml": {
        "accu": [
            0.3781960227272727
        ],
        "precision": [
            0.4197860962566845,
            0.37844739530132787,
            0.09090909090909091
        ],
        "recall": [
            0.3536036036036036,
            0.7783613445378151,
            0.010245901639344262
        ],
        "f1": [
            0.38386308068459657,
            0.5092783505154639,
            0.01841620626151013
        ]
    },
    "vpl": {
        "accu": [
            0.4758522727272727
        ],
        "precision": [
            0.5689655172413793,
            0.6475995914198162,
            0.37830241708825185
        ],
        "recall": [
            0.03381147540983607,
            0.713963963963964,
            0.7069327731092437
        ],
        "f1": [
            0.06382978723404255,
            0.6791644349223352,
            0.492859758330282
        ]
    }
}