{
    "wml": {
        "accu": [
            0.4367897727272727
        ],
        "precision": [
            0.9733333333333334,
            0.39033942558746737,
            0.5081521739130435
        ],
        "recall": [
            0.16441441441441443,
            0.9422268907563025,
            0.1915983606557377
        ],
        "f1": [
            0.2813102119460501,
            0.552,
            0.27827380952380953
        ]
    },
    "vpl": {
        "accu": [
            0.203125
        ],
        "precision": [
            0.5775862068965517,
            0.20548604427333975,
            0.021739130434782608
        ],
        "recall": [
            0.13729508196721313,
            0.48085585585585583,
            0.011554621848739496
        ],
        "f1": [
            0.22185430463576164,
            0.28792987188132163,
            0.015089163237311387
        ]
    }
}