{
    "wml": {
        "accu": [
            0.4971590909090909
        ],
        "precision": [
            0.9973753280839895,
            0.396701786532295,
            0.6111111111111112
        ],
        "recall": [
            0.42792792792792794,
            0.9096638655462185,
            0.15778688524590165
        ],
        "f1": [
            0.598896769109535,
            0.5524720893141946,
            0.250814332247557
        ]
    },
    "vpl": {
        "accu": [
            0.3700284090909091
        ],
        "precision": [
            0.47690763052208834,
            1.0,
            0.29843225083986563
        ],
        "recall": [
            0.48668032786885246,
            0.038288288288288286,
            0.5598739495798319
        ],
        "f1": [
            0.4817444219066937,
            0.0737527114967462,
            0.38933528122717315
        ]
    }
}