{
    "wml": {
        "accu": [
            0.5440340909090909
        ],
        "precision": [
            0.8449304174950298,
            0.7228464419475655,
            0.4467253176930596
        ],
        "recall": [
            0.4786036036036036,
            0.2027310924369748,
            0.9364754098360656
        ],
        "f1": [
            0.6110711718188354,
            0.3166529942575882,
            0.6048974189278624
        ]
    },
    "vpl": {
        "accu": [
            0.2606534090909091
        ],
        "precision": [
            0.018890200708382526,
            0.15460526315789475,
            0.403003003003003
        ],
        "recall": [
            0.01639344262295082,
            0.05292792792792793,
            0.7048319327731093
        ],
        "f1": [
            0.01755348326933626,
            0.07885906040268456,
            0.5128009170806267
        ]
    }
}