{
    "wml": {
        "accu": [
            0.2801846590909091
        ],
        "precision": [
            0.013071895424836602,
            0.22588832487309646,
            0.32892249527410206
        ],
        "recall": [
            0.0045045045045045045,
            0.0934873949579832,
            0.7131147540983607
        ],
        "f1": [
            0.006700167504187605,
            0.13224368499257058,
            0.4501940491591203
        ]
    },
    "vpl": {
        "accu": [
            0.4186789772727273
        ],
        "precision": [
            0.3885422575155984,
            0.5174603174603175,
            0.3971631205673759
        ],
        "recall": [
            0.701844262295082,
            0.36711711711711714,
            0.17647058823529413
        ],
        "f1": [
            0.5001825483753195,
            0.4295125164690382,
            0.24436363636363637
        ]
    }
}