{
    "wml": {
        "accu": [
            0.47904829545454547
        ],
        "precision": [
            0.37169517884914466,
            0.615727002967359,
            0.46364242828552366
        ],
        "recall": [
            0.2597826086956522,
            0.45108695652173914,
            0.7120901639344263
        ],
        "f1": [
            0.30582213691618687,
            0.5207026348808029,
            0.5616161616161616
        ]
    },
    "vpl": {
        "accu": [
            0.5120738636363636
        ],
        "precision": [
            0.5506172839506173,
            0.4816568047337278,
            0.5759493670886076
        ],
        "recall": [
            0.4569672131147541,
            0.8847826086956522,
            0.19782608695652174
        ],
        "f1": [
            0.49944008958566627,
            0.6237547892720307,
            0.29449838187702265
        ]
    }
}