{
    "wml": {
        "accu": [
            0.32954545454545453
        ],
        "precision": [
            0.34361968306922436,
            0.1494661921708185,
            0.34183673469387754
        ],
        "recall": [
            0.2985507246376812,
            0.029411764705882353,
            0.6624293785310734
        ],
        "f1": [
            0.31950368359829395,
            0.049151550614394385,
            0.4509615384615384
        ]
    },
    "vpl": {
        "accu": [
            0.2668087121212121
        ],
        "precision": [
            0.18945022288261515,
            0.33874458874458874,
            0.28607983623336747
        ],
        "recall": [
            0.18008474576271186,
            0.22681159420289856,
            0.3914565826330532
        ],
        "f1": [
            0.18464880521361335,
            0.2717013888888889,
            0.33057362507392074
        ]
    }
}