{
    "wml": {
        "accu": [
            0.3884943181818182
        ],
        "precision": [
            0.046153846153846156,
            0.4775510204081633,
            0.341645885286783
        ],
        "recall": [
            0.02364864864864865,
            0.9831932773109243,
            0.1403688524590164
        ],
        "f1": [
            0.031273268801191356,
            0.6428571428571428,
            0.19898329702251272
        ]
    },
    "vpl": {
        "accu": [
            0.2990056818181818
        ],
        "precision": [
            0.3491847826086957,
            0.3029162746942615,
            0.021352313167259787
        ],
        "recall": [
            0.5266393442622951,
            0.36261261261261263,
            0.0063025210084033615
        ],
        "f1": [
            0.4199346405228759,
            0.3300871348026653,
            0.009732360097323601
        ]
    }
}