{
    "wml": {
        "accu": [
            0.3683712121212121
        ],
        "precision": [
            0.4149590163934426,
            0.6666666666666666,
            0.35028072364316903
        ],
        "recall": [
            0.29347826086956524,
            0.020289855072463767,
            0.7670765027322405
        ],
        "f1": [
            0.3438030560271647,
            0.03938115330520394,
            0.4809421841541756
        ]
    },
    "vpl": {
        "accu": [
            0.45928030303030304
        ],
        "precision": [
            0.46996466431095407,
            1.0,
            0.3683540273798153
        ],
        "recall": [
            0.18169398907103826,
            0.3746376811594203,
            0.8384057971014492
        ],
        "f1": [
            0.26206896551724135,
            0.5450711649973643,
            0.5118336651183366
        ]
    }
}