{
    "wml": {
        "accu": [
            0.5179924242424242
        ],
        "precision": [
            0.5458937198067633,
            0.17502668089647813,
            0.6581907090464547
        ],
        "recall": [
            0.49130434782608695,
            0.11884057971014493,
            0.9193989071038251
        ],
        "f1": [
            0.5171624713958809,
            0.14156236512731984,
            0.7671701339412937
        ]
    },
    "vpl": {
        "accu": [
            0.3586647727272727
        ],
        "precision": [
            NaN,
            0.3112331081081081,
            0.4191810344827586
        ],
        "recall": [
            0.0,
            0.5340579710144927,
            0.563768115942029
        ],
        "f1": [
            NaN,
            0.3932764140875133,
            0.480840543881335
        ]
    }
}