{
    "wml": {
        "accu": [
            0.375
        ],
        "precision": [
            0.34976402726796013,
            0.42731277533039647,
            0.42857142857142855
        ],
        "recall": [
            0.7511261261261262,
            0.20378151260504201,
            0.19979508196721313
        ],
        "f1": [
            0.47728085867620756,
            0.27596017069701284,
            0.27253668763102723
        ]
    },
    "vpl": {
        "accu": [
            0.17329545454545456
        ],
        "precision": [
            0.208955223880597,
            0.09411764705882353,
            0.23008849557522124
        ],
        "recall": [
            0.2151639344262295,
            0.10810810810810811,
            0.19117647058823528
        ],
        "f1": [
            0.21201413427561835,
            0.10062893081761005,
            0.20883534136546184
        ]
    }
}