{
    "wml": {
        "accu": [
            0.3465909090909091
        ],
        "precision": [
            0.39215686274509803,
            0.37319884726224783,
            0.33655239014968613
        ],
        "recall": [
            0.02252252252252252,
            0.27205882352941174,
            0.7141393442622951
        ],
        "f1": [
            0.042598509052183174,
            0.31470230862697446,
            0.4574991795208401
        ]
    },
    "vpl": {
        "accu": [
            0.3114346590909091
        ],
        "precision": [
            0.8235294117647058,
            0.009950248756218905,
            0.3333333333333333
        ],
        "recall": [
            0.22950819672131148,
            0.006756756756756757,
            0.6796218487394958
        ],
        "f1": [
            0.358974358974359,
            0.008048289738430584,
            0.4472865537504321
        ]
    }
}