{
    "wml": {
        "accu": [
            0.3348721590909091
        ],
        "precision": [
            0.38639652677279307,
            0.2702702702702703,
            0.3576956147893379
        ],
        "recall": [
            0.30067567567567566,
            0.27310924369747897,
            0.4262295081967213
        ],
        "f1": [
            0.3381887270424319,
            0.27168234064785785,
            0.3889668069191211
        ]
    },
    "vpl": {
        "accu": [
            0.12748579545454544
        ],
        "precision": [
            0.14803312629399587,
            0.08262108262108261,
            0.2242152466367713
        ],
        "recall": [
            0.14651639344262296,
            0.13063063063063063,
            0.10504201680672269
        ],
        "f1": [
            0.14727085478887747,
            0.10122164048865619,
            0.1430615164520744
        ]
    }
}