{
    "wml": {
        "accu": [
            0.3895596590909091
        ],
        "precision": [
            0.5824884792626728,
            0.32690453230472516,
            0.18155619596541786
        ],
        "recall": [
            0.6869565217391305,
            0.3560924369747899,
            0.13347457627118645
        ],
        "f1": [
            0.6304239401496259,
            0.34087481146304677,
            0.15384615384615385
        ]
    },
    "vpl": {
        "accu": [
            0.5071022727272727
        ],
        "precision": [
            0.6827586206896552,
            0.723433242506812,
            0.3900669642857143
        ],
        "recall": [
            0.2097457627118644,
            0.5771739130434783,
            0.7342436974789915
        ],
        "f1": [
            0.32090761750405183,
            0.6420798065296252,
            0.5094752186588921
        ]
    }
}