{
    "wml": {
        "accu": [
            0.4715909090909091
        ],
        "precision": [
            0.8857142857142857,
            0.34232954545454547,
            0.4883367139959432
        ],
        "recall": [
            0.13963963963963963,
            0.25315126050420167,
            0.9866803278688525
        ],
        "f1": [
            0.24124513618677043,
            0.29106280193236717,
            0.6533242876526458
        ]
    },
    "vpl": {
        "accu": [
            0.4442471590909091
        ],
        "precision": [
            0.5203761755485894,
            0.32579650565262075,
            0.41935483870967744
        ],
        "recall": [
            0.8504098360655737,
            0.356981981981982,
            0.1092436974789916
        ],
        "f1": [
            0.645663166083236,
            0.3406770553465878,
            0.17333333333333334
        ]
    }
}