{
    "wml": {
        "accu": [
            0.6452414772727273
        ],
        "precision": [
            0.881808838643371,
            1.0,
            0.5164113785557987
        ],
        "recall": [
            0.9326086956521739,
            0.015756302521008403,
            1.0
        ],
        "f1": [
            0.9064976228209192,
            0.031023784901758014,
            0.6810966810966811
        ]
    },
    "vpl": {
        "accu": [
            0.5756392045454546
        ],
        "precision": [
            0.6666666666666666,
            0.9456,
            0.45901639344262296
        ],
        "recall": [
            0.0826271186440678,
            0.6423913043478261,
            1.0
        ],
        "f1": [
            0.1470311027332705,
            0.7650485436893203,
            0.6292134831460674
        ]
    }
}