{
    "wml": {
        "accu": [
            0.4708806818181818
        ],
        "precision": [
            0.5804046858359957,
            0.34881756756756754,
            0.5310245310245311
        ],
        "recall": [
            0.592391304347826,
            0.4489130434782609,
            0.3770491803278688
        ],
        "f1": [
            0.586336740182894,
            0.3925855513307985,
            0.4409826243259437
        ]
    },
    "vpl": {
        "accu": [
            0.46484375
        ],
        "precision": [
            0.4057971014492754,
            0.6392857142857142,
            0.3387323943661972
        ],
        "recall": [
            0.11475409836065574,
            0.7782608695652173,
            0.5228260869565218
        ],
        "f1": [
            0.17891373801916935,
            0.7019607843137254,
            0.4111111111111111
        ]
    }
}