{
    "wml": {
        "accu": [
            0.36186079545454547
        ],
        "precision": [
            0.20851063829787234,
            0.41762452107279696,
            0.4057071960297767
        ],
        "recall": [
            0.16554054054054054,
            0.5724789915966386,
            0.3350409836065574
        ],
        "f1": [
            0.18455743879472694,
            0.4829419583517945,
            0.367003367003367
        ]
    },
    "vpl": {
        "accu": [
            0.4002130681818182
        ],
        "precision": [
            0.6231884057971014,
            0.4792219274977896,
            0.3085250338294993
        ],
        "recall": [
            0.13217213114754098,
            0.6103603603603603,
            0.4789915966386555
        ],
        "f1": [
            0.2180896027049873,
            0.5368994551758296,
            0.3753086419753086
        ]
    }
}