{
    "wml": {
        "accu": [
            0.39417613636363635
        ],
        "precision": [
            0.4413024850042845,
            0.30759951749095293,
            0.401705565529623
        ],
        "recall": [
            0.37318840579710144,
            0.17857142857142858,
            0.6320621468926554
        ],
        "f1": [
            0.40439733019238316,
            0.2259636685866194,
            0.49121844127332603
        ]
    },
    "vpl": {
        "accu": [
            0.4583333333333333
        ],
        "precision": [
            0.5927272727272728,
            0.4890377588306943,
            0.2634631317315659
        ],
        "recall": [
            0.5755649717514124,
            0.5818840579710145,
            0.22268907563025211
        ],
        "f1": [
            0.5840200644930132,
            0.5314361350099273,
            0.24136622390891843
        ]
    }
}