{
    "wml": {
        "accu": [
            0.3938210227272727
        ],
        "precision": [
            0.3855035279025016,
            0.31335952848722987,
            0.7907949790794979
        ],
        "recall": [
            0.6532608695652173,
            0.33508403361344535,
            0.20021186440677965
        ],
        "f1": [
            0.48487293263412656,
            0.32385786802030453,
            0.31952662721893493
        ]
    },
    "vpl": {
        "accu": [
            0.5365767045454546
        ],
        "precision": [
            0.46594274432379074,
            0.7510259917920656,
            0.3050847457627119
        ],
        "recall": [
            1.0,
            0.5967391304347827,
            0.018907563025210083
        ],
        "f1": [
            0.6356902356902357,
            0.6650514839491217,
            0.03560830860534125
        ]
    }
}