{
    "wml": {
        "accu": [
            0.3810369318181818
        ],
        "precision": [
            0.39092055485498106,
            0.3473684210526316,
            0.8373983739837398
        ],
        "recall": [
            0.3490990990990991,
            0.6932773109243697,
            0.10553278688524591
        ],
        "f1": [
            0.36882807852468763,
            0.4628330995792427,
            0.18744313011828936
        ]
    },
    "vpl": {
        "accu": [
            0.42223011363636365
        ],
        "precision": [
            0.43629124004550623,
            1.0,
            0.39829706717123936
        ],
        "recall": [
            0.7858606557377049,
            0.0011261261261261261,
            0.4422268907563025
        ],
        "f1": [
            0.5610826627651792,
            0.002249718785151856,
            0.41911398705823794
        ]
    }
}