{
    "wml": {
        "accu": [
            0.41051136363636365
        ],
        "precision": [
            0.2890625,
            0.4407142857142857,
            0.6198979591836735
        ],
        "recall": [
            0.3333333333333333,
            0.648109243697479,
            0.2489754098360656
        ],
        "f1": [
            0.3096234309623431,
            0.5246598639455783,
            0.3552631578947369
        ]
    },
    "vpl": {
        "accu": [
            0.33558238636363635
        ],
        "precision": [
            0.46858168761220825,
            0.26305084745762713,
            0.15418502202643172
        ],
        "recall": [
            0.5348360655737705,
            0.4369369369369369,
            0.03676470588235294
        ],
        "f1": [
            0.4995215311004785,
            0.32839610664409646,
            0.05937234944868533
        ]
    }
}