{
    "wml": {
        "accu": [
            0.34375
        ],
        "precision": [
            0.3937409024745269,
            0.24419535628502803,
            0.6321243523316062
        ],
        "recall": [
            0.5880434782608696,
            0.32037815126050423,
            0.1292372881355932
        ],
        "f1": [
            0.4716652136006974,
            0.27714675147660156,
            0.2145998240985048
        ]
    },
    "vpl": {
        "accu": [
            0.3366477272727273
        ],
        "precision": [
            0.18741058655221746,
            0.4388888888888889,
            0.27326440177252587
        ],
        "recall": [
            0.13877118644067796,
            0.6869565217391305,
            0.19432773109243698
        ],
        "f1": [
            0.15946439440048693,
            0.535593220338983,
            0.22713321055862495
        ]
    }
}