{
    "wml": {
        "accu": [
            0.3469460227272727
        ],
        "precision": [
            0.30833333333333335,
            0.3070398642917727,
            0.6561514195583596
        ],
        "recall": [
            0.4583333333333333,
            0.3802521008403361,
            0.21311475409836064
        ],
        "f1": [
            0.3686594202898551,
            0.33974659784138905,
            0.32173240525908736
        ]
    },
    "vpl": {
        "accu": [
            0.20276988636363635
        ],
        "precision": [
            0.14402173913043478,
            0.1507032819825854,
            0.3068062827225131
        ],
        "recall": [
            0.05430327868852459,
            0.2533783783783784,
            0.3077731092436975
        ],
        "f1": [
            0.07886904761904763,
            0.1889962200755985,
            0.30728893550078656
        ]
    }
}