{
    "wml": {
        "accu": [
            0.6111505681818182
        ],
        "precision": [
            0.5389048991354467,
            0.4758339006126617,
            0.9923430321592649
        ],
        "recall": [
            0.42117117117117114,
            0.7342436974789915,
            0.6639344262295082
        ],
        "f1": [
            0.47281921618204803,
            0.5774473358116481,
            0.7955801104972375
        ]
    },
    "vpl": {
        "accu": [
            0.5482954545454546
        ],
        "precision": [
            0.7117497886728656,
            0.030303030303030304,
            0.438125
        ],
        "recall": [
            0.8627049180327869,
            0.0011261261261261261,
            0.7363445378151261
        ],
        "f1": [
            0.7799907364520612,
            0.002171552660152009,
            0.5493730407523512
        ]
    }
}