,mean_fit_time,std_fit_time,mean_score_time,std_score_time,param_C,params,split0_test_score,split1_test_score,split2_test_score,split3_test_score,split4_test_score,mean_test_score,std_test_score,rank_test_score
0,5.275931024551392,0.09191667921133079,0.34098196029663086,0.0024881095115343362,1,{'C': 1},0.3968321917808219,0.39486081370449677,0.4,0.39785867237687367,0.38715203426124195,0.39534074242468686,0.004417201524532944,3
1,18.141214084625243,0.31169929297171806,0.3394885540008545,0.0013935806681868127,10,{'C': 10},0.3976883561643836,0.39528907922912204,0.4,0.39785867237687367,0.38715203426124195,0.39559762840632423,0.004478562293908205,2
2,107.70489587783814,1.2656572514223874,0.33957719802856445,0.0012986284052346354,100,{'C': 100},0.3972602739726027,0.39528907922912204,0.4004282655246253,0.39785867237687367,0.38715203426124195,0.3955976650728931,0.00453067386016715,1
3,837.3779896259308,17.883031977032378,0.34055705070495607,0.003104316440781432,1000,{'C': 1000},0.3964041095890411,0.3957173447537473,0.39828693790149894,0.3974304068522484,0.3858672376873662,0.39474120735678037,0.004522597146942752,4
